variant_key	VariationID	protein_change	cDNA_change	search_date	search_query	source	PMID	DOI	paper_title	study_type	functional_assay	exact_variant_tested	functional_result	clinical_cases	expert_curation	evidence_summary	evidence_quality	notes
GRCh38:17:43082542:G:C	37576	Leu1407Val	c.4219C>G	2026-08-19	Findlay SGE (MaveDB)	MaveDB			Findlay et al. 2018 (PMID 30209399)	saturation genome editing	saturation genome editing (HDR)	Leu1407Val					HIGH	partial coverage: RING+BRCT domains only
GRCh38:17:43082542:G:C	37576	Leu1407Val	c.4219C>G	2026-08-19	ClinVar esummary	ClinVar				clinical interpretation	NA	NA	NA		Uncertain significance	current=Uncertain significance; review=criteria provided, multiple submitters, no conflicts	MODERATE	
GRCh38:17:43076570:T:C	37591	Asn1468Asp	c.4402A>G	2026-08-19	Findlay SGE (MaveDB)	MaveDB			Findlay et al. 2018 (PMID 30209399)	saturation genome editing	saturation genome editing (HDR)	Asn1468Asp					HIGH	partial coverage: RING+BRCT domains only
GRCh38:17:43076570:T:C	37591	Asn1468Asp	c.4402A>G	2026-08-19	ClinVar esummary	ClinVar				clinical interpretation	NA	NA	NA		Uncertain significance	current=Uncertain significance; review=criteria provided, multiple submitters, no conflicts	MODERATE	
GRCh38:17:43076570:T:C	37591	Asn1468Asp	c.4402A>G	2026-08-19	BRCA1 Asn1468Asp	PubMed	42611417		Hormonal contraceptives and cancer risk in women with a BRCA1 or BRCA2 pathogenic variant.	publication	NA	NA	NA			NA	UNCLEAR	
GRCh38:17:43076570:T:C	37591	Asn1468Asp	c.4402A>G	2026-08-19	BRCA1 Asn1468Asp	PubMed	42610144		AI-driven CRISPR strategies in breast cancer: Organoid modeling, adaptive editing, and precision delivery.	publication	NA	NA	NA			NA	UNCLEAR	
GRCh38:17:43076570:T:C	37591	Asn1468Asp	c.4402A>G	2026-08-19	BRCA1 Asn1468Asp	PubMed	42610096		Alliance A022106: A Phase II/III Trial of Nab-Paclitaxel and Gemcitabine ± Cisplatin as Second-Line Treatment for BRCA1/2 or PALB2 Mutant Metastatic Pancreatic Ductal Adenocarcinoma (PLATINUM).	publication	NA	NA	NA			NA	UNCLEAR	
GRCh38:17:43076570:T:C	37591	Asn1468Asp	c.4402A>G	2026-08-19	BRCA1 Asn1468Asp	PubMed	42609953		Adaptive Surgical Decision-Making for Synchronous Metastatic Pancreatic Cancer and Early Breast Cancer with a BRCA1 Pathogenic Variant: A Case Report.	publication	NA	NA	NA			NA	UNCLEAR	
GRCh38:17:43076570:T:C	37591	Asn1468Asp	c.4402A>G	2026-08-19	BRCA1 Asn1468Asp	PubMed	42609763		An Unusual Presentation of Dermatofibrosarcoma Protuberans (DFSP): The Role of Advanced Molecular Testing in Collagen Type I Alpha 1 Chain (COL1A1)-Negative Cases.	publication	NA	NA	NA			NA	UNCLEAR	
GRCh38:17:43076570:T:C	37591	Asn1468Asp	c.4402A>G	2026-08-19	BRCA1 c.4402A>G	PubMed	42609450		Biomarker testing in advanced or metastatic hormone receptor-positive, human epidermal growth factor receptor 2 negative breast cancer: expert recommendations.	publication	NA	NA	NA			NA	UNCLEAR	
GRCh38:17:43076570:T:C	37591	Asn1468Asp	c.4402A>G	2026-08-19	BRCA1 c.4402A>G	PubMed	42581048		A ubiquitin chain-feeding mechanism for BRCA1-A.	publication	NA	NA	NA			NA	UNCLEAR	
GRCh38:17:43076570:T:C	37591	Asn1468Asp	c.4402A>G	2026-08-19	BRCA1 c.4402A>G	PubMed	42572185		Current Advances of Molecular Biomarkers and Liquid Biopsies Techniques in Ovarian Cancer.	publication	NA	NA	NA			NA	UNCLEAR	
GRCh38:17:43076570:T:C	37591	Asn1468Asp	c.4402A>G	2026-08-19	BRCA1 c.4402A>G	PubMed	42558868		Rewired DDR-TGF-β-β-catenin-PD-L1 axis accelerates progression and shapes therapy in human papillomavirus-driven cancer.	publication	NA	NA	NA			NA	UNCLEAR	
GRCh38:17:43076570:T:C	37591	Asn1468Asp	c.4402A>G	2026-08-19	BRCA1 c.4402A>G	PubMed	42513228		Breast Cancer: Epidemiology, Molecular Classification, Diagnostics and Evolving Treatment Paradigms.	publication	NA	NA	NA			NA	UNCLEAR	
GRCh38:17:43076516:T:A	37593	Ser1486Cys	c.4456A>T	2026-08-19	Findlay SGE (MaveDB)	MaveDB			Findlay et al. 2018 (PMID 30209399)	saturation genome editing	saturation genome editing (HDR)	Ser1486Cys					HIGH	partial coverage: RING+BRCT domains only
GRCh38:17:43076516:T:A	37593	Ser1486Cys	c.4456A>T	2026-08-19	ClinVar esummary	ClinVar				clinical interpretation	NA	NA	NA		Uncertain significance	current=Uncertain significance; review=criteria provided, multiple submitters, no conflicts	MODERATE	
GRCh38:17:43076516:T:A	37593	Ser1486Cys	c.4456A>T	2026-08-19	BRCA1 Ser1486Cys	PubMed	42611417		Hormonal contraceptives and cancer risk in women with a BRCA1 or BRCA2 pathogenic variant.	publication	NA	NA	NA			NA	UNCLEAR	
GRCh38:17:43076516:T:A	37593	Ser1486Cys	c.4456A>T	2026-08-19	BRCA1 Ser1486Cys	PubMed	42610144		AI-driven CRISPR strategies in breast cancer: Organoid modeling, adaptive editing, and precision delivery.	publication	NA	NA	NA			NA	UNCLEAR	
GRCh38:17:43076516:T:A	37593	Ser1486Cys	c.4456A>T	2026-08-19	BRCA1 Ser1486Cys	PubMed	42610096		Alliance A022106: A Phase II/III Trial of Nab-Paclitaxel and Gemcitabine ± Cisplatin as Second-Line Treatment for BRCA1/2 or PALB2 Mutant Metastatic Pancreatic Ductal Adenocarcinoma (PLATINUM).	publication	NA	NA	NA			NA	UNCLEAR	
GRCh38:17:43076516:T:A	37593	Ser1486Cys	c.4456A>T	2026-08-19	BRCA1 Ser1486Cys	PubMed	42609953		Adaptive Surgical Decision-Making for Synchronous Metastatic Pancreatic Cancer and Early Breast Cancer with a BRCA1 Pathogenic Variant: A Case Report.	publication	NA	NA	NA			NA	UNCLEAR	
GRCh38:17:43076516:T:A	37593	Ser1486Cys	c.4456A>T	2026-08-19	BRCA1 Ser1486Cys	PubMed	42609763		An Unusual Presentation of Dermatofibrosarcoma Protuberans (DFSP): The Role of Advanced Molecular Testing in Collagen Type I Alpha 1 Chain (COL1A1)-Negative Cases.	publication	NA	NA	NA			NA	UNCLEAR	
GRCh38:17:43076516:T:A	37593	Ser1486Cys	c.4456A>T	2026-08-19	BRCA1 c.4456A>T	PubMed	42610144		AI-driven CRISPR strategies in breast cancer: Organoid modeling, adaptive editing, and precision delivery.	publication	NA	NA	NA			NA	UNCLEAR	
GRCh38:17:43076516:T:A	37593	Ser1486Cys	c.4456A>T	2026-08-19	BRCA1 c.4456A>T	PubMed	42609450		Biomarker testing in advanced or metastatic hormone receptor-positive, human epidermal growth factor receptor 2 negative breast cancer: expert recommendations.	publication	NA	NA	NA			NA	UNCLEAR	
GRCh38:17:43076516:T:A	37593	Ser1486Cys	c.4456A>T	2026-08-19	BRCA1 c.4456A>T	PubMed	42597706		Germline BRCA1 pathogenic variants and T cell dysfunction.	publication	NA	NA	NA			NA	UNCLEAR	
GRCh38:17:43076516:T:A	37593	Ser1486Cys	c.4456A>T	2026-08-19	BRCA1 c.4456A>T	PubMed	42581048		A ubiquitin chain-feeding mechanism for BRCA1-A.	publication	NA	NA	NA			NA	UNCLEAR	
GRCh38:17:43076516:T:A	37593	Ser1486Cys	c.4456A>T	2026-08-19	BRCA1 c.4456A>T	PubMed	42580462		Mechanistic Insights into Genomic Basis of Crosstalk Between Metabolic Reprogramming and Immune Dysfunction in Ovarian Cancer.	publication	NA	NA	NA			NA	UNCLEAR	
GRCh38:17:43076558:G:A	41824	Leu1472Phe	c.4414C>T	2026-08-19	Findlay SGE (MaveDB)	MaveDB			Findlay et al. 2018 (PMID 30209399)	saturation genome editing	saturation genome editing (HDR)	Leu1472Phe					HIGH	partial coverage: RING+BRCT domains only
GRCh38:17:43076558:G:A	41824	Leu1472Phe	c.4414C>T	2026-08-19	ClinVar esummary	ClinVar				clinical interpretation	NA	NA	NA		Uncertain significance	current=Uncertain significance; review=criteria provided, multiple submitters, no conflicts	MODERATE	
GRCh38:17:43076558:G:A	41824	Leu1472Phe	c.4414C>T	2026-08-19	BRCA1 Leu1472Phe	PubMed	42611417		Hormonal contraceptives and cancer risk in women with a BRCA1 or BRCA2 pathogenic variant.	publication	NA	NA	NA			NA	UNCLEAR	
GRCh38:17:43076558:G:A	41824	Leu1472Phe	c.4414C>T	2026-08-19	BRCA1 Leu1472Phe	PubMed	42610144		AI-driven CRISPR strategies in breast cancer: Organoid modeling, adaptive editing, and precision delivery.	publication	NA	NA	NA			NA	UNCLEAR	
GRCh38:17:43076558:G:A	41824	Leu1472Phe	c.4414C>T	2026-08-19	BRCA1 Leu1472Phe	PubMed	42610096		Alliance A022106: A Phase II/III Trial of Nab-Paclitaxel and Gemcitabine ± Cisplatin as Second-Line Treatment for BRCA1/2 or PALB2 Mutant Metastatic Pancreatic Ductal Adenocarcinoma (PLATINUM).	publication	NA	NA	NA			NA	UNCLEAR	
GRCh38:17:43076558:G:A	41824	Leu1472Phe	c.4414C>T	2026-08-19	BRCA1 Leu1472Phe	PubMed	42609953		Adaptive Surgical Decision-Making for Synchronous Metastatic Pancreatic Cancer and Early Breast Cancer with a BRCA1 Pathogenic Variant: A Case Report.	publication	NA	NA	NA			NA	UNCLEAR	
GRCh38:17:43076558:G:A	41824	Leu1472Phe	c.4414C>T	2026-08-19	BRCA1 Leu1472Phe	PubMed	42609763		An Unusual Presentation of Dermatofibrosarcoma Protuberans (DFSP): The Role of Advanced Molecular Testing in Collagen Type I Alpha 1 Chain (COL1A1)-Negative Cases.	publication	NA	NA	NA			NA	UNCLEAR	
GRCh38:17:43076558:G:A	41824	Leu1472Phe	c.4414C>T	2026-08-19	BRCA1 c.4414C>T	PubMed	42610144		AI-driven CRISPR strategies in breast cancer: Organoid modeling, adaptive editing, and precision delivery.	publication	NA	NA	NA			NA	UNCLEAR	
GRCh38:17:43076558:G:A	41824	Leu1472Phe	c.4414C>T	2026-08-19	BRCA1 c.4414C>T	PubMed	42609450		Biomarker testing in advanced or metastatic hormone receptor-positive, human epidermal growth factor receptor 2 negative breast cancer: expert recommendations.	publication	NA	NA	NA			NA	UNCLEAR	
GRCh38:17:43076558:G:A	41824	Leu1472Phe	c.4414C>T	2026-08-19	BRCA1 c.4414C>T	PubMed	42597706		Germline BRCA1 pathogenic variants and T cell dysfunction.	publication	NA	NA	NA			NA	UNCLEAR	
GRCh38:17:43076558:G:A	41824	Leu1472Phe	c.4414C>T	2026-08-19	BRCA1 c.4414C>T	PubMed	42581048		A ubiquitin chain-feeding mechanism for BRCA1-A.	publication	NA	NA	NA			NA	UNCLEAR	
GRCh38:17:43076558:G:A	41824	Leu1472Phe	c.4414C>T	2026-08-19	BRCA1 c.4414C>T	PubMed	42580462		Mechanistic Insights into Genomic Basis of Crosstalk Between Metabolic Reprogramming and Immune Dysfunction in Ovarian Cancer.	publication	NA	NA	NA			NA	UNCLEAR	
GRCh38:17:43104877:C:G	54724	Gly98Arg	c.292G>C	2026-08-19	Findlay SGE (MaveDB)	MaveDB			Findlay et al. 2018 (PMID 30209399)	saturation genome editing	saturation genome editing (HDR)	Gly98Arg	-0.3784714866047879			-0.3784714866047879	HIGH	partial coverage: RING+BRCT domains only
GRCh38:17:43104877:C:G	54724	Gly98Arg	c.292G>C	2026-08-19	ClinVar esummary	ClinVar				clinical interpretation	NA	NA	NA		Uncertain significance	current=Uncertain significance; review=no assertion criteria provided	MODERATE	
GRCh38:17:43104183:C:T	55012	Ser127Asn	c.380G>A	2026-08-19	Findlay SGE (MaveDB)	MaveDB			Findlay et al. 2018 (PMID 30209399)	saturation genome editing	saturation genome editing (HDR)	Ser127Asn					HIGH	partial coverage: RING+BRCT domains only
GRCh38:17:43104183:C:T	55012	Ser127Asn	c.380G>A	2026-08-19	ClinVar esummary	ClinVar				clinical interpretation	NA	NA	NA		Uncertain significance	current=Uncertain significance; review=criteria provided, multiple submitters, no conflicts	MODERATE	
GRCh38:17:43104183:C:T	55012	Ser127Asn	c.380G>A	2026-08-19	BRCA1 Ser127Asn	PubMed	42611417		Hormonal contraceptives and cancer risk in women with a BRCA1 or BRCA2 pathogenic variant.	publication	NA	NA	NA			NA	UNCLEAR	
GRCh38:17:43104183:C:T	55012	Ser127Asn	c.380G>A	2026-08-19	BRCA1 Ser127Asn	PubMed	42610144		AI-driven CRISPR strategies in breast cancer: Organoid modeling, adaptive editing, and precision delivery.	publication	NA	NA	NA			NA	UNCLEAR	
GRCh38:17:43104183:C:T	55012	Ser127Asn	c.380G>A	2026-08-19	BRCA1 Ser127Asn	PubMed	42610096		Alliance A022106: A Phase II/III Trial of Nab-Paclitaxel and Gemcitabine ± Cisplatin as Second-Line Treatment for BRCA1/2 or PALB2 Mutant Metastatic Pancreatic Ductal Adenocarcinoma (PLATINUM).	publication	NA	NA	NA			NA	UNCLEAR	
GRCh38:17:43104183:C:T	55012	Ser127Asn	c.380G>A	2026-08-19	BRCA1 Ser127Asn	PubMed	42609953		Adaptive Surgical Decision-Making for Synchronous Metastatic Pancreatic Cancer and Early Breast Cancer with a BRCA1 Pathogenic Variant: A Case Report.	publication	NA	NA	NA			NA	UNCLEAR	
GRCh38:17:43104183:C:T	55012	Ser127Asn	c.380G>A	2026-08-19	BRCA1 Ser127Asn	PubMed	42609763		An Unusual Presentation of Dermatofibrosarcoma Protuberans (DFSP): The Role of Advanced Molecular Testing in Collagen Type I Alpha 1 Chain (COL1A1)-Negative Cases.	publication	NA	NA	NA			NA	UNCLEAR	
GRCh38:17:43090957:A:G	55123	Ile1391Thr	c.4172T>C	2026-08-19	Findlay SGE (MaveDB)	MaveDB			Findlay et al. 2018 (PMID 30209399)	saturation genome editing	saturation genome editing (HDR)	Ile1391Thr					HIGH	partial coverage: RING+BRCT domains only
GRCh38:17:43090957:A:G	55123	Ile1391Thr	c.4172T>C	2026-08-19	ClinVar esummary	ClinVar				clinical interpretation	NA	NA	NA		Uncertain significance	current=Uncertain significance; review=criteria provided, multiple submitters, no conflicts	MODERATE	
GRCh38:17:43090957:A:G	55123	Ile1391Thr	c.4172T>C	2026-08-19	BRCA1 Ile1391Thr	PubMed	42611417		Hormonal contraceptives and cancer risk in women with a BRCA1 or BRCA2 pathogenic variant.	publication	NA	NA	NA			NA	UNCLEAR	
GRCh38:17:43090957:A:G	55123	Ile1391Thr	c.4172T>C	2026-08-19	BRCA1 Ile1391Thr	PubMed	42610144		AI-driven CRISPR strategies in breast cancer: Organoid modeling, adaptive editing, and precision delivery.	publication	NA	NA	NA			NA	UNCLEAR	
GRCh38:17:43090957:A:G	55123	Ile1391Thr	c.4172T>C	2026-08-19	BRCA1 Ile1391Thr	PubMed	42610096		Alliance A022106: A Phase II/III Trial of Nab-Paclitaxel and Gemcitabine ± Cisplatin as Second-Line Treatment for BRCA1/2 or PALB2 Mutant Metastatic Pancreatic Ductal Adenocarcinoma (PLATINUM).	publication	NA	NA	NA			NA	UNCLEAR	
GRCh38:17:43090957:A:G	55123	Ile1391Thr	c.4172T>C	2026-08-19	BRCA1 Ile1391Thr	PubMed	42609953		Adaptive Surgical Decision-Making for Synchronous Metastatic Pancreatic Cancer and Early Breast Cancer with a BRCA1 Pathogenic Variant: A Case Report.	publication	NA	NA	NA			NA	UNCLEAR	
GRCh38:17:43090957:A:G	55123	Ile1391Thr	c.4172T>C	2026-08-19	BRCA1 Ile1391Thr	PubMed	42609763		An Unusual Presentation of Dermatofibrosarcoma Protuberans (DFSP): The Role of Advanced Molecular Testing in Collagen Type I Alpha 1 Chain (COL1A1)-Negative Cases.	publication	NA	NA	NA			NA	UNCLEAR	
GRCh38:17:43090957:A:G	55123	Ile1391Thr	c.4172T>C	2026-08-19	BRCA1 c.4172T>C	PubMed	42609450		Biomarker testing in advanced or metastatic hormone receptor-positive, human epidermal growth factor receptor 2 negative breast cancer: expert recommendations.	publication	NA	NA	NA			NA	UNCLEAR	
GRCh38:17:43090957:A:G	55123	Ile1391Thr	c.4172T>C	2026-08-19	BRCA1 c.4172T>C	PubMed	42584742		Real-world clinical outcomes of patients with early-stage TNBC and BRCAm who were treated with adjuvant capecitabine in the United States.	publication	NA	NA	NA			NA	UNCLEAR	
GRCh38:17:43090957:A:G	55123	Ile1391Thr	c.4172T>C	2026-08-19	BRCA1 c.4172T>C	PubMed	42580099		Chemotherapy type and survival in young BRCA1/2 carriers with HER2-negative early breast cancer.	publication	NA	NA	NA			NA	UNCLEAR	
GRCh38:17:43090957:A:G	55123	Ile1391Thr	c.4172T>C	2026-08-19	BRCA1 c.4172T>C	PubMed	42560601		BRCA1-derived peptide constructs exhibit sequence-dependent features compatible with modulation of the p53-MDM2 axis.	publication	NA	NA	NA			NA	UNCLEAR	
GRCh38:17:43090957:A:G	55123	Ile1391Thr	c.4172T>C	2026-08-19	BRCA1 c.4172T>C	PubMed	42524928		Whole-genome sequencing in Brazilian patients with neurofibromatosis type 1, including novel variants, incidental findings, and dual diagnoses.	publication	NA	NA	NA			NA	UNCLEAR	
GRCh38:17:43082556:T:C	55141	His1402Arg	c.4205A>G	2026-08-19	Findlay SGE (MaveDB)	MaveDB			Findlay et al. 2018 (PMID 30209399)	saturation genome editing	saturation genome editing (HDR)	His1402Arg					HIGH	partial coverage: RING+BRCT domains only
GRCh38:17:43082556:T:C	55141	His1402Arg	c.4205A>G	2026-08-19	ClinVar esummary	ClinVar				clinical interpretation	NA	NA	NA		Uncertain significance	current=Uncertain significance; review=criteria provided, multiple submitters, no conflicts	MODERATE	
GRCh38:17:43082556:T:C	55141	His1402Arg	c.4205A>G	2026-08-19	BRCA1 His1402Arg	PubMed	42611417		Hormonal contraceptives and cancer risk in women with a BRCA1 or BRCA2 pathogenic variant.	publication	NA	NA	NA			NA	UNCLEAR	
GRCh38:17:43082556:T:C	55141	His1402Arg	c.4205A>G	2026-08-19	BRCA1 His1402Arg	PubMed	42610144		AI-driven CRISPR strategies in breast cancer: Organoid modeling, adaptive editing, and precision delivery.	publication	NA	NA	NA			NA	UNCLEAR	
GRCh38:17:43082556:T:C	55141	His1402Arg	c.4205A>G	2026-08-19	BRCA1 His1402Arg	PubMed	42610096		Alliance A022106: A Phase II/III Trial of Nab-Paclitaxel and Gemcitabine ± Cisplatin as Second-Line Treatment for BRCA1/2 or PALB2 Mutant Metastatic Pancreatic Ductal Adenocarcinoma (PLATINUM).	publication	NA	NA	NA			NA	UNCLEAR	
GRCh38:17:43082556:T:C	55141	His1402Arg	c.4205A>G	2026-08-19	BRCA1 His1402Arg	PubMed	42609953		Adaptive Surgical Decision-Making for Synchronous Metastatic Pancreatic Cancer and Early Breast Cancer with a BRCA1 Pathogenic Variant: A Case Report.	publication	NA	NA	NA			NA	UNCLEAR	
GRCh38:17:43082556:T:C	55141	His1402Arg	c.4205A>G	2026-08-19	BRCA1 His1402Arg	PubMed	42609763		An Unusual Presentation of Dermatofibrosarcoma Protuberans (DFSP): The Role of Advanced Molecular Testing in Collagen Type I Alpha 1 Chain (COL1A1)-Negative Cases.	publication	NA	NA	NA			NA	UNCLEAR	
GRCh38:17:43082556:T:C	55141	His1402Arg	c.4205A>G	2026-08-19	BRCA1 c.4205A>G	PubMed	42609450		Biomarker testing in advanced or metastatic hormone receptor-positive, human epidermal growth factor receptor 2 negative breast cancer: expert recommendations.	publication	NA	NA	NA			NA	UNCLEAR	
GRCh38:17:43082556:T:C	55141	His1402Arg	c.4205A>G	2026-08-19	BRCA1 c.4205A>G	PubMed	42581048		A ubiquitin chain-feeding mechanism for BRCA1-A.	publication	NA	NA	NA			NA	UNCLEAR	
GRCh38:17:43082556:T:C	55141	His1402Arg	c.4205A>G	2026-08-19	BRCA1 c.4205A>G	PubMed	42572185		Current Advances of Molecular Biomarkers and Liquid Biopsies Techniques in Ovarian Cancer.	publication	NA	NA	NA			NA	UNCLEAR	
GRCh38:17:43082556:T:C	55141	His1402Arg	c.4205A>G	2026-08-19	BRCA1 c.4205A>G	PubMed	42558868		Rewired DDR-TGF-β-β-catenin-PD-L1 axis accelerates progression and shapes therapy in human papillomavirus-driven cancer.	publication	NA	NA	NA			NA	UNCLEAR	
GRCh38:17:43082556:T:C	55141	His1402Arg	c.4205A>G	2026-08-19	BRCA1 c.4205A>G	PubMed	42513228		Breast Cancer: Epidemiology, Molecular Classification, Diagnostics and Evolving Treatment Paradigms.	publication	NA	NA	NA			NA	UNCLEAR	
GRCh38:17:43082541:A:G	55144	Leu1407Pro	c.4220T>C	2026-08-19	Findlay SGE (MaveDB)	MaveDB			Findlay et al. 2018 (PMID 30209399)	saturation genome editing	saturation genome editing (HDR)	Leu1407Pro					HIGH	partial coverage: RING+BRCT domains only
GRCh38:17:43082541:A:G	55144	Leu1407Pro	c.4220T>C	2026-08-19	ClinVar esummary	ClinVar				clinical interpretation	NA	NA	NA		Uncertain significance	current=Uncertain significance; review=criteria provided, multiple submitters, no conflicts	MODERATE	
GRCh38:17:43076593:C:T	55185	Ser1460Asn	c.4379G>A	2026-08-19	Findlay SGE (MaveDB)	MaveDB			Findlay et al. 2018 (PMID 30209399)	saturation genome editing	saturation genome editing (HDR)	Ser1460Asn					HIGH	partial coverage: RING+BRCT domains only
GRCh38:17:43076593:C:T	55185	Ser1460Asn	c.4379G>A	2026-08-19	ClinVar esummary	ClinVar				clinical interpretation	NA	NA	NA		Uncertain significance	current=Uncertain significance; review=criteria provided, multiple submitters, no conflicts	MODERATE	
GRCh38:17:43076593:C:T	55185	Ser1460Asn	c.4379G>A	2026-08-19	BRCA1 Ser1460Asn	PubMed	42611417		Hormonal contraceptives and cancer risk in women with a BRCA1 or BRCA2 pathogenic variant.	publication	NA	NA	NA			NA	UNCLEAR	
GRCh38:17:43076593:C:T	55185	Ser1460Asn	c.4379G>A	2026-08-19	BRCA1 Ser1460Asn	PubMed	42610144		AI-driven CRISPR strategies in breast cancer: Organoid modeling, adaptive editing, and precision delivery.	publication	NA	NA	NA			NA	UNCLEAR	
GRCh38:17:43076593:C:T	55185	Ser1460Asn	c.4379G>A	2026-08-19	BRCA1 Ser1460Asn	PubMed	42610096		Alliance A022106: A Phase II/III Trial of Nab-Paclitaxel and Gemcitabine ± Cisplatin as Second-Line Treatment for BRCA1/2 or PALB2 Mutant Metastatic Pancreatic Ductal Adenocarcinoma (PLATINUM).	publication	NA	NA	NA			NA	UNCLEAR	
GRCh38:17:43076593:C:T	55185	Ser1460Asn	c.4379G>A	2026-08-19	BRCA1 Ser1460Asn	PubMed	42609953		Adaptive Surgical Decision-Making for Synchronous Metastatic Pancreatic Cancer and Early Breast Cancer with a BRCA1 Pathogenic Variant: A Case Report.	publication	NA	NA	NA			NA	UNCLEAR	
GRCh38:17:43076593:C:T	55185	Ser1460Asn	c.4379G>A	2026-08-19	BRCA1 Ser1460Asn	PubMed	42609763		An Unusual Presentation of Dermatofibrosarcoma Protuberans (DFSP): The Role of Advanced Molecular Testing in Collagen Type I Alpha 1 Chain (COL1A1)-Negative Cases.	publication	NA	NA	NA			NA	UNCLEAR	
GRCh38:17:43076593:C:T	55185	Ser1460Asn	c.4379G>A	2026-08-19	BRCA1 c.4379G>A	PubMed	42611417		Hormonal contraceptives and cancer risk in women with a BRCA1 or BRCA2 pathogenic variant.	publication	NA	NA	NA			NA	UNCLEAR	
GRCh38:17:43076593:C:T	55185	Ser1460Asn	c.4379G>A	2026-08-19	BRCA1 c.4379G>A	PubMed	42610144		AI-driven CRISPR strategies in breast cancer: Organoid modeling, adaptive editing, and precision delivery.	publication	NA	NA	NA			NA	UNCLEAR	
GRCh38:17:43076593:C:T	55185	Ser1460Asn	c.4379G>A	2026-08-19	BRCA1 c.4379G>A	PubMed	42610096		Alliance A022106: A Phase II/III Trial of Nab-Paclitaxel and Gemcitabine ± Cisplatin as Second-Line Treatment for BRCA1/2 or PALB2 Mutant Metastatic Pancreatic Ductal Adenocarcinoma (PLATINUM).	publication	NA	NA	NA			NA	UNCLEAR	
GRCh38:17:43076593:C:T	55185	Ser1460Asn	c.4379G>A	2026-08-19	BRCA1 c.4379G>A	PubMed	42609953		Adaptive Surgical Decision-Making for Synchronous Metastatic Pancreatic Cancer and Early Breast Cancer with a BRCA1 Pathogenic Variant: A Case Report.	publication	NA	NA	NA			NA	UNCLEAR	
GRCh38:17:43076593:C:T	55185	Ser1460Asn	c.4379G>A	2026-08-19	BRCA1 c.4379G>A	PubMed	42609763		An Unusual Presentation of Dermatofibrosarcoma Protuberans (DFSP): The Role of Advanced Molecular Testing in Collagen Type I Alpha 1 Chain (COL1A1)-Negative Cases.	publication	NA	NA	NA			NA	UNCLEAR	
GRCh38:17:43076512:T:C	55206	Lys1487Arg	c.4460A>G	2026-08-19	Findlay SGE (MaveDB)	MaveDB			Findlay et al. 2018 (PMID 30209399)	saturation genome editing	saturation genome editing (HDR)	Lys1487Arg					HIGH	partial coverage: RING+BRCT domains only
GRCh38:17:43076512:T:C	55206	Lys1487Arg	c.4460A>G	2026-08-19	ClinVar esummary	ClinVar				clinical interpretation	NA	NA	NA		Uncertain significance	current=Uncertain significance; review=criteria provided, multiple submitters, no conflicts	MODERATE	
GRCh38:17:43076501:G:C	55207	Pro1491Ala	c.4471C>G	2026-08-19	Findlay SGE (MaveDB)	MaveDB			Findlay et al. 2018 (PMID 30209399)	saturation genome editing	saturation genome editing (HDR)	Pro1491Ala					HIGH	partial coverage: RING+BRCT domains only
GRCh38:17:43076501:G:C	55207	Pro1491Ala	c.4471C>G	2026-08-19	ClinVar esummary	ClinVar				clinical interpretation	NA	NA	NA		Uncertain significance	current=Uncertain significance; review=criteria provided, multiple submitters, no conflicts	MODERATE	
GRCh38:17:43071229:G:A	55261	Pro1562Leu	c.4685C>T	2026-08-19	Findlay SGE (MaveDB)	MaveDB			Findlay et al. 2018 (PMID 30209399)	saturation genome editing	saturation genome editing (HDR)	Pro1562Leu					HIGH	partial coverage: RING+BRCT domains only
GRCh38:17:43071229:G:A	55261	Pro1562Leu	c.4685C>T	2026-08-19	ClinVar esummary	ClinVar				clinical interpretation	NA	NA	NA		Uncertain significance	current=Uncertain significance; review=criteria provided, single submitter	MODERATE	
GRCh38:17:43071229:G:A	55261	Pro1562Leu	c.4685C>T	2026-08-19	BRCA1 Pro1562Leu	PubMed	42611417		Hormonal contraceptives and cancer risk in women with a BRCA1 or BRCA2 pathogenic variant.	publication	NA	NA	NA			NA	UNCLEAR	
GRCh38:17:43071229:G:A	55261	Pro1562Leu	c.4685C>T	2026-08-19	BRCA1 Pro1562Leu	PubMed	42610144		AI-driven CRISPR strategies in breast cancer: Organoid modeling, adaptive editing, and precision delivery.	publication	NA	NA	NA			NA	UNCLEAR	
GRCh38:17:43071229:G:A	55261	Pro1562Leu	c.4685C>T	2026-08-19	BRCA1 Pro1562Leu	PubMed	42610096		Alliance A022106: A Phase II/III Trial of Nab-Paclitaxel and Gemcitabine ± Cisplatin as Second-Line Treatment for BRCA1/2 or PALB2 Mutant Metastatic Pancreatic Ductal Adenocarcinoma (PLATINUM).	publication	NA	NA	NA			NA	UNCLEAR	
GRCh38:17:43071229:G:A	55261	Pro1562Leu	c.4685C>T	2026-08-19	BRCA1 Pro1562Leu	PubMed	42609953		Adaptive Surgical Decision-Making for Synchronous Metastatic Pancreatic Cancer and Early Breast Cancer with a BRCA1 Pathogenic Variant: A Case Report.	publication	NA	NA	NA			NA	UNCLEAR	
GRCh38:17:43071229:G:A	55261	Pro1562Leu	c.4685C>T	2026-08-19	BRCA1 Pro1562Leu	PubMed	42609763		An Unusual Presentation of Dermatofibrosarcoma Protuberans (DFSP): The Role of Advanced Molecular Testing in Collagen Type I Alpha 1 Chain (COL1A1)-Negative Cases.	publication	NA	NA	NA			NA	UNCLEAR	
GRCh38:17:43071229:G:A	55261	Pro1562Leu	c.4685C>T	2026-08-19	BRCA1 c.4685C>T	PubMed	42610144		AI-driven CRISPR strategies in breast cancer: Organoid modeling, adaptive editing, and precision delivery.	publication	NA	NA	NA			NA	UNCLEAR	
GRCh38:17:43071229:G:A	55261	Pro1562Leu	c.4685C>T	2026-08-19	BRCA1 c.4685C>T	PubMed	42609450		Biomarker testing in advanced or metastatic hormone receptor-positive, human epidermal growth factor receptor 2 negative breast cancer: expert recommendations.	publication	NA	NA	NA			NA	UNCLEAR	
GRCh38:17:43071229:G:A	55261	Pro1562Leu	c.4685C>T	2026-08-19	BRCA1 c.4685C>T	PubMed	42597706		Germline BRCA1 pathogenic variants and T cell dysfunction.	publication	NA	NA	NA			NA	UNCLEAR	
GRCh38:17:43071229:G:A	55261	Pro1562Leu	c.4685C>T	2026-08-19	BRCA1 c.4685C>T	PubMed	42581048		A ubiquitin chain-feeding mechanism for BRCA1-A.	publication	NA	NA	NA			NA	UNCLEAR	
GRCh38:17:43071229:G:A	55261	Pro1562Leu	c.4685C>T	2026-08-19	BRCA1 c.4685C>T	PubMed	42580462		Mechanistic Insights into Genomic Basis of Crosstalk Between Metabolic Reprogramming and Immune Dysfunction in Ovarian Cancer.	publication	NA	NA	NA			NA	UNCLEAR	
GRCh38:17:43070962:G:A	55330	Ser1651Phe	c.4952C>T	2026-08-19	Findlay SGE (MaveDB)	MaveDB			Findlay et al. 2018 (PMID 30209399)	saturation genome editing	saturation genome editing (HDR)	Ser1651Phe	-0.6317969139302211			-0.6317969139302211	HIGH	partial coverage: RING+BRCT domains only
GRCh38:17:43070962:G:A	55330	Ser1651Phe	c.4952C>T	2026-08-19	ClinVar esummary	ClinVar				clinical interpretation	NA	NA	NA		Uncertain significance	current=Uncertain significance; review=criteria provided, multiple submitters, no conflicts	MODERATE	
GRCh38:17:43070962:G:A	55330	Ser1651Phe	c.4952C>T	2026-08-19	BRCA1 Ser1651Phe	PubMed	42611417		Hormonal contraceptives and cancer risk in women with a BRCA1 or BRCA2 pathogenic variant.	publication	NA	NA	NA			NA	UNCLEAR	
GRCh38:17:43070962:G:A	55330	Ser1651Phe	c.4952C>T	2026-08-19	BRCA1 Ser1651Phe	PubMed	42610144		AI-driven CRISPR strategies in breast cancer: Organoid modeling, adaptive editing, and precision delivery.	publication	NA	NA	NA			NA	UNCLEAR	
GRCh38:17:43070962:G:A	55330	Ser1651Phe	c.4952C>T	2026-08-19	BRCA1 Ser1651Phe	PubMed	42610096		Alliance A022106: A Phase II/III Trial of Nab-Paclitaxel and Gemcitabine ± Cisplatin as Second-Line Treatment for BRCA1/2 or PALB2 Mutant Metastatic Pancreatic Ductal Adenocarcinoma (PLATINUM).	publication	NA	NA	NA			NA	UNCLEAR	
GRCh38:17:43070962:G:A	55330	Ser1651Phe	c.4952C>T	2026-08-19	BRCA1 Ser1651Phe	PubMed	42609953		Adaptive Surgical Decision-Making for Synchronous Metastatic Pancreatic Cancer and Early Breast Cancer with a BRCA1 Pathogenic Variant: A Case Report.	publication	NA	NA	NA			NA	UNCLEAR	
GRCh38:17:43070962:G:A	55330	Ser1651Phe	c.4952C>T	2026-08-19	BRCA1 Ser1651Phe	PubMed	42609763		An Unusual Presentation of Dermatofibrosarcoma Protuberans (DFSP): The Role of Advanced Molecular Testing in Collagen Type I Alpha 1 Chain (COL1A1)-Negative Cases.	publication	NA	NA	NA			NA	UNCLEAR	
GRCh38:17:43070962:G:A	55330	Ser1651Phe	c.4952C>T	2026-08-19	BRCA1 c.4952C>T	PubMed	42610144		AI-driven CRISPR strategies in breast cancer: Organoid modeling, adaptive editing, and precision delivery.	publication	NA	NA	NA			NA	UNCLEAR	
GRCh38:17:43070962:G:A	55330	Ser1651Phe	c.4952C>T	2026-08-19	BRCA1 c.4952C>T	PubMed	42609450		Biomarker testing in advanced or metastatic hormone receptor-positive, human epidermal growth factor receptor 2 negative breast cancer: expert recommendations.	publication	NA	NA	NA			NA	UNCLEAR	
GRCh38:17:43070962:G:A	55330	Ser1651Phe	c.4952C>T	2026-08-19	BRCA1 c.4952C>T	PubMed	42597706		Germline BRCA1 pathogenic variants and T cell dysfunction.	publication	NA	NA	NA			NA	UNCLEAR	
GRCh38:17:43070962:G:A	55330	Ser1651Phe	c.4952C>T	2026-08-19	BRCA1 c.4952C>T	PubMed	42581048		A ubiquitin chain-feeding mechanism for BRCA1-A.	publication	NA	NA	NA			NA	UNCLEAR	
GRCh38:17:43070962:G:A	55330	Ser1651Phe	c.4952C>T	2026-08-19	BRCA1 c.4952C>T	PubMed	42580462		Mechanistic Insights into Genomic Basis of Crosstalk Between Metabolic Reprogramming and Immune Dysfunction in Ovarian Cancer.	publication	NA	NA	NA			NA	UNCLEAR	
GRCh38:17:43049164:C:T	55551	Gly1788Asp	c.5363G>A	2026-08-19	Findlay SGE (MaveDB)	MaveDB			Findlay et al. 2018 (PMID 30209399)	saturation genome editing	saturation genome editing (HDR)	Gly1788Asp	-0.693108211684985			-0.693108211684985	HIGH	partial coverage: RING+BRCT domains only
GRCh38:17:43049164:C:T	55551	Gly1788Asp	c.5363G>A	2026-08-19	ClinVar esummary	ClinVar				clinical interpretation	NA	NA	NA		Uncertain significance	current=Uncertain significance; review=reviewed by expert panel	HIGH	
GRCh38:17:43049164:C:T	55551	Gly1788Asp	c.5363G>A	2026-08-19	BRCA1 Gly1788Asp	PubMed	32042831		In silico analysis for determining the deleterious nonsynonymous single nucleotide polymorphisms of BRCA genes.	publication	NA	NA	NA			NA	UNCLEAR	
GRCh38:17:43049164:C:T	55551	Gly1788Asp	c.5363G>A	2026-08-19	BRCA1 c.5363G>A	PubMed	42611417		Hormonal contraceptives and cancer risk in women with a BRCA1 or BRCA2 pathogenic variant.	publication	NA	NA	NA			NA	UNCLEAR	
GRCh38:17:43049164:C:T	55551	Gly1788Asp	c.5363G>A	2026-08-19	BRCA1 c.5363G>A	PubMed	42610144		AI-driven CRISPR strategies in breast cancer: Organoid modeling, adaptive editing, and precision delivery.	publication	NA	NA	NA			NA	UNCLEAR	
GRCh38:17:43049164:C:T	55551	Gly1788Asp	c.5363G>A	2026-08-19	BRCA1 c.5363G>A	PubMed	42610096		Alliance A022106: A Phase II/III Trial of Nab-Paclitaxel and Gemcitabine ± Cisplatin as Second-Line Treatment for BRCA1/2 or PALB2 Mutant Metastatic Pancreatic Ductal Adenocarcinoma (PLATINUM).	publication	NA	NA	NA			NA	UNCLEAR	
GRCh38:17:43049164:C:T	55551	Gly1788Asp	c.5363G>A	2026-08-19	BRCA1 c.5363G>A	PubMed	42609953		Adaptive Surgical Decision-Making for Synchronous Metastatic Pancreatic Cancer and Early Breast Cancer with a BRCA1 Pathogenic Variant: A Case Report.	publication	NA	NA	NA			NA	UNCLEAR	
GRCh38:17:43049164:C:T	55551	Gly1788Asp	c.5363G>A	2026-08-19	BRCA1 c.5363G>A	PubMed	42609763		An Unusual Presentation of Dermatofibrosarcoma Protuberans (DFSP): The Role of Advanced Molecular Testing in Collagen Type I Alpha 1 Chain (COL1A1)-Negative Cases.	publication	NA	NA	NA			NA	UNCLEAR	
GRCh38:17:43124024:G:T	55684	Pro25Thr	c.73C>A	2026-08-19	Findlay SGE (MaveDB)	MaveDB			Findlay et al. 2018 (PMID 30209399)	saturation genome editing	saturation genome editing (HDR)	Pro25Thr	-0.194290415479458			-0.194290415479458	HIGH	partial coverage: RING+BRCT domains only
GRCh38:17:43124024:G:T	55684	Pro25Thr	c.73C>A	2026-08-19	ClinVar esummary	ClinVar				clinical interpretation	NA	NA	NA		Uncertain significance	current=Uncertain significance; review=criteria provided, multiple submitters, no conflicts	MODERATE	
GRCh38:17:43124024:G:T	55684	Pro25Thr	c.73C>A	2026-08-19	BRCA1 Pro25Thr	PubMed	42611417		Hormonal contraceptives and cancer risk in women with a BRCA1 or BRCA2 pathogenic variant.	publication	NA	NA	NA			NA	UNCLEAR	
GRCh38:17:43124024:G:T	55684	Pro25Thr	c.73C>A	2026-08-19	BRCA1 Pro25Thr	PubMed	42610144		AI-driven CRISPR strategies in breast cancer: Organoid modeling, adaptive editing, and precision delivery.	publication	NA	NA	NA			NA	UNCLEAR	
GRCh38:17:43124024:G:T	55684	Pro25Thr	c.73C>A	2026-08-19	BRCA1 Pro25Thr	PubMed	42610096		Alliance A022106: A Phase II/III Trial of Nab-Paclitaxel and Gemcitabine ± Cisplatin as Second-Line Treatment for BRCA1/2 or PALB2 Mutant Metastatic Pancreatic Ductal Adenocarcinoma (PLATINUM).	publication	NA	NA	NA			NA	UNCLEAR	
GRCh38:17:43124024:G:T	55684	Pro25Thr	c.73C>A	2026-08-19	BRCA1 Pro25Thr	PubMed	42609953		Adaptive Surgical Decision-Making for Synchronous Metastatic Pancreatic Cancer and Early Breast Cancer with a BRCA1 Pathogenic Variant: A Case Report.	publication	NA	NA	NA			NA	UNCLEAR	
GRCh38:17:43124024:G:T	55684	Pro25Thr	c.73C>A	2026-08-19	BRCA1 Pro25Thr	PubMed	42609763		An Unusual Presentation of Dermatofibrosarcoma Protuberans (DFSP): The Role of Advanced Molecular Testing in Collagen Type I Alpha 1 Chain (COL1A1)-Negative Cases.	publication	NA	NA	NA			NA	UNCLEAR	
GRCh38:17:43104224:G:C	89058	Asn113Lys	c.339C>G	2026-08-19	Findlay SGE (MaveDB)	MaveDB			Findlay et al. 2018 (PMID 30209399)	saturation genome editing	saturation genome editing (HDR)	Asn113Lys					HIGH	partial coverage: RING+BRCT domains only
GRCh38:17:43104224:G:C	89058	Asn113Lys	c.339C>G	2026-08-19	ClinVar esummary	ClinVar				clinical interpretation	NA	NA	NA		Uncertain significance	current=Uncertain significance; review=criteria provided, multiple submitters, no conflicts	MODERATE	
GRCh38:17:43104166:G:T	91619	Arg133Ser	c.397C>A	2026-08-19	Findlay SGE (MaveDB)	MaveDB			Findlay et al. 2018 (PMID 30209399)	saturation genome editing	saturation genome editing (HDR)	Arg133Ser					HIGH	partial coverage: RING+BRCT domains only
GRCh38:17:43104166:G:T	91619	Arg133Ser	c.397C>A	2026-08-19	ClinVar esummary	ClinVar				clinical interpretation	NA	NA	NA		Uncertain significance	current=Uncertain significance; review=criteria provided, single submitter	MODERATE	
GRCh38:17:43104166:G:T	91619	Arg133Ser	c.397C>A	2026-08-19	BRCA1 Arg133Ser	PubMed	42611417		Hormonal contraceptives and cancer risk in women with a BRCA1 or BRCA2 pathogenic variant.	publication	NA	NA	NA			NA	UNCLEAR	
GRCh38:17:43104166:G:T	91619	Arg133Ser	c.397C>A	2026-08-19	BRCA1 Arg133Ser	PubMed	42610144		AI-driven CRISPR strategies in breast cancer: Organoid modeling, adaptive editing, and precision delivery.	publication	NA	NA	NA			NA	UNCLEAR	
GRCh38:17:43104166:G:T	91619	Arg133Ser	c.397C>A	2026-08-19	BRCA1 Arg133Ser	PubMed	42610096		Alliance A022106: A Phase II/III Trial of Nab-Paclitaxel and Gemcitabine ± Cisplatin as Second-Line Treatment for BRCA1/2 or PALB2 Mutant Metastatic Pancreatic Ductal Adenocarcinoma (PLATINUM).	publication	NA	NA	NA			NA	UNCLEAR	
GRCh38:17:43104166:G:T	91619	Arg133Ser	c.397C>A	2026-08-19	BRCA1 Arg133Ser	PubMed	42609953		Adaptive Surgical Decision-Making for Synchronous Metastatic Pancreatic Cancer and Early Breast Cancer with a BRCA1 Pathogenic Variant: A Case Report.	publication	NA	NA	NA			NA	UNCLEAR	
GRCh38:17:43104166:G:T	91619	Arg133Ser	c.397C>A	2026-08-19	BRCA1 Arg133Ser	PubMed	42609763		An Unusual Presentation of Dermatofibrosarcoma Protuberans (DFSP): The Role of Advanced Molecular Testing in Collagen Type I Alpha 1 Chain (COL1A1)-Negative Cases.	publication	NA	NA	NA			NA	UNCLEAR	
GRCh38:17:43104879:G:C	96909	Thr97Arg	c.290C>G	2026-08-19	Findlay SGE (MaveDB)	MaveDB			Findlay et al. 2018 (PMID 30209399)	saturation genome editing	saturation genome editing (HDR)	Thr97Arg	-1.02382358502105			-1.02382358502105	HIGH	partial coverage: RING+BRCT domains only
GRCh38:17:43104879:G:C	96909	Thr97Arg	c.290C>G	2026-08-19	ClinVar esummary	ClinVar				clinical interpretation	NA	NA	NA		Uncertain significance	current=Uncertain significance; review=criteria provided, multiple submitters, no conflicts	MODERATE	
GRCh38:17:43104879:G:C	96909	Thr97Arg	c.290C>G	2026-08-19	BRCA1 Thr97Arg	PubMed	42611417		Hormonal contraceptives and cancer risk in women with a BRCA1 or BRCA2 pathogenic variant.	publication	NA	NA	NA			NA	UNCLEAR	
GRCh38:17:43104879:G:C	96909	Thr97Arg	c.290C>G	2026-08-19	BRCA1 Thr97Arg	PubMed	42610144		AI-driven CRISPR strategies in breast cancer: Organoid modeling, adaptive editing, and precision delivery.	publication	NA	NA	NA			NA	UNCLEAR	
GRCh38:17:43104879:G:C	96909	Thr97Arg	c.290C>G	2026-08-19	BRCA1 Thr97Arg	PubMed	42610096		Alliance A022106: A Phase II/III Trial of Nab-Paclitaxel and Gemcitabine ± Cisplatin as Second-Line Treatment for BRCA1/2 or PALB2 Mutant Metastatic Pancreatic Ductal Adenocarcinoma (PLATINUM).	publication	NA	NA	NA			NA	UNCLEAR	
GRCh38:17:43104879:G:C	96909	Thr97Arg	c.290C>G	2026-08-19	BRCA1 Thr97Arg	PubMed	42609953		Adaptive Surgical Decision-Making for Synchronous Metastatic Pancreatic Cancer and Early Breast Cancer with a BRCA1 Pathogenic Variant: A Case Report.	publication	NA	NA	NA			NA	UNCLEAR	
GRCh38:17:43104879:G:C	96909	Thr97Arg	c.290C>G	2026-08-19	BRCA1 Thr97Arg	PubMed	42609763		An Unusual Presentation of Dermatofibrosarcoma Protuberans (DFSP): The Role of Advanced Molecular Testing in Collagen Type I Alpha 1 Chain (COL1A1)-Negative Cases.	publication	NA	NA	NA			NA	UNCLEAR	
GRCh38:17:43104879:G:C	96909	Thr97Arg	c.290C>G	2026-08-19	BRCA1 c.290C>G	PubMed	42609450		Biomarker testing in advanced or metastatic hormone receptor-positive, human epidermal growth factor receptor 2 negative breast cancer: expert recommendations.	publication	NA	NA	NA			NA	UNCLEAR	
GRCh38:17:43104879:G:C	96909	Thr97Arg	c.290C>G	2026-08-19	BRCA1 c.290C>G	PubMed	42581048		A ubiquitin chain-feeding mechanism for BRCA1-A.	publication	NA	NA	NA			NA	UNCLEAR	
GRCh38:17:43104879:G:C	96909	Thr97Arg	c.290C>G	2026-08-19	BRCA1 c.290C>G	PubMed	42572185		Current Advances of Molecular Biomarkers and Liquid Biopsies Techniques in Ovarian Cancer.	publication	NA	NA	NA			NA	UNCLEAR	
GRCh38:17:43104879:G:C	96909	Thr97Arg	c.290C>G	2026-08-19	BRCA1 c.290C>G	PubMed	42558868		Rewired DDR-TGF-β-β-catenin-PD-L1 axis accelerates progression and shapes therapy in human papillomavirus-driven cancer.	publication	NA	NA	NA			NA	UNCLEAR	
GRCh38:17:43104879:G:C	96909	Thr97Arg	c.290C>G	2026-08-19	BRCA1 c.290C>G	PubMed	42513228		Breast Cancer: Epidemiology, Molecular Classification, Diagnostics and Evolving Treatment Paradigms.	publication	NA	NA	NA			NA	UNCLEAR	
GRCh38:17:43076589:A:T	96932	Ser1461Arg	c.4383T>A	2026-08-19	Findlay SGE (MaveDB)	MaveDB			Findlay et al. 2018 (PMID 30209399)	saturation genome editing	saturation genome editing (HDR)	Ser1461Arg					HIGH	partial coverage: RING+BRCT domains only
GRCh38:17:43076589:A:T	96932	Ser1461Arg	c.4383T>A	2026-08-19	ClinVar esummary	ClinVar				clinical interpretation	NA	NA	NA		Uncertain significance	current=Uncertain significance; review=criteria provided, multiple submitters, no conflicts	MODERATE	
GRCh38:17:43076589:A:T	96932	Ser1461Arg	c.4383T>A	2026-08-19	BRCA1 Ser1461Arg	PubMed	42611417		Hormonal contraceptives and cancer risk in women with a BRCA1 or BRCA2 pathogenic variant.	publication	NA	NA	NA			NA	UNCLEAR	
GRCh38:17:43076589:A:T	96932	Ser1461Arg	c.4383T>A	2026-08-19	BRCA1 Ser1461Arg	PubMed	42610144		AI-driven CRISPR strategies in breast cancer: Organoid modeling, adaptive editing, and precision delivery.	publication	NA	NA	NA			NA	UNCLEAR	
GRCh38:17:43076589:A:T	96932	Ser1461Arg	c.4383T>A	2026-08-19	BRCA1 Ser1461Arg	PubMed	42610096		Alliance A022106: A Phase II/III Trial of Nab-Paclitaxel and Gemcitabine ± Cisplatin as Second-Line Treatment for BRCA1/2 or PALB2 Mutant Metastatic Pancreatic Ductal Adenocarcinoma (PLATINUM).	publication	NA	NA	NA			NA	UNCLEAR	
GRCh38:17:43076589:A:T	96932	Ser1461Arg	c.4383T>A	2026-08-19	BRCA1 Ser1461Arg	PubMed	42609953		Adaptive Surgical Decision-Making for Synchronous Metastatic Pancreatic Cancer and Early Breast Cancer with a BRCA1 Pathogenic Variant: A Case Report.	publication	NA	NA	NA			NA	UNCLEAR	
GRCh38:17:43076589:A:T	96932	Ser1461Arg	c.4383T>A	2026-08-19	BRCA1 Ser1461Arg	PubMed	42609763		An Unusual Presentation of Dermatofibrosarcoma Protuberans (DFSP): The Role of Advanced Molecular Testing in Collagen Type I Alpha 1 Chain (COL1A1)-Negative Cases.	publication	NA	NA	NA			NA	UNCLEAR	
GRCh38:17:43076589:A:T	96932	Ser1461Arg	c.4383T>A	2026-08-19	BRCA1 c.4383T>A	PubMed	42611417		Hormonal contraceptives and cancer risk in women with a BRCA1 or BRCA2 pathogenic variant.	publication	NA	NA	NA			NA	UNCLEAR	
GRCh38:17:43076589:A:T	96932	Ser1461Arg	c.4383T>A	2026-08-19	BRCA1 c.4383T>A	PubMed	42610144		AI-driven CRISPR strategies in breast cancer: Organoid modeling, adaptive editing, and precision delivery.	publication	NA	NA	NA			NA	UNCLEAR	
GRCh38:17:43076589:A:T	96932	Ser1461Arg	c.4383T>A	2026-08-19	BRCA1 c.4383T>A	PubMed	42610096		Alliance A022106: A Phase II/III Trial of Nab-Paclitaxel and Gemcitabine ± Cisplatin as Second-Line Treatment for BRCA1/2 or PALB2 Mutant Metastatic Pancreatic Ductal Adenocarcinoma (PLATINUM).	publication	NA	NA	NA			NA	UNCLEAR	
GRCh38:17:43076589:A:T	96932	Ser1461Arg	c.4383T>A	2026-08-19	BRCA1 c.4383T>A	PubMed	42609953		Adaptive Surgical Decision-Making for Synchronous Metastatic Pancreatic Cancer and Early Breast Cancer with a BRCA1 Pathogenic Variant: A Case Report.	publication	NA	NA	NA			NA	UNCLEAR	
GRCh38:17:43076589:A:T	96932	Ser1461Arg	c.4383T>A	2026-08-19	BRCA1 c.4383T>A	PubMed	42609763		An Unusual Presentation of Dermatofibrosarcoma Protuberans (DFSP): The Role of Advanced Molecular Testing in Collagen Type I Alpha 1 Chain (COL1A1)-Negative Cases.	publication	NA	NA	NA			NA	UNCLEAR	
GRCh38:17:43051093:A:C	96948	Cys1768Gly	c.5302T>G	2026-08-19	Findlay SGE (MaveDB)	MaveDB			Findlay et al. 2018 (PMID 30209399)	saturation genome editing	saturation genome editing (HDR)	Cys1768Gly	-0.967951041146808			-0.967951041146808	HIGH	partial coverage: RING+BRCT domains only
GRCh38:17:43051093:A:C	96948	Cys1768Gly	c.5302T>G	2026-08-19	ClinVar esummary	ClinVar				clinical interpretation	NA	NA	NA		Uncertain significance	current=Uncertain significance; review=criteria provided, multiple submitters, no conflicts	MODERATE	
GRCh38:17:43051093:A:C	96948	Cys1768Gly	c.5302T>G	2026-08-19	BRCA1 Cys1768Gly	PubMed	42611417		Hormonal contraceptives and cancer risk in women with a BRCA1 or BRCA2 pathogenic variant.	publication	NA	NA	NA			NA	UNCLEAR	
GRCh38:17:43051093:A:C	96948	Cys1768Gly	c.5302T>G	2026-08-19	BRCA1 Cys1768Gly	PubMed	42610144		AI-driven CRISPR strategies in breast cancer: Organoid modeling, adaptive editing, and precision delivery.	publication	NA	NA	NA			NA	UNCLEAR	
GRCh38:17:43051093:A:C	96948	Cys1768Gly	c.5302T>G	2026-08-19	BRCA1 Cys1768Gly	PubMed	42610096		Alliance A022106: A Phase II/III Trial of Nab-Paclitaxel and Gemcitabine ± Cisplatin as Second-Line Treatment for BRCA1/2 or PALB2 Mutant Metastatic Pancreatic Ductal Adenocarcinoma (PLATINUM).	publication	NA	NA	NA			NA	UNCLEAR	
GRCh38:17:43051093:A:C	96948	Cys1768Gly	c.5302T>G	2026-08-19	BRCA1 Cys1768Gly	PubMed	42609953		Adaptive Surgical Decision-Making for Synchronous Metastatic Pancreatic Cancer and Early Breast Cancer with a BRCA1 Pathogenic Variant: A Case Report.	publication	NA	NA	NA			NA	UNCLEAR	
GRCh38:17:43051093:A:C	96948	Cys1768Gly	c.5302T>G	2026-08-19	BRCA1 Cys1768Gly	PubMed	42609763		An Unusual Presentation of Dermatofibrosarcoma Protuberans (DFSP): The Role of Advanced Molecular Testing in Collagen Type I Alpha 1 Chain (COL1A1)-Negative Cases.	publication	NA	NA	NA			NA	UNCLEAR	
GRCh38:17:43051093:A:C	96948	Cys1768Gly	c.5302T>G	2026-08-19	BRCA1 c.5302T>G	PubMed	42609450		Biomarker testing in advanced or metastatic hormone receptor-positive, human epidermal growth factor receptor 2 negative breast cancer: expert recommendations.	publication	NA	NA	NA			NA	UNCLEAR	
GRCh38:17:43051093:A:C	96948	Cys1768Gly	c.5302T>G	2026-08-19	BRCA1 c.5302T>G	PubMed	42581048		A ubiquitin chain-feeding mechanism for BRCA1-A.	publication	NA	NA	NA			NA	UNCLEAR	
GRCh38:17:43051093:A:C	96948	Cys1768Gly	c.5302T>G	2026-08-19	BRCA1 c.5302T>G	PubMed	42572185		Current Advances of Molecular Biomarkers and Liquid Biopsies Techniques in Ovarian Cancer.	publication	NA	NA	NA			NA	UNCLEAR	
GRCh38:17:43051093:A:C	96948	Cys1768Gly	c.5302T>G	2026-08-19	BRCA1 c.5302T>G	PubMed	42558868		Rewired DDR-TGF-β-β-catenin-PD-L1 axis accelerates progression and shapes therapy in human papillomavirus-driven cancer.	publication	NA	NA	NA			NA	UNCLEAR	
GRCh38:17:43051093:A:C	96948	Cys1768Gly	c.5302T>G	2026-08-19	BRCA1 c.5302T>G	PubMed	42513228		Breast Cancer: Epidemiology, Molecular Classification, Diagnostics and Evolving Treatment Paradigms.	publication	NA	NA	NA			NA	UNCLEAR	
GRCh38:17:43095846:C:T	96954	Ala224Thr	c.670G>A	2026-08-19	Findlay SGE (MaveDB)	MaveDB			Findlay et al. 2018 (PMID 30209399)	saturation genome editing	saturation genome editing (HDR)	Ala224Thr					HIGH	partial coverage: RING+BRCT domains only
GRCh38:17:43095846:C:T	96954	Ala224Thr	c.670G>A	2026-08-19	ClinVar esummary	ClinVar				clinical interpretation	NA	NA	NA		Uncertain significance	current=Uncertain significance; review=criteria provided, multiple submitters, no conflicts	MODERATE	
GRCh38:17:43095846:C:T	96954	Ala224Thr	c.670G>A	2026-08-19	BRCA1 c.670G>A	PubMed	42611417		Hormonal contraceptives and cancer risk in women with a BRCA1 or BRCA2 pathogenic variant.	publication	NA	NA	NA			NA	UNCLEAR	
GRCh38:17:43095846:C:T	96954	Ala224Thr	c.670G>A	2026-08-19	BRCA1 c.670G>A	PubMed	42610144		AI-driven CRISPR strategies in breast cancer: Organoid modeling, adaptive editing, and precision delivery.	publication	NA	NA	NA			NA	UNCLEAR	
GRCh38:17:43095846:C:T	96954	Ala224Thr	c.670G>A	2026-08-19	BRCA1 c.670G>A	PubMed	42610096		Alliance A022106: A Phase II/III Trial of Nab-Paclitaxel and Gemcitabine ± Cisplatin as Second-Line Treatment for BRCA1/2 or PALB2 Mutant Metastatic Pancreatic Ductal Adenocarcinoma (PLATINUM).	publication	NA	NA	NA			NA	UNCLEAR	
GRCh38:17:43095846:C:T	96954	Ala224Thr	c.670G>A	2026-08-19	BRCA1 c.670G>A	PubMed	42609953		Adaptive Surgical Decision-Making for Synchronous Metastatic Pancreatic Cancer and Early Breast Cancer with a BRCA1 Pathogenic Variant: A Case Report.	publication	NA	NA	NA			NA	UNCLEAR	
GRCh38:17:43095846:C:T	96954	Ala224Thr	c.670G>A	2026-08-19	BRCA1 c.670G>A	PubMed	42609763		An Unusual Presentation of Dermatofibrosarcoma Protuberans (DFSP): The Role of Advanced Molecular Testing in Collagen Type I Alpha 1 Chain (COL1A1)-Negative Cases.	publication	NA	NA	NA			NA	UNCLEAR	
GRCh38:17:43099856:G:C	133722	Leu156Val	c.466C>G	2026-08-19	Findlay SGE (MaveDB)	MaveDB			Findlay et al. 2018 (PMID 30209399)	saturation genome editing	saturation genome editing (HDR)	Leu156Val					HIGH	partial coverage: RING+BRCT domains only
GRCh38:17:43099856:G:C	133722	Leu156Val	c.466C>G	2026-08-19	ClinVar esummary	ClinVar				clinical interpretation	NA	NA	NA		Uncertain significance	current=Uncertain significance; review=criteria provided, multiple submitters, no conflicts	MODERATE	
GRCh38:17:43104225:T:C	136084	Asn113Ser	c.338A>G	2026-08-19	Findlay SGE (MaveDB)	MaveDB			Findlay et al. 2018 (PMID 30209399)	saturation genome editing	saturation genome editing (HDR)	Asn113Ser					HIGH	partial coverage: RING+BRCT domains only
GRCh38:17:43104225:T:C	136084	Asn113Ser	c.338A>G	2026-08-19	ClinVar esummary	ClinVar				clinical interpretation	NA	NA	NA		Uncertain significance	current=Uncertain significance; review=criteria provided, multiple submitters, no conflicts	MODERATE	
GRCh38:17:43104225:T:C	136084	Asn113Ser	c.338A>G	2026-08-19	BRCA1 Asn113Ser	PubMed	42611417		Hormonal contraceptives and cancer risk in women with a BRCA1 or BRCA2 pathogenic variant.	publication	NA	NA	NA			NA	UNCLEAR	
GRCh38:17:43104225:T:C	136084	Asn113Ser	c.338A>G	2026-08-19	BRCA1 Asn113Ser	PubMed	42610144		AI-driven CRISPR strategies in breast cancer: Organoid modeling, adaptive editing, and precision delivery.	publication	NA	NA	NA			NA	UNCLEAR	
GRCh38:17:43104225:T:C	136084	Asn113Ser	c.338A>G	2026-08-19	BRCA1 Asn113Ser	PubMed	42610096		Alliance A022106: A Phase II/III Trial of Nab-Paclitaxel and Gemcitabine ± Cisplatin as Second-Line Treatment for BRCA1/2 or PALB2 Mutant Metastatic Pancreatic Ductal Adenocarcinoma (PLATINUM).	publication	NA	NA	NA			NA	UNCLEAR	
GRCh38:17:43104225:T:C	136084	Asn113Ser	c.338A>G	2026-08-19	BRCA1 Asn113Ser	PubMed	42609953		Adaptive Surgical Decision-Making for Synchronous Metastatic Pancreatic Cancer and Early Breast Cancer with a BRCA1 Pathogenic Variant: A Case Report.	publication	NA	NA	NA			NA	UNCLEAR	
GRCh38:17:43104225:T:C	136084	Asn113Ser	c.338A>G	2026-08-19	BRCA1 Asn113Ser	PubMed	42609763		An Unusual Presentation of Dermatofibrosarcoma Protuberans (DFSP): The Role of Advanced Molecular Testing in Collagen Type I Alpha 1 Chain (COL1A1)-Negative Cases.	publication	NA	NA	NA			NA	UNCLEAR	
GRCh38:17:43099816:T:G	136087	Gln169Pro	c.506A>C	2026-08-19	Findlay SGE (MaveDB)	MaveDB			Findlay et al. 2018 (PMID 30209399)	saturation genome editing	saturation genome editing (HDR)	Gln169Pro					HIGH	partial coverage: RING+BRCT domains only
GRCh38:17:43099816:T:G	136087	Gln169Pro	c.506A>C	2026-08-19	ClinVar esummary	ClinVar				clinical interpretation	NA	NA	NA		Uncertain significance	current=Uncertain significance; review=criteria provided, single submitter	MODERATE	
GRCh38:17:43099816:T:G	136087	Gln169Pro	c.506A>C	2026-08-19	BRCA1 Gln169Pro	PubMed	42611417		Hormonal contraceptives and cancer risk in women with a BRCA1 or BRCA2 pathogenic variant.	publication	NA	NA	NA			NA	UNCLEAR	
GRCh38:17:43099816:T:G	136087	Gln169Pro	c.506A>C	2026-08-19	BRCA1 Gln169Pro	PubMed	42610144		AI-driven CRISPR strategies in breast cancer: Organoid modeling, adaptive editing, and precision delivery.	publication	NA	NA	NA			NA	UNCLEAR	
GRCh38:17:43099816:T:G	136087	Gln169Pro	c.506A>C	2026-08-19	BRCA1 Gln169Pro	PubMed	42610096		Alliance A022106: A Phase II/III Trial of Nab-Paclitaxel and Gemcitabine ± Cisplatin as Second-Line Treatment for BRCA1/2 or PALB2 Mutant Metastatic Pancreatic Ductal Adenocarcinoma (PLATINUM).	publication	NA	NA	NA			NA	UNCLEAR	
GRCh38:17:43099816:T:G	136087	Gln169Pro	c.506A>C	2026-08-19	BRCA1 Gln169Pro	PubMed	42609953		Adaptive Surgical Decision-Making for Synchronous Metastatic Pancreatic Cancer and Early Breast Cancer with a BRCA1 Pathogenic Variant: A Case Report.	publication	NA	NA	NA			NA	UNCLEAR	
GRCh38:17:43099816:T:G	136087	Gln169Pro	c.506A>C	2026-08-19	BRCA1 Gln169Pro	PubMed	42609763		An Unusual Presentation of Dermatofibrosarcoma Protuberans (DFSP): The Role of Advanced Molecular Testing in Collagen Type I Alpha 1 Chain (COL1A1)-Negative Cases.	publication	NA	NA	NA			NA	UNCLEAR	
GRCh38:17:43099816:T:G	136087	Gln169Pro	c.506A>C	2026-08-19	BRCA1 c.506A>C	PubMed	42609450		Biomarker testing in advanced or metastatic hormone receptor-positive, human epidermal growth factor receptor 2 negative breast cancer: expert recommendations.	publication	NA	NA	NA			NA	UNCLEAR	
GRCh38:17:43099816:T:G	136087	Gln169Pro	c.506A>C	2026-08-19	BRCA1 c.506A>C	PubMed	42584742		Real-world clinical outcomes of patients with early-stage TNBC and BRCAm who were treated with adjuvant capecitabine in the United States.	publication	NA	NA	NA			NA	UNCLEAR	
GRCh38:17:43099816:T:G	136087	Gln169Pro	c.506A>C	2026-08-19	BRCA1 c.506A>C	PubMed	42580099		Chemotherapy type and survival in young BRCA1/2 carriers with HER2-negative early breast cancer.	publication	NA	NA	NA			NA	UNCLEAR	
GRCh38:17:43099816:T:G	136087	Gln169Pro	c.506A>C	2026-08-19	BRCA1 c.506A>C	PubMed	42560601		BRCA1-derived peptide constructs exhibit sequence-dependent features compatible with modulation of the p53-MDM2 axis.	publication	NA	NA	NA			NA	UNCLEAR	
GRCh38:17:43099816:T:G	136087	Gln169Pro	c.506A>C	2026-08-19	BRCA1 c.506A>C	PubMed	42524928		Whole-genome sequencing in Brazilian patients with neurofibromatosis type 1, including novel variants, incidental findings, and dual diagnoses.	publication	NA	NA	NA			NA	UNCLEAR	
GRCh38:17:43104204:T:C	141096	Asp120Gly	c.359A>G	2026-08-19	Findlay SGE (MaveDB)	MaveDB			Findlay et al. 2018 (PMID 30209399)	saturation genome editing	saturation genome editing (HDR)	Asp120Gly					HIGH	partial coverage: RING+BRCT domains only
GRCh38:17:43104204:T:C	141096	Asp120Gly	c.359A>G	2026-08-19	ClinVar esummary	ClinVar				clinical interpretation	NA	NA	NA		Uncertain significance	current=Uncertain significance; review=criteria provided, multiple submitters, no conflicts	MODERATE	
GRCh38:17:43104204:T:C	141096	Asp120Gly	c.359A>G	2026-08-19	BRCA1 Asp120Gly	PubMed	42611417		Hormonal contraceptives and cancer risk in women with a BRCA1 or BRCA2 pathogenic variant.	publication	NA	NA	NA			NA	UNCLEAR	
GRCh38:17:43104204:T:C	141096	Asp120Gly	c.359A>G	2026-08-19	BRCA1 Asp120Gly	PubMed	42610144		AI-driven CRISPR strategies in breast cancer: Organoid modeling, adaptive editing, and precision delivery.	publication	NA	NA	NA			NA	UNCLEAR	
GRCh38:17:43104204:T:C	141096	Asp120Gly	c.359A>G	2026-08-19	BRCA1 Asp120Gly	PubMed	42610096		Alliance A022106: A Phase II/III Trial of Nab-Paclitaxel and Gemcitabine ± Cisplatin as Second-Line Treatment for BRCA1/2 or PALB2 Mutant Metastatic Pancreatic Ductal Adenocarcinoma (PLATINUM).	publication	NA	NA	NA			NA	UNCLEAR	
GRCh38:17:43104204:T:C	141096	Asp120Gly	c.359A>G	2026-08-19	BRCA1 Asp120Gly	PubMed	42609953		Adaptive Surgical Decision-Making for Synchronous Metastatic Pancreatic Cancer and Early Breast Cancer with a BRCA1 Pathogenic Variant: A Case Report.	publication	NA	NA	NA			NA	UNCLEAR	
GRCh38:17:43104204:T:C	141096	Asp120Gly	c.359A>G	2026-08-19	BRCA1 Asp120Gly	PubMed	42609763		An Unusual Presentation of Dermatofibrosarcoma Protuberans (DFSP): The Role of Advanced Molecular Testing in Collagen Type I Alpha 1 Chain (COL1A1)-Negative Cases.	publication	NA	NA	NA			NA	UNCLEAR	
GRCh38:17:43104204:T:C	141096	Asp120Gly	c.359A>G	2026-08-19	BRCA1 c.359A>G	PubMed	42609450		Biomarker testing in advanced or metastatic hormone receptor-positive, human epidermal growth factor receptor 2 negative breast cancer: expert recommendations.	publication	NA	NA	NA			NA	UNCLEAR	
GRCh38:17:43104204:T:C	141096	Asp120Gly	c.359A>G	2026-08-19	BRCA1 c.359A>G	PubMed	42581048		A ubiquitin chain-feeding mechanism for BRCA1-A.	publication	NA	NA	NA			NA	UNCLEAR	
GRCh38:17:43104204:T:C	141096	Asp120Gly	c.359A>G	2026-08-19	BRCA1 c.359A>G	PubMed	42572185		Current Advances of Molecular Biomarkers and Liquid Biopsies Techniques in Ovarian Cancer.	publication	NA	NA	NA			NA	UNCLEAR	
GRCh38:17:43104204:T:C	141096	Asp120Gly	c.359A>G	2026-08-19	BRCA1 c.359A>G	PubMed	42558868		Rewired DDR-TGF-β-β-catenin-PD-L1 axis accelerates progression and shapes therapy in human papillomavirus-driven cancer.	publication	NA	NA	NA			NA	UNCLEAR	
GRCh38:17:43104204:T:C	141096	Asp120Gly	c.359A>G	2026-08-19	BRCA1 c.359A>G	PubMed	42513228		Breast Cancer: Epidemiology, Molecular Classification, Diagnostics and Evolving Treatment Paradigms.	publication	NA	NA	NA			NA	UNCLEAR	
GRCh38:17:43099787:A:G	141458	Tyr179His	c.535T>C	2026-08-19	Findlay SGE (MaveDB)	MaveDB			Findlay et al. 2018 (PMID 30209399)	saturation genome editing	saturation genome editing (HDR)	Tyr179His					HIGH	partial coverage: RING+BRCT domains only
GRCh38:17:43099787:A:G	141458	Tyr179His	c.535T>C	2026-08-19	ClinVar esummary	ClinVar				clinical interpretation	NA	NA	NA		Uncertain significance	current=Uncertain significance; review=criteria provided, multiple submitters, no conflicts	MODERATE	
GRCh38:17:43099787:A:G	141458	Tyr179His	c.535T>C	2026-08-19	BRCA1 Tyr179His	PubMed	42611417		Hormonal contraceptives and cancer risk in women with a BRCA1 or BRCA2 pathogenic variant.	publication	NA	NA	NA			NA	UNCLEAR	
GRCh38:17:43099787:A:G	141458	Tyr179His	c.535T>C	2026-08-19	BRCA1 Tyr179His	PubMed	42610144		AI-driven CRISPR strategies in breast cancer: Organoid modeling, adaptive editing, and precision delivery.	publication	NA	NA	NA			NA	UNCLEAR	
GRCh38:17:43099787:A:G	141458	Tyr179His	c.535T>C	2026-08-19	BRCA1 Tyr179His	PubMed	42610096		Alliance A022106: A Phase II/III Trial of Nab-Paclitaxel and Gemcitabine ± Cisplatin as Second-Line Treatment for BRCA1/2 or PALB2 Mutant Metastatic Pancreatic Ductal Adenocarcinoma (PLATINUM).	publication	NA	NA	NA			NA	UNCLEAR	
GRCh38:17:43099787:A:G	141458	Tyr179His	c.535T>C	2026-08-19	BRCA1 Tyr179His	PubMed	42609953		Adaptive Surgical Decision-Making for Synchronous Metastatic Pancreatic Cancer and Early Breast Cancer with a BRCA1 Pathogenic Variant: A Case Report.	publication	NA	NA	NA			NA	UNCLEAR	
GRCh38:17:43099787:A:G	141458	Tyr179His	c.535T>C	2026-08-19	BRCA1 Tyr179His	PubMed	42609763		An Unusual Presentation of Dermatofibrosarcoma Protuberans (DFSP): The Role of Advanced Molecular Testing in Collagen Type I Alpha 1 Chain (COL1A1)-Negative Cases.	publication	NA	NA	NA			NA	UNCLEAR	
GRCh38:17:43082530:T:C	141465	Met1411Val	c.4231A>G	2026-08-19	Findlay SGE (MaveDB)	MaveDB			Findlay et al. 2018 (PMID 30209399)	saturation genome editing	saturation genome editing (HDR)	Met1411Val					HIGH	partial coverage: RING+BRCT domains only
GRCh38:17:43082530:T:C	141465	Met1411Val	c.4231A>G	2026-08-19	ClinVar esummary	ClinVar				clinical interpretation	NA	NA	NA		Uncertain significance	current=Uncertain significance; review=criteria provided, multiple submitters, no conflicts	MODERATE	
GRCh38:17:43082530:T:C	141465	Met1411Val	c.4231A>G	2026-08-19	BRCA1 Met1411Val	PubMed	42611417		Hormonal contraceptives and cancer risk in women with a BRCA1 or BRCA2 pathogenic variant.	publication	NA	NA	NA			NA	UNCLEAR	
GRCh38:17:43082530:T:C	141465	Met1411Val	c.4231A>G	2026-08-19	BRCA1 Met1411Val	PubMed	42610144		AI-driven CRISPR strategies in breast cancer: Organoid modeling, adaptive editing, and precision delivery.	publication	NA	NA	NA			NA	UNCLEAR	
GRCh38:17:43082530:T:C	141465	Met1411Val	c.4231A>G	2026-08-19	BRCA1 Met1411Val	PubMed	42610096		Alliance A022106: A Phase II/III Trial of Nab-Paclitaxel and Gemcitabine ± Cisplatin as Second-Line Treatment for BRCA1/2 or PALB2 Mutant Metastatic Pancreatic Ductal Adenocarcinoma (PLATINUM).	publication	NA	NA	NA			NA	UNCLEAR	
GRCh38:17:43082530:T:C	141465	Met1411Val	c.4231A>G	2026-08-19	BRCA1 Met1411Val	PubMed	42609953		Adaptive Surgical Decision-Making for Synchronous Metastatic Pancreatic Cancer and Early Breast Cancer with a BRCA1 Pathogenic Variant: A Case Report.	publication	NA	NA	NA			NA	UNCLEAR	
GRCh38:17:43082530:T:C	141465	Met1411Val	c.4231A>G	2026-08-19	BRCA1 Met1411Val	PubMed	42609763		An Unusual Presentation of Dermatofibrosarcoma Protuberans (DFSP): The Role of Advanced Molecular Testing in Collagen Type I Alpha 1 Chain (COL1A1)-Negative Cases.	publication	NA	NA	NA			NA	UNCLEAR	
GRCh38:17:43082530:T:C	141465	Met1411Val	c.4231A>G	2026-08-19	BRCA1 c.4231A>G	PubMed	42609450		Biomarker testing in advanced or metastatic hormone receptor-positive, human epidermal growth factor receptor 2 negative breast cancer: expert recommendations.	publication	NA	NA	NA			NA	UNCLEAR	
GRCh38:17:43082530:T:C	141465	Met1411Val	c.4231A>G	2026-08-19	BRCA1 c.4231A>G	PubMed	42581048		A ubiquitin chain-feeding mechanism for BRCA1-A.	publication	NA	NA	NA			NA	UNCLEAR	
GRCh38:17:43082530:T:C	141465	Met1411Val	c.4231A>G	2026-08-19	BRCA1 c.4231A>G	PubMed	42572185		Current Advances of Molecular Biomarkers and Liquid Biopsies Techniques in Ovarian Cancer.	publication	NA	NA	NA			NA	UNCLEAR	
GRCh38:17:43082530:T:C	141465	Met1411Val	c.4231A>G	2026-08-19	BRCA1 c.4231A>G	PubMed	42558868		Rewired DDR-TGF-β-β-catenin-PD-L1 axis accelerates progression and shapes therapy in human papillomavirus-driven cancer.	publication	NA	NA	NA			NA	UNCLEAR	
GRCh38:17:43082530:T:C	141465	Met1411Val	c.4231A>G	2026-08-19	BRCA1 c.4231A>G	PubMed	42513228		Breast Cancer: Epidemiology, Molecular Classification, Diagnostics and Evolving Treatment Paradigms.	publication	NA	NA	NA			NA	UNCLEAR	
GRCh38:17:43076506:T:C	141615	Lys1489Arg	c.4466A>G	2026-08-19	Findlay SGE (MaveDB)	MaveDB			Findlay et al. 2018 (PMID 30209399)	saturation genome editing	saturation genome editing (HDR)	Lys1489Arg					HIGH	partial coverage: RING+BRCT domains only
GRCh38:17:43076506:T:C	141615	Lys1489Arg	c.4466A>G	2026-08-19	ClinVar esummary	ClinVar				clinical interpretation	NA	NA	NA		Uncertain significance	current=Uncertain significance; review=criteria provided, single submitter	MODERATE	
GRCh38:17:43071235:C:A	142627	Gly1560Val	c.4679G>T	2026-08-19	Findlay SGE (MaveDB)	MaveDB			Findlay et al. 2018 (PMID 30209399)	saturation genome editing	saturation genome editing (HDR)	Gly1560Val					HIGH	partial coverage: RING+BRCT domains only
GRCh38:17:43071235:C:A	142627	Gly1560Val	c.4679G>T	2026-08-19	ClinVar esummary	ClinVar				clinical interpretation	NA	NA	NA		Uncertain significance	current=Uncertain significance; review=criteria provided, multiple submitters, no conflicts	MODERATE	
GRCh38:17:43071235:C:A	142627	Gly1560Val	c.4679G>T	2026-08-19	BRCA1 Gly1560Val	PubMed	42611417		Hormonal contraceptives and cancer risk in women with a BRCA1 or BRCA2 pathogenic variant.	publication	NA	NA	NA			NA	UNCLEAR	
GRCh38:17:43071235:C:A	142627	Gly1560Val	c.4679G>T	2026-08-19	BRCA1 Gly1560Val	PubMed	42610144		AI-driven CRISPR strategies in breast cancer: Organoid modeling, adaptive editing, and precision delivery.	publication	NA	NA	NA			NA	UNCLEAR	
GRCh38:17:43071235:C:A	142627	Gly1560Val	c.4679G>T	2026-08-19	BRCA1 Gly1560Val	PubMed	42610096		Alliance A022106: A Phase II/III Trial of Nab-Paclitaxel and Gemcitabine ± Cisplatin as Second-Line Treatment for BRCA1/2 or PALB2 Mutant Metastatic Pancreatic Ductal Adenocarcinoma (PLATINUM).	publication	NA	NA	NA			NA	UNCLEAR	
GRCh38:17:43071235:C:A	142627	Gly1560Val	c.4679G>T	2026-08-19	BRCA1 Gly1560Val	PubMed	42609953		Adaptive Surgical Decision-Making for Synchronous Metastatic Pancreatic Cancer and Early Breast Cancer with a BRCA1 Pathogenic Variant: A Case Report.	publication	NA	NA	NA			NA	UNCLEAR	
GRCh38:17:43071235:C:A	142627	Gly1560Val	c.4679G>T	2026-08-19	BRCA1 Gly1560Val	PubMed	42609763		An Unusual Presentation of Dermatofibrosarcoma Protuberans (DFSP): The Role of Advanced Molecular Testing in Collagen Type I Alpha 1 Chain (COL1A1)-Negative Cases.	publication	NA	NA	NA			NA	UNCLEAR	
GRCh38:17:43071235:C:A	142627	Gly1560Val	c.4679G>T	2026-08-19	BRCA1 c.4679G>T	PubMed	42610144		AI-driven CRISPR strategies in breast cancer: Organoid modeling, adaptive editing, and precision delivery.	publication	NA	NA	NA			NA	UNCLEAR	
GRCh38:17:43071235:C:A	142627	Gly1560Val	c.4679G>T	2026-08-19	BRCA1 c.4679G>T	PubMed	42609450		Biomarker testing in advanced or metastatic hormone receptor-positive, human epidermal growth factor receptor 2 negative breast cancer: expert recommendations.	publication	NA	NA	NA			NA	UNCLEAR	
GRCh38:17:43071235:C:A	142627	Gly1560Val	c.4679G>T	2026-08-19	BRCA1 c.4679G>T	PubMed	42597706		Germline BRCA1 pathogenic variants and T cell dysfunction.	publication	NA	NA	NA			NA	UNCLEAR	
GRCh38:17:43071235:C:A	142627	Gly1560Val	c.4679G>T	2026-08-19	BRCA1 c.4679G>T	PubMed	42581048		A ubiquitin chain-feeding mechanism for BRCA1-A.	publication	NA	NA	NA			NA	UNCLEAR	
GRCh38:17:43071235:C:A	142627	Gly1560Val	c.4679G>T	2026-08-19	BRCA1 c.4679G>T	PubMed	42580462		Mechanistic Insights into Genomic Basis of Crosstalk Between Metabolic Reprogramming and Immune Dysfunction in Ovarian Cancer.	publication	NA	NA	NA			NA	UNCLEAR	
GRCh38:17:43076560:C:G	142774	Gly1471Ala	c.4412G>C	2026-08-19	Findlay SGE (MaveDB)	MaveDB			Findlay et al. 2018 (PMID 30209399)	saturation genome editing	saturation genome editing (HDR)	Gly1471Ala					HIGH	partial coverage: RING+BRCT domains only
GRCh38:17:43076560:C:G	142774	Gly1471Ala	c.4412G>C	2026-08-19	ClinVar esummary	ClinVar				clinical interpretation	NA	NA	NA		Uncertain significance	current=Uncertain significance; review=criteria provided, multiple submitters, no conflicts	MODERATE	
GRCh38:17:43082456:G:C	182080	Asp1435Glu	c.4305C>G	2026-08-19	Findlay SGE (MaveDB)	MaveDB			Findlay et al. 2018 (PMID 30209399)	saturation genome editing	saturation genome editing (HDR)	Asp1435Glu					HIGH	partial coverage: RING+BRCT domains only
GRCh38:17:43082456:G:C	182080	Asp1435Glu	c.4305C>G	2026-08-19	ClinVar esummary	ClinVar				clinical interpretation	NA	NA	NA		Uncertain significance	current=Uncertain significance; review=criteria provided, single submitter	MODERATE	
GRCh38:17:43076537:C:G	187167	Val1479Leu	c.4435G>C	2026-08-19	Findlay SGE (MaveDB)	MaveDB			Findlay et al. 2018 (PMID 30209399)	saturation genome editing	saturation genome editing (HDR)	Val1479Leu					HIGH	partial coverage: RING+BRCT domains only
GRCh38:17:43076537:C:G	187167	Val1479Leu	c.4435G>C	2026-08-19	ClinVar esummary	ClinVar				clinical interpretation	NA	NA	NA		Uncertain significance	current=Uncertain significance; review=criteria provided, multiple submitters, no conflicts	MODERATE	
GRCh38:17:43076606:T:C	184974	Thr1456Ala	c.4366A>G	2026-08-19	Findlay SGE (MaveDB)	MaveDB			Findlay et al. 2018 (PMID 30209399)	saturation genome editing	saturation genome editing (HDR)	Thr1456Ala					HIGH	partial coverage: RING+BRCT domains only
GRCh38:17:43076606:T:C	184974	Thr1456Ala	c.4366A>G	2026-08-19	ClinVar esummary	ClinVar				clinical interpretation	NA	NA	NA		Uncertain significance	current=Uncertain significance; review=criteria provided, multiple submitters, no conflicts	MODERATE	
GRCh38:17:43082442:T:C	185580	Glu1440Gly	c.4319A>G	2026-08-19	Findlay SGE (MaveDB)	MaveDB			Findlay et al. 2018 (PMID 30209399)	saturation genome editing	saturation genome editing (HDR)	Glu1440Gly					HIGH	partial coverage: RING+BRCT domains only
GRCh38:17:43082442:T:C	185580	Glu1440Gly	c.4319A>G	2026-08-19	ClinVar esummary	ClinVar				clinical interpretation	NA	NA	NA		Uncertain significance	current=Uncertain significance; review=criteria provided, multiple submitters, no conflicts	MODERATE	
GRCh38:17:43090978:C:T	187199	Gly1384Glu	c.4151G>A	2026-08-19	Findlay SGE (MaveDB)	MaveDB			Findlay et al. 2018 (PMID 30209399)	saturation genome editing	saturation genome editing (HDR)	Gly1384Glu					HIGH	partial coverage: RING+BRCT domains only
GRCh38:17:43090978:C:T	187199	Gly1384Glu	c.4151G>A	2026-08-19	ClinVar esummary	ClinVar				clinical interpretation	NA	NA	NA		Uncertain significance	current=Uncertain significance; review=criteria provided, multiple submitters, no conflicts	MODERATE	
GRCh38:17:43099792:G:C	187240	Ser177Cys	c.530C>G	2026-08-19	Findlay SGE (MaveDB)	MaveDB			Findlay et al. 2018 (PMID 30209399)	saturation genome editing	saturation genome editing (HDR)	Ser177Cys					HIGH	partial coverage: RING+BRCT domains only
GRCh38:17:43099792:G:C	187240	Ser177Cys	c.530C>G	2026-08-19	ClinVar esummary	ClinVar				clinical interpretation	NA	NA	NA		Uncertain significance	current=Uncertain significance; review=criteria provided, single submitter	MODERATE	
GRCh38:17:43099792:G:C	187240	Ser177Cys	c.530C>G	2026-08-19	BRCA1 Ser177Cys	PubMed	42611417		Hormonal contraceptives and cancer risk in women with a BRCA1 or BRCA2 pathogenic variant.	publication	NA	NA	NA			NA	UNCLEAR	
GRCh38:17:43099792:G:C	187240	Ser177Cys	c.530C>G	2026-08-19	BRCA1 Ser177Cys	PubMed	42610144		AI-driven CRISPR strategies in breast cancer: Organoid modeling, adaptive editing, and precision delivery.	publication	NA	NA	NA			NA	UNCLEAR	
GRCh38:17:43099792:G:C	187240	Ser177Cys	c.530C>G	2026-08-19	BRCA1 Ser177Cys	PubMed	42610096		Alliance A022106: A Phase II/III Trial of Nab-Paclitaxel and Gemcitabine ± Cisplatin as Second-Line Treatment for BRCA1/2 or PALB2 Mutant Metastatic Pancreatic Ductal Adenocarcinoma (PLATINUM).	publication	NA	NA	NA			NA	UNCLEAR	
GRCh38:17:43099792:G:C	187240	Ser177Cys	c.530C>G	2026-08-19	BRCA1 Ser177Cys	PubMed	42609953		Adaptive Surgical Decision-Making for Synchronous Metastatic Pancreatic Cancer and Early Breast Cancer with a BRCA1 Pathogenic Variant: A Case Report.	publication	NA	NA	NA			NA	UNCLEAR	
GRCh38:17:43099792:G:C	187240	Ser177Cys	c.530C>G	2026-08-19	BRCA1 Ser177Cys	PubMed	42609763		An Unusual Presentation of Dermatofibrosarcoma Protuberans (DFSP): The Role of Advanced Molecular Testing in Collagen Type I Alpha 1 Chain (COL1A1)-Negative Cases.	publication	NA	NA	NA			NA	UNCLEAR	
GRCh38:17:43104143:A:C	186399	Ser140Arg	c.420T>G	2026-08-19	Findlay SGE (MaveDB)	MaveDB			Findlay et al. 2018 (PMID 30209399)	saturation genome editing	saturation genome editing (HDR)	Ser140Arg					HIGH	partial coverage: RING+BRCT domains only
GRCh38:17:43104143:A:C	186399	Ser140Arg	c.420T>G	2026-08-19	ClinVar esummary	ClinVar				clinical interpretation	NA	NA	NA		Uncertain significance	current=Uncertain significance; review=criteria provided, single submitter	MODERATE	
GRCh38:17:43104147:T:C	185488	Gln139Arg	c.416A>G	2026-08-19	Findlay SGE (MaveDB)	MaveDB			Findlay et al. 2018 (PMID 30209399)	saturation genome editing	saturation genome editing (HDR)	Gln139Arg					HIGH	partial coverage: RING+BRCT domains only
GRCh38:17:43104147:T:C	185488	Gln139Arg	c.416A>G	2026-08-19	ClinVar esummary	ClinVar				clinical interpretation	NA	NA	NA		Uncertain significance	current=Uncertain significance; review=criteria provided, multiple submitters, no conflicts	MODERATE	
GRCh38:17:43104147:T:C	185488	Gln139Arg	c.416A>G	2026-08-19	BRCA1 Gln139Arg	PubMed	42611417		Hormonal contraceptives and cancer risk in women with a BRCA1 or BRCA2 pathogenic variant.	publication	NA	NA	NA			NA	UNCLEAR	
GRCh38:17:43104147:T:C	185488	Gln139Arg	c.416A>G	2026-08-19	BRCA1 Gln139Arg	PubMed	42610144		AI-driven CRISPR strategies in breast cancer: Organoid modeling, adaptive editing, and precision delivery.	publication	NA	NA	NA			NA	UNCLEAR	
GRCh38:17:43104147:T:C	185488	Gln139Arg	c.416A>G	2026-08-19	BRCA1 Gln139Arg	PubMed	42610096		Alliance A022106: A Phase II/III Trial of Nab-Paclitaxel and Gemcitabine ± Cisplatin as Second-Line Treatment for BRCA1/2 or PALB2 Mutant Metastatic Pancreatic Ductal Adenocarcinoma (PLATINUM).	publication	NA	NA	NA			NA	UNCLEAR	
GRCh38:17:43104147:T:C	185488	Gln139Arg	c.416A>G	2026-08-19	BRCA1 Gln139Arg	PubMed	42609953		Adaptive Surgical Decision-Making for Synchronous Metastatic Pancreatic Cancer and Early Breast Cancer with a BRCA1 Pathogenic Variant: A Case Report.	publication	NA	NA	NA			NA	UNCLEAR	
GRCh38:17:43104147:T:C	185488	Gln139Arg	c.416A>G	2026-08-19	BRCA1 Gln139Arg	PubMed	42609763		An Unusual Presentation of Dermatofibrosarcoma Protuberans (DFSP): The Role of Advanced Molecular Testing in Collagen Type I Alpha 1 Chain (COL1A1)-Negative Cases.	publication	NA	NA	NA			NA	UNCLEAR	
GRCh38:17:43063900:C:T	188417	Gly1709Glu	c.5126G>A	2026-08-19	Findlay SGE (MaveDB)	MaveDB			Findlay et al. 2018 (PMID 30209399)	saturation genome editing	saturation genome editing (HDR)	Gly1709Glu	-0.558665497685808			-0.558665497685808	HIGH	partial coverage: RING+BRCT domains only
GRCh38:17:43063900:C:T	188417	Gly1709Glu	c.5126G>A	2026-08-19	ClinVar esummary	ClinVar				clinical interpretation	NA	NA	NA		Uncertain significance	current=Uncertain significance; review=criteria provided, single submitter	MODERATE	
GRCh38:17:43063900:C:T	188417	Gly1709Glu	c.5126G>A	2026-08-19	BRCA1 Gly1709Glu	PubMed	42611417		Hormonal contraceptives and cancer risk in women with a BRCA1 or BRCA2 pathogenic variant.	publication	NA	NA	NA			NA	UNCLEAR	
GRCh38:17:43063900:C:T	188417	Gly1709Glu	c.5126G>A	2026-08-19	BRCA1 Gly1709Glu	PubMed	42610144		AI-driven CRISPR strategies in breast cancer: Organoid modeling, adaptive editing, and precision delivery.	publication	NA	NA	NA			NA	UNCLEAR	
GRCh38:17:43063900:C:T	188417	Gly1709Glu	c.5126G>A	2026-08-19	BRCA1 Gly1709Glu	PubMed	42610096		Alliance A022106: A Phase II/III Trial of Nab-Paclitaxel and Gemcitabine ± Cisplatin as Second-Line Treatment for BRCA1/2 or PALB2 Mutant Metastatic Pancreatic Ductal Adenocarcinoma (PLATINUM).	publication	NA	NA	NA			NA	UNCLEAR	
GRCh38:17:43063900:C:T	188417	Gly1709Glu	c.5126G>A	2026-08-19	BRCA1 Gly1709Glu	PubMed	42609953		Adaptive Surgical Decision-Making for Synchronous Metastatic Pancreatic Cancer and Early Breast Cancer with a BRCA1 Pathogenic Variant: A Case Report.	publication	NA	NA	NA			NA	UNCLEAR	
GRCh38:17:43063900:C:T	188417	Gly1709Glu	c.5126G>A	2026-08-19	BRCA1 Gly1709Glu	PubMed	42609763		An Unusual Presentation of Dermatofibrosarcoma Protuberans (DFSP): The Role of Advanced Molecular Testing in Collagen Type I Alpha 1 Chain (COL1A1)-Negative Cases.	publication	NA	NA	NA			NA	UNCLEAR	
GRCh38:17:43063900:C:T	188417	Gly1709Glu	c.5126G>A	2026-08-19	BRCA1 c.5126G>A	PubMed	42611417		Hormonal contraceptives and cancer risk in women with a BRCA1 or BRCA2 pathogenic variant.	publication	NA	NA	NA			NA	UNCLEAR	
GRCh38:17:43063900:C:T	188417	Gly1709Glu	c.5126G>A	2026-08-19	BRCA1 c.5126G>A	PubMed	42610144		AI-driven CRISPR strategies in breast cancer: Organoid modeling, adaptive editing, and precision delivery.	publication	NA	NA	NA			NA	UNCLEAR	
GRCh38:17:43063900:C:T	188417	Gly1709Glu	c.5126G>A	2026-08-19	BRCA1 c.5126G>A	PubMed	42610096		Alliance A022106: A Phase II/III Trial of Nab-Paclitaxel and Gemcitabine ± Cisplatin as Second-Line Treatment for BRCA1/2 or PALB2 Mutant Metastatic Pancreatic Ductal Adenocarcinoma (PLATINUM).	publication	NA	NA	NA			NA	UNCLEAR	
GRCh38:17:43063900:C:T	188417	Gly1709Glu	c.5126G>A	2026-08-19	BRCA1 c.5126G>A	PubMed	42609953		Adaptive Surgical Decision-Making for Synchronous Metastatic Pancreatic Cancer and Early Breast Cancer with a BRCA1 Pathogenic Variant: A Case Report.	publication	NA	NA	NA			NA	UNCLEAR	
GRCh38:17:43063900:C:T	188417	Gly1709Glu	c.5126G>A	2026-08-19	BRCA1 c.5126G>A	PubMed	42609763		An Unusual Presentation of Dermatofibrosarcoma Protuberans (DFSP): The Role of Advanced Molecular Testing in Collagen Type I Alpha 1 Chain (COL1A1)-Negative Cases.	publication	NA	NA	NA			NA	UNCLEAR	
GRCh38:17:43070959:A:T	188415	Met1652Lys	c.4955T>A	2026-08-19	Findlay SGE (MaveDB)	MaveDB			Findlay et al. 2018 (PMID 30209399)	saturation genome editing	saturation genome editing (HDR)	Met1652Lys	-1.53235546339967			-1.53235546339967	HIGH	partial coverage: RING+BRCT domains only
GRCh38:17:43070959:A:T	188415	Met1652Lys	c.4955T>A	2026-08-19	ClinVar esummary	ClinVar				clinical interpretation	NA	NA	NA		Uncertain significance	current=Uncertain significance; review=criteria provided, multiple submitters, no conflicts	MODERATE	
GRCh38:17:43070959:A:T	188415	Met1652Lys	c.4955T>A	2026-08-19	BRCA1 Met1652Lys	PubMed	42611417		Hormonal contraceptives and cancer risk in women with a BRCA1 or BRCA2 pathogenic variant.	publication	NA	NA	NA			NA	UNCLEAR	
GRCh38:17:43070959:A:T	188415	Met1652Lys	c.4955T>A	2026-08-19	BRCA1 Met1652Lys	PubMed	42610144		AI-driven CRISPR strategies in breast cancer: Organoid modeling, adaptive editing, and precision delivery.	publication	NA	NA	NA			NA	UNCLEAR	
GRCh38:17:43070959:A:T	188415	Met1652Lys	c.4955T>A	2026-08-19	BRCA1 Met1652Lys	PubMed	42610096		Alliance A022106: A Phase II/III Trial of Nab-Paclitaxel and Gemcitabine ± Cisplatin as Second-Line Treatment for BRCA1/2 or PALB2 Mutant Metastatic Pancreatic Ductal Adenocarcinoma (PLATINUM).	publication	NA	NA	NA			NA	UNCLEAR	
GRCh38:17:43070959:A:T	188415	Met1652Lys	c.4955T>A	2026-08-19	BRCA1 Met1652Lys	PubMed	42609953		Adaptive Surgical Decision-Making for Synchronous Metastatic Pancreatic Cancer and Early Breast Cancer with a BRCA1 Pathogenic Variant: A Case Report.	publication	NA	NA	NA			NA	UNCLEAR	
GRCh38:17:43070959:A:T	188415	Met1652Lys	c.4955T>A	2026-08-19	BRCA1 Met1652Lys	PubMed	42609763		An Unusual Presentation of Dermatofibrosarcoma Protuberans (DFSP): The Role of Advanced Molecular Testing in Collagen Type I Alpha 1 Chain (COL1A1)-Negative Cases.	publication	NA	NA	NA			NA	UNCLEAR	
GRCh38:17:43070959:A:T	188415	Met1652Lys	c.4955T>A	2026-08-19	BRCA1 c.4955T>A	PubMed	42611417		Hormonal contraceptives and cancer risk in women with a BRCA1 or BRCA2 pathogenic variant.	publication	NA	NA	NA			NA	UNCLEAR	
GRCh38:17:43070959:A:T	188415	Met1652Lys	c.4955T>A	2026-08-19	BRCA1 c.4955T>A	PubMed	42610144		AI-driven CRISPR strategies in breast cancer: Organoid modeling, adaptive editing, and precision delivery.	publication	NA	NA	NA			NA	UNCLEAR	
GRCh38:17:43070959:A:T	188415	Met1652Lys	c.4955T>A	2026-08-19	BRCA1 c.4955T>A	PubMed	42610096		Alliance A022106: A Phase II/III Trial of Nab-Paclitaxel and Gemcitabine ± Cisplatin as Second-Line Treatment for BRCA1/2 or PALB2 Mutant Metastatic Pancreatic Ductal Adenocarcinoma (PLATINUM).	publication	NA	NA	NA			NA	UNCLEAR	
GRCh38:17:43070959:A:T	188415	Met1652Lys	c.4955T>A	2026-08-19	BRCA1 c.4955T>A	PubMed	42609953		Adaptive Surgical Decision-Making for Synchronous Metastatic Pancreatic Cancer and Early Breast Cancer with a BRCA1 Pathogenic Variant: A Case Report.	publication	NA	NA	NA			NA	UNCLEAR	
GRCh38:17:43070959:A:T	188415	Met1652Lys	c.4955T>A	2026-08-19	BRCA1 c.4955T>A	PubMed	42609763		An Unusual Presentation of Dermatofibrosarcoma Protuberans (DFSP): The Role of Advanced Molecular Testing in Collagen Type I Alpha 1 Chain (COL1A1)-Negative Cases.	publication	NA	NA	NA			NA	UNCLEAR	
GRCh38:17:43082568:T:C	216667	Asp1398Gly	c.4193A>G	2026-08-19	Findlay SGE (MaveDB)	MaveDB			Findlay et al. 2018 (PMID 30209399)	saturation genome editing	saturation genome editing (HDR)	Asp1398Gly					HIGH	partial coverage: RING+BRCT domains only
GRCh38:17:43082568:T:C	216667	Asp1398Gly	c.4193A>G	2026-08-19	ClinVar esummary	ClinVar				clinical interpretation	NA	NA	NA		Uncertain significance	current=Uncertain significance; review=criteria provided, multiple submitters, no conflicts	MODERATE	
GRCh38:17:43082568:T:C	216667	Asp1398Gly	c.4193A>G	2026-08-19	BRCA1 Asp1398Gly	PubMed	42611417		Hormonal contraceptives and cancer risk in women with a BRCA1 or BRCA2 pathogenic variant.	publication	NA	NA	NA			NA	UNCLEAR	
GRCh38:17:43082568:T:C	216667	Asp1398Gly	c.4193A>G	2026-08-19	BRCA1 Asp1398Gly	PubMed	42610144		AI-driven CRISPR strategies in breast cancer: Organoid modeling, adaptive editing, and precision delivery.	publication	NA	NA	NA			NA	UNCLEAR	
GRCh38:17:43082568:T:C	216667	Asp1398Gly	c.4193A>G	2026-08-19	BRCA1 Asp1398Gly	PubMed	42610096		Alliance A022106: A Phase II/III Trial of Nab-Paclitaxel and Gemcitabine ± Cisplatin as Second-Line Treatment for BRCA1/2 or PALB2 Mutant Metastatic Pancreatic Ductal Adenocarcinoma (PLATINUM).	publication	NA	NA	NA			NA	UNCLEAR	
GRCh38:17:43082568:T:C	216667	Asp1398Gly	c.4193A>G	2026-08-19	BRCA1 Asp1398Gly	PubMed	42609953		Adaptive Surgical Decision-Making for Synchronous Metastatic Pancreatic Cancer and Early Breast Cancer with a BRCA1 Pathogenic Variant: A Case Report.	publication	NA	NA	NA			NA	UNCLEAR	
GRCh38:17:43082568:T:C	216667	Asp1398Gly	c.4193A>G	2026-08-19	BRCA1 Asp1398Gly	PubMed	42609763		An Unusual Presentation of Dermatofibrosarcoma Protuberans (DFSP): The Role of Advanced Molecular Testing in Collagen Type I Alpha 1 Chain (COL1A1)-Negative Cases.	publication	NA	NA	NA			NA	UNCLEAR	
GRCh38:17:43082568:T:C	216667	Asp1398Gly	c.4193A>G	2026-08-19	BRCA1 c.4193A>G	PubMed	42609450		Biomarker testing in advanced or metastatic hormone receptor-positive, human epidermal growth factor receptor 2 negative breast cancer: expert recommendations.	publication	NA	NA	NA			NA	UNCLEAR	
GRCh38:17:43082568:T:C	216667	Asp1398Gly	c.4193A>G	2026-08-19	BRCA1 c.4193A>G	PubMed	42581048		A ubiquitin chain-feeding mechanism for BRCA1-A.	publication	NA	NA	NA			NA	UNCLEAR	
GRCh38:17:43082568:T:C	216667	Asp1398Gly	c.4193A>G	2026-08-19	BRCA1 c.4193A>G	PubMed	42572185		Current Advances of Molecular Biomarkers and Liquid Biopsies Techniques in Ovarian Cancer.	publication	NA	NA	NA			NA	UNCLEAR	
GRCh38:17:43082568:T:C	216667	Asp1398Gly	c.4193A>G	2026-08-19	BRCA1 c.4193A>G	PubMed	42558868		Rewired DDR-TGF-β-β-catenin-PD-L1 axis accelerates progression and shapes therapy in human papillomavirus-driven cancer.	publication	NA	NA	NA			NA	UNCLEAR	
GRCh38:17:43082568:T:C	216667	Asp1398Gly	c.4193A>G	2026-08-19	BRCA1 c.4193A>G	PubMed	42513228		Breast Cancer: Epidemiology, Molecular Classification, Diagnostics and Evolving Treatment Paradigms.	publication	NA	NA	NA			NA	UNCLEAR	
GRCh38:17:43076542:A:G	233654	Phe1477Ser	c.4430T>C	2026-08-19	Findlay SGE (MaveDB)	MaveDB			Findlay et al. 2018 (PMID 30209399)	saturation genome editing	saturation genome editing (HDR)	Phe1477Ser					HIGH	partial coverage: RING+BRCT domains only
GRCh38:17:43076542:A:G	233654	Phe1477Ser	c.4430T>C	2026-08-19	ClinVar esummary	ClinVar				clinical interpretation	NA	NA	NA		Uncertain significance	current=Uncertain significance; review=criteria provided, single submitter	MODERATE	
GRCh38:17:43082428:G:T	233854	Pro1445Thr	c.4333C>A	2026-08-19	Findlay SGE (MaveDB)	MaveDB			Findlay et al. 2018 (PMID 30209399)	saturation genome editing	saturation genome editing (HDR)	Pro1445Thr					HIGH	partial coverage: RING+BRCT domains only
GRCh38:17:43082428:G:T	233854	Pro1445Thr	c.4333C>A	2026-08-19	ClinVar esummary	ClinVar				clinical interpretation	NA	NA	NA		Uncertain significance	current=Uncertain significance; review=criteria provided, multiple submitters, no conflicts	MODERATE	
GRCh38:17:43082428:G:T	233854	Pro1445Thr	c.4333C>A	2026-08-19	BRCA1 Pro1445Thr	PubMed	42611417		Hormonal contraceptives and cancer risk in women with a BRCA1 or BRCA2 pathogenic variant.	publication	NA	NA	NA			NA	UNCLEAR	
GRCh38:17:43082428:G:T	233854	Pro1445Thr	c.4333C>A	2026-08-19	BRCA1 Pro1445Thr	PubMed	42610144		AI-driven CRISPR strategies in breast cancer: Organoid modeling, adaptive editing, and precision delivery.	publication	NA	NA	NA			NA	UNCLEAR	
GRCh38:17:43082428:G:T	233854	Pro1445Thr	c.4333C>A	2026-08-19	BRCA1 Pro1445Thr	PubMed	42610096		Alliance A022106: A Phase II/III Trial of Nab-Paclitaxel and Gemcitabine ± Cisplatin as Second-Line Treatment for BRCA1/2 or PALB2 Mutant Metastatic Pancreatic Ductal Adenocarcinoma (PLATINUM).	publication	NA	NA	NA			NA	UNCLEAR	
GRCh38:17:43082428:G:T	233854	Pro1445Thr	c.4333C>A	2026-08-19	BRCA1 Pro1445Thr	PubMed	42609953		Adaptive Surgical Decision-Making for Synchronous Metastatic Pancreatic Cancer and Early Breast Cancer with a BRCA1 Pathogenic Variant: A Case Report.	publication	NA	NA	NA			NA	UNCLEAR	
GRCh38:17:43082428:G:T	233854	Pro1445Thr	c.4333C>A	2026-08-19	BRCA1 Pro1445Thr	PubMed	42609763		An Unusual Presentation of Dermatofibrosarcoma Protuberans (DFSP): The Role of Advanced Molecular Testing in Collagen Type I Alpha 1 Chain (COL1A1)-Negative Cases.	publication	NA	NA	NA			NA	UNCLEAR	
GRCh38:17:43082428:G:T	233854	Pro1445Thr	c.4333C>A	2026-08-19	BRCA1 c.4333C>A	PubMed	42611417		Hormonal contraceptives and cancer risk in women with a BRCA1 or BRCA2 pathogenic variant.	publication	NA	NA	NA			NA	UNCLEAR	
GRCh38:17:43082428:G:T	233854	Pro1445Thr	c.4333C>A	2026-08-19	BRCA1 c.4333C>A	PubMed	42610144		AI-driven CRISPR strategies in breast cancer: Organoid modeling, adaptive editing, and precision delivery.	publication	NA	NA	NA			NA	UNCLEAR	
GRCh38:17:43082428:G:T	233854	Pro1445Thr	c.4333C>A	2026-08-19	BRCA1 c.4333C>A	PubMed	42610096		Alliance A022106: A Phase II/III Trial of Nab-Paclitaxel and Gemcitabine ± Cisplatin as Second-Line Treatment for BRCA1/2 or PALB2 Mutant Metastatic Pancreatic Ductal Adenocarcinoma (PLATINUM).	publication	NA	NA	NA			NA	UNCLEAR	
GRCh38:17:43082428:G:T	233854	Pro1445Thr	c.4333C>A	2026-08-19	BRCA1 c.4333C>A	PubMed	42609953		Adaptive Surgical Decision-Making for Synchronous Metastatic Pancreatic Cancer and Early Breast Cancer with a BRCA1 Pathogenic Variant: A Case Report.	publication	NA	NA	NA			NA	UNCLEAR	
GRCh38:17:43082428:G:T	233854	Pro1445Thr	c.4333C>A	2026-08-19	BRCA1 c.4333C>A	PubMed	42609763		An Unusual Presentation of Dermatofibrosarcoma Protuberans (DFSP): The Role of Advanced Molecular Testing in Collagen Type I Alpha 1 Chain (COL1A1)-Negative Cases.	publication	NA	NA	NA			NA	UNCLEAR	
GRCh38:17:43082457:T:C	234039	Asp1435Gly	c.4304A>G	2026-08-19	Findlay SGE (MaveDB)	MaveDB			Findlay et al. 2018 (PMID 30209399)	saturation genome editing	saturation genome editing (HDR)	Asp1435Gly					HIGH	partial coverage: RING+BRCT domains only
GRCh38:17:43082457:T:C	234039	Asp1435Gly	c.4304A>G	2026-08-19	ClinVar esummary	ClinVar				clinical interpretation	NA	NA	NA		Uncertain significance	current=Uncertain significance; review=criteria provided, multiple submitters, no conflicts	MODERATE	
GRCh38:17:43082457:T:C	234039	Asp1435Gly	c.4304A>G	2026-08-19	BRCA1 Asp1435Gly	PubMed	42611417		Hormonal contraceptives and cancer risk in women with a BRCA1 or BRCA2 pathogenic variant.	publication	NA	NA	NA			NA	UNCLEAR	
GRCh38:17:43082457:T:C	234039	Asp1435Gly	c.4304A>G	2026-08-19	BRCA1 Asp1435Gly	PubMed	42610144		AI-driven CRISPR strategies in breast cancer: Organoid modeling, adaptive editing, and precision delivery.	publication	NA	NA	NA			NA	UNCLEAR	
GRCh38:17:43082457:T:C	234039	Asp1435Gly	c.4304A>G	2026-08-19	BRCA1 Asp1435Gly	PubMed	42610096		Alliance A022106: A Phase II/III Trial of Nab-Paclitaxel and Gemcitabine ± Cisplatin as Second-Line Treatment for BRCA1/2 or PALB2 Mutant Metastatic Pancreatic Ductal Adenocarcinoma (PLATINUM).	publication	NA	NA	NA			NA	UNCLEAR	
GRCh38:17:43082457:T:C	234039	Asp1435Gly	c.4304A>G	2026-08-19	BRCA1 Asp1435Gly	PubMed	42609953		Adaptive Surgical Decision-Making for Synchronous Metastatic Pancreatic Cancer and Early Breast Cancer with a BRCA1 Pathogenic Variant: A Case Report.	publication	NA	NA	NA			NA	UNCLEAR	
GRCh38:17:43082457:T:C	234039	Asp1435Gly	c.4304A>G	2026-08-19	BRCA1 Asp1435Gly	PubMed	42609763		An Unusual Presentation of Dermatofibrosarcoma Protuberans (DFSP): The Role of Advanced Molecular Testing in Collagen Type I Alpha 1 Chain (COL1A1)-Negative Cases.	publication	NA	NA	NA			NA	UNCLEAR	
GRCh38:17:43082457:T:C	234039	Asp1435Gly	c.4304A>G	2026-08-19	BRCA1 c.4304A>G	PubMed	42609450		Biomarker testing in advanced or metastatic hormone receptor-positive, human epidermal growth factor receptor 2 negative breast cancer: expert recommendations.	publication	NA	NA	NA			NA	UNCLEAR	
GRCh38:17:43082457:T:C	234039	Asp1435Gly	c.4304A>G	2026-08-19	BRCA1 c.4304A>G	PubMed	42581048		A ubiquitin chain-feeding mechanism for BRCA1-A.	publication	NA	NA	NA			NA	UNCLEAR	
GRCh38:17:43082457:T:C	234039	Asp1435Gly	c.4304A>G	2026-08-19	BRCA1 c.4304A>G	PubMed	42572185		Current Advances of Molecular Biomarkers and Liquid Biopsies Techniques in Ovarian Cancer.	publication	NA	NA	NA			NA	UNCLEAR	
GRCh38:17:43082457:T:C	234039	Asp1435Gly	c.4304A>G	2026-08-19	BRCA1 c.4304A>G	PubMed	42558868		Rewired DDR-TGF-β-β-catenin-PD-L1 axis accelerates progression and shapes therapy in human papillomavirus-driven cancer.	publication	NA	NA	NA			NA	UNCLEAR	
GRCh38:17:43082457:T:C	234039	Asp1435Gly	c.4304A>G	2026-08-19	BRCA1 c.4304A>G	PubMed	42513228		Breast Cancer: Epidemiology, Molecular Classification, Diagnostics and Evolving Treatment Paradigms.	publication	NA	NA	NA			NA	UNCLEAR	
GRCh38:17:43082503:G:C	230483	Gln1420Glu	c.4258C>G	2026-08-19	Findlay SGE (MaveDB)	MaveDB			Findlay et al. 2018 (PMID 30209399)	saturation genome editing	saturation genome editing (HDR)	Gln1420Glu					HIGH	partial coverage: RING+BRCT domains only
GRCh38:17:43082503:G:C	230483	Gln1420Glu	c.4258C>G	2026-08-19	ClinVar esummary	ClinVar				clinical interpretation	NA	NA	NA		Uncertain significance	current=Uncertain significance; review=criteria provided, multiple submitters, no conflicts	MODERATE	
GRCh38:17:43082503:G:C	230483	Gln1420Glu	c.4258C>G	2026-08-19	BRCA1 Gln1420Glu	PubMed	42611417		Hormonal contraceptives and cancer risk in women with a BRCA1 or BRCA2 pathogenic variant.	publication	NA	NA	NA			NA	UNCLEAR	
GRCh38:17:43082503:G:C	230483	Gln1420Glu	c.4258C>G	2026-08-19	BRCA1 Gln1420Glu	PubMed	42610144		AI-driven CRISPR strategies in breast cancer: Organoid modeling, adaptive editing, and precision delivery.	publication	NA	NA	NA			NA	UNCLEAR	
GRCh38:17:43082503:G:C	230483	Gln1420Glu	c.4258C>G	2026-08-19	BRCA1 Gln1420Glu	PubMed	42610096		Alliance A022106: A Phase II/III Trial of Nab-Paclitaxel and Gemcitabine ± Cisplatin as Second-Line Treatment for BRCA1/2 or PALB2 Mutant Metastatic Pancreatic Ductal Adenocarcinoma (PLATINUM).	publication	NA	NA	NA			NA	UNCLEAR	
GRCh38:17:43082503:G:C	230483	Gln1420Glu	c.4258C>G	2026-08-19	BRCA1 Gln1420Glu	PubMed	42609953		Adaptive Surgical Decision-Making for Synchronous Metastatic Pancreatic Cancer and Early Breast Cancer with a BRCA1 Pathogenic Variant: A Case Report.	publication	NA	NA	NA			NA	UNCLEAR	
GRCh38:17:43082503:G:C	230483	Gln1420Glu	c.4258C>G	2026-08-19	BRCA1 Gln1420Glu	PubMed	42609763		An Unusual Presentation of Dermatofibrosarcoma Protuberans (DFSP): The Role of Advanced Molecular Testing in Collagen Type I Alpha 1 Chain (COL1A1)-Negative Cases.	publication	NA	NA	NA			NA	UNCLEAR	
GRCh38:17:43082503:G:C	230483	Gln1420Glu	c.4258C>G	2026-08-19	BRCA1 c.4258C>G	PubMed	15880680		Two ATM variants and breast cancer risk.	publication	NA	NA	NA			NA	UNCLEAR	
GRCh38:17:43099789:A:T	232937	Val178Asp	c.533T>A	2026-08-19	Findlay SGE (MaveDB)	MaveDB			Findlay et al. 2018 (PMID 30209399)	saturation genome editing	saturation genome editing (HDR)	Val178Asp					HIGH	partial coverage: RING+BRCT domains only
GRCh38:17:43099789:A:T	232937	Val178Asp	c.533T>A	2026-08-19	ClinVar esummary	ClinVar				clinical interpretation	NA	NA	NA		Uncertain significance	current=Uncertain significance; review=criteria provided, multiple submitters, no conflicts	MODERATE	
GRCh38:17:43099789:A:T	232937	Val178Asp	c.533T>A	2026-08-19	BRCA1 Val178Asp	PubMed	42611417		Hormonal contraceptives and cancer risk in women with a BRCA1 or BRCA2 pathogenic variant.	publication	NA	NA	NA			NA	UNCLEAR	
GRCh38:17:43099789:A:T	232937	Val178Asp	c.533T>A	2026-08-19	BRCA1 Val178Asp	PubMed	42610144		AI-driven CRISPR strategies in breast cancer: Organoid modeling, adaptive editing, and precision delivery.	publication	NA	NA	NA			NA	UNCLEAR	
GRCh38:17:43099789:A:T	232937	Val178Asp	c.533T>A	2026-08-19	BRCA1 Val178Asp	PubMed	42610096		Alliance A022106: A Phase II/III Trial of Nab-Paclitaxel and Gemcitabine ± Cisplatin as Second-Line Treatment for BRCA1/2 or PALB2 Mutant Metastatic Pancreatic Ductal Adenocarcinoma (PLATINUM).	publication	NA	NA	NA			NA	UNCLEAR	
GRCh38:17:43099789:A:T	232937	Val178Asp	c.533T>A	2026-08-19	BRCA1 Val178Asp	PubMed	42609953		Adaptive Surgical Decision-Making for Synchronous Metastatic Pancreatic Cancer and Early Breast Cancer with a BRCA1 Pathogenic Variant: A Case Report.	publication	NA	NA	NA			NA	UNCLEAR	
GRCh38:17:43099789:A:T	232937	Val178Asp	c.533T>A	2026-08-19	BRCA1 Val178Asp	PubMed	42609763		An Unusual Presentation of Dermatofibrosarcoma Protuberans (DFSP): The Role of Advanced Molecular Testing in Collagen Type I Alpha 1 Chain (COL1A1)-Negative Cases.	publication	NA	NA	NA			NA	UNCLEAR	
GRCh38:17:43099789:A:T	232937	Val178Asp	c.533T>A	2026-08-19	BRCA1 c.533T>A	PubMed	42611417		Hormonal contraceptives and cancer risk in women with a BRCA1 or BRCA2 pathogenic variant.	publication	NA	NA	NA			NA	UNCLEAR	
GRCh38:17:43099789:A:T	232937	Val178Asp	c.533T>A	2026-08-19	BRCA1 c.533T>A	PubMed	42610144		AI-driven CRISPR strategies in breast cancer: Organoid modeling, adaptive editing, and precision delivery.	publication	NA	NA	NA			NA	UNCLEAR	
GRCh38:17:43099789:A:T	232937	Val178Asp	c.533T>A	2026-08-19	BRCA1 c.533T>A	PubMed	42610096		Alliance A022106: A Phase II/III Trial of Nab-Paclitaxel and Gemcitabine ± Cisplatin as Second-Line Treatment for BRCA1/2 or PALB2 Mutant Metastatic Pancreatic Ductal Adenocarcinoma (PLATINUM).	publication	NA	NA	NA			NA	UNCLEAR	
GRCh38:17:43099789:A:T	232937	Val178Asp	c.533T>A	2026-08-19	BRCA1 c.533T>A	PubMed	42609953		Adaptive Surgical Decision-Making for Synchronous Metastatic Pancreatic Cancer and Early Breast Cancer with a BRCA1 Pathogenic Variant: A Case Report.	publication	NA	NA	NA			NA	UNCLEAR	
GRCh38:17:43099789:A:T	232937	Val178Asp	c.533T>A	2026-08-19	BRCA1 c.533T>A	PubMed	42609763		An Unusual Presentation of Dermatofibrosarcoma Protuberans (DFSP): The Role of Advanced Molecular Testing in Collagen Type I Alpha 1 Chain (COL1A1)-Negative Cases.	publication	NA	NA	NA			NA	UNCLEAR	
GRCh38:17:43099856:G:T	233464	Leu156Ile	c.466C>A	2026-08-19	Findlay SGE (MaveDB)	MaveDB			Findlay et al. 2018 (PMID 30209399)	saturation genome editing	saturation genome editing (HDR)	Leu156Ile					HIGH	partial coverage: RING+BRCT domains only
GRCh38:17:43099856:G:T	233464	Leu156Ile	c.466C>A	2026-08-19	ClinVar esummary	ClinVar				clinical interpretation	NA	NA	NA		Uncertain significance	current=Uncertain significance; review=criteria provided, multiple submitters, no conflicts	MODERATE	
GRCh38:17:43099856:G:T	233464	Leu156Ile	c.466C>A	2026-08-19	BRCA1 Leu156Ile	PubMed	42611417		Hormonal contraceptives and cancer risk in women with a BRCA1 or BRCA2 pathogenic variant.	publication	NA	NA	NA			NA	UNCLEAR	
GRCh38:17:43099856:G:T	233464	Leu156Ile	c.466C>A	2026-08-19	BRCA1 Leu156Ile	PubMed	42610144		AI-driven CRISPR strategies in breast cancer: Organoid modeling, adaptive editing, and precision delivery.	publication	NA	NA	NA			NA	UNCLEAR	
GRCh38:17:43099856:G:T	233464	Leu156Ile	c.466C>A	2026-08-19	BRCA1 Leu156Ile	PubMed	42610096		Alliance A022106: A Phase II/III Trial of Nab-Paclitaxel and Gemcitabine ± Cisplatin as Second-Line Treatment for BRCA1/2 or PALB2 Mutant Metastatic Pancreatic Ductal Adenocarcinoma (PLATINUM).	publication	NA	NA	NA			NA	UNCLEAR	
GRCh38:17:43099856:G:T	233464	Leu156Ile	c.466C>A	2026-08-19	BRCA1 Leu156Ile	PubMed	42609953		Adaptive Surgical Decision-Making for Synchronous Metastatic Pancreatic Cancer and Early Breast Cancer with a BRCA1 Pathogenic Variant: A Case Report.	publication	NA	NA	NA			NA	UNCLEAR	
GRCh38:17:43099856:G:T	233464	Leu156Ile	c.466C>A	2026-08-19	BRCA1 Leu156Ile	PubMed	42609763		An Unusual Presentation of Dermatofibrosarcoma Protuberans (DFSP): The Role of Advanced Molecular Testing in Collagen Type I Alpha 1 Chain (COL1A1)-Negative Cases.	publication	NA	NA	NA			NA	UNCLEAR	
GRCh38:17:43082556:T:G	240800	His1402Pro	c.4205A>C	2026-08-19	Findlay SGE (MaveDB)	MaveDB			Findlay et al. 2018 (PMID 30209399)	saturation genome editing	saturation genome editing (HDR)	His1402Pro					HIGH	partial coverage: RING+BRCT domains only
GRCh38:17:43082556:T:G	240800	His1402Pro	c.4205A>C	2026-08-19	ClinVar esummary	ClinVar				clinical interpretation	NA	NA	NA		Uncertain significance	current=Uncertain significance; review=criteria provided, multiple submitters, no conflicts	MODERATE	
GRCh38:17:43082508:A:G	246517	Leu1418Ser	c.4253T>C	2026-08-19	Findlay SGE (MaveDB)	MaveDB			Findlay et al. 2018 (PMID 30209399)	saturation genome editing	saturation genome editing (HDR)	Leu1418Ser					HIGH	partial coverage: RING+BRCT domains only
GRCh38:17:43082508:A:G	246517	Leu1418Ser	c.4253T>C	2026-08-19	ClinVar esummary	ClinVar				clinical interpretation	NA	NA	NA		Uncertain significance	current=Uncertain significance; review=criteria provided, multiple submitters, no conflicts	MODERATE	
GRCh38:17:43082508:A:G	246517	Leu1418Ser	c.4253T>C	2026-08-19	BRCA1 Leu1418Ser	PubMed	42611417		Hormonal contraceptives and cancer risk in women with a BRCA1 or BRCA2 pathogenic variant.	publication	NA	NA	NA			NA	UNCLEAR	
GRCh38:17:43082508:A:G	246517	Leu1418Ser	c.4253T>C	2026-08-19	BRCA1 Leu1418Ser	PubMed	42610144		AI-driven CRISPR strategies in breast cancer: Organoid modeling, adaptive editing, and precision delivery.	publication	NA	NA	NA			NA	UNCLEAR	
GRCh38:17:43082508:A:G	246517	Leu1418Ser	c.4253T>C	2026-08-19	BRCA1 Leu1418Ser	PubMed	42610096		Alliance A022106: A Phase II/III Trial of Nab-Paclitaxel and Gemcitabine ± Cisplatin as Second-Line Treatment for BRCA1/2 or PALB2 Mutant Metastatic Pancreatic Ductal Adenocarcinoma (PLATINUM).	publication	NA	NA	NA			NA	UNCLEAR	
GRCh38:17:43082508:A:G	246517	Leu1418Ser	c.4253T>C	2026-08-19	BRCA1 Leu1418Ser	PubMed	42609953		Adaptive Surgical Decision-Making for Synchronous Metastatic Pancreatic Cancer and Early Breast Cancer with a BRCA1 Pathogenic Variant: A Case Report.	publication	NA	NA	NA			NA	UNCLEAR	
GRCh38:17:43082508:A:G	246517	Leu1418Ser	c.4253T>C	2026-08-19	BRCA1 Leu1418Ser	PubMed	42609763		An Unusual Presentation of Dermatofibrosarcoma Protuberans (DFSP): The Role of Advanced Molecular Testing in Collagen Type I Alpha 1 Chain (COL1A1)-Negative Cases.	publication	NA	NA	NA			NA	UNCLEAR	
GRCh38:17:43082508:A:G	246517	Leu1418Ser	c.4253T>C	2026-08-19	BRCA1 c.4253T>C	PubMed	42609450		Biomarker testing in advanced or metastatic hormone receptor-positive, human epidermal growth factor receptor 2 negative breast cancer: expert recommendations.	publication	NA	NA	NA			NA	UNCLEAR	
GRCh38:17:43082508:A:G	246517	Leu1418Ser	c.4253T>C	2026-08-19	BRCA1 c.4253T>C	PubMed	42584742		Real-world clinical outcomes of patients with early-stage TNBC and BRCAm who were treated with adjuvant capecitabine in the United States.	publication	NA	NA	NA			NA	UNCLEAR	
GRCh38:17:43082508:A:G	246517	Leu1418Ser	c.4253T>C	2026-08-19	BRCA1 c.4253T>C	PubMed	42580099		Chemotherapy type and survival in young BRCA1/2 carriers with HER2-negative early breast cancer.	publication	NA	NA	NA			NA	UNCLEAR	
GRCh38:17:43082508:A:G	246517	Leu1418Ser	c.4253T>C	2026-08-19	BRCA1 c.4253T>C	PubMed	42560601		BRCA1-derived peptide constructs exhibit sequence-dependent features compatible with modulation of the p53-MDM2 axis.	publication	NA	NA	NA			NA	UNCLEAR	
GRCh38:17:43082508:A:G	246517	Leu1418Ser	c.4253T>C	2026-08-19	BRCA1 c.4253T>C	PubMed	42524928		Whole-genome sequencing in Brazilian patients with neurofibromatosis type 1, including novel variants, incidental findings, and dual diagnoses.	publication	NA	NA	NA			NA	UNCLEAR	
GRCh38:17:43082520:A:C	245779	Leu1414Arg	c.4241T>G	2026-08-19	Findlay SGE (MaveDB)	MaveDB			Findlay et al. 2018 (PMID 30209399)	saturation genome editing	saturation genome editing (HDR)	Leu1414Arg					HIGH	partial coverage: RING+BRCT domains only
GRCh38:17:43082520:A:C	245779	Leu1414Arg	c.4241T>G	2026-08-19	ClinVar esummary	ClinVar				clinical interpretation	NA	NA	NA		Uncertain significance	current=Uncertain significance; review=criteria provided, multiple submitters, no conflicts	MODERATE	
GRCh38:17:43076514:A:C	252387	Ser1486Arg	c.4458T>G	2026-08-19	Findlay SGE (MaveDB)	MaveDB			Findlay et al. 2018 (PMID 30209399)	saturation genome editing	saturation genome editing (HDR)	Ser1486Arg					HIGH	partial coverage: RING+BRCT domains only
GRCh38:17:43076514:A:C	252387	Ser1486Arg	c.4458T>G	2026-08-19	ClinVar esummary	ClinVar				clinical interpretation	NA	NA	NA		Uncertain significance	current=Uncertain significance; review=criteria provided, single submitter	MODERATE	
GRCh38:17:43082488:G:C	252398	Pro1425Ala	c.4273C>G	2026-08-19	Findlay SGE (MaveDB)	MaveDB			Findlay et al. 2018 (PMID 30209399)	saturation genome editing	saturation genome editing (HDR)	Pro1425Ala					HIGH	partial coverage: RING+BRCT domains only
GRCh38:17:43082488:G:C	252398	Pro1425Ala	c.4273C>G	2026-08-19	ClinVar esummary	ClinVar				clinical interpretation	NA	NA	NA		Uncertain significance	current=Uncertain significance; review=criteria provided, single submitter	MODERATE	
GRCh38:17:43106468:T:A	409307	Asp67Val	c.200A>T	2026-08-19	Findlay SGE (MaveDB)	MaveDB			Findlay et al. 2018 (PMID 30209399)	saturation genome editing	saturation genome editing (HDR)	Asp67Val	0.141412315907018			0.141412315907018	HIGH	partial coverage: RING+BRCT domains only
GRCh38:17:43106468:T:A	409307	Asp67Val	c.200A>T	2026-08-19	ClinVar esummary	ClinVar				clinical interpretation	NA	NA	NA		Uncertain significance	current=Uncertain significance; review=criteria provided, multiple submitters, no conflicts	MODERATE	
GRCh38:17:43106468:T:A	409307	Asp67Val	c.200A>T	2026-08-19	BRCA1 c.200A>T	PubMed	42610144		AI-driven CRISPR strategies in breast cancer: Organoid modeling, adaptive editing, and precision delivery.	publication	NA	NA	NA			NA	UNCLEAR	
GRCh38:17:43106468:T:A	409307	Asp67Val	c.200A>T	2026-08-19	BRCA1 c.200A>T	PubMed	42609450		Biomarker testing in advanced or metastatic hormone receptor-positive, human epidermal growth factor receptor 2 negative breast cancer: expert recommendations.	publication	NA	NA	NA			NA	UNCLEAR	
GRCh38:17:43106468:T:A	409307	Asp67Val	c.200A>T	2026-08-19	BRCA1 c.200A>T	PubMed	42597706		Germline BRCA1 pathogenic variants and T cell dysfunction.	publication	NA	NA	NA			NA	UNCLEAR	
GRCh38:17:43106468:T:A	409307	Asp67Val	c.200A>T	2026-08-19	BRCA1 c.200A>T	PubMed	42581048		A ubiquitin chain-feeding mechanism for BRCA1-A.	publication	NA	NA	NA			NA	UNCLEAR	
GRCh38:17:43106468:T:A	409307	Asp67Val	c.200A>T	2026-08-19	BRCA1 c.200A>T	PubMed	42580462		Mechanistic Insights into Genomic Basis of Crosstalk Between Metabolic Reprogramming and Immune Dysfunction in Ovarian Cancer.	publication	NA	NA	NA			NA	UNCLEAR	
GRCh38:17:43099778:A:T	409323	Leu182Met	c.544T>A	2026-08-19	Findlay SGE (MaveDB)	MaveDB			Findlay et al. 2018 (PMID 30209399)	saturation genome editing	saturation genome editing (HDR)	Leu182Met					HIGH	partial coverage: RING+BRCT domains only
GRCh38:17:43099778:A:T	409323	Leu182Met	c.544T>A	2026-08-19	ClinVar esummary	ClinVar				clinical interpretation	NA	NA	NA		Uncertain significance	current=Uncertain significance; review=criteria provided, multiple submitters, no conflicts	MODERATE	
GRCh38:17:43099778:A:T	409323	Leu182Met	c.544T>A	2026-08-19	BRCA1 Leu182Met	PubMed	42611417		Hormonal contraceptives and cancer risk in women with a BRCA1 or BRCA2 pathogenic variant.	publication	NA	NA	NA			NA	UNCLEAR	
GRCh38:17:43099778:A:T	409323	Leu182Met	c.544T>A	2026-08-19	BRCA1 Leu182Met	PubMed	42610144		AI-driven CRISPR strategies in breast cancer: Organoid modeling, adaptive editing, and precision delivery.	publication	NA	NA	NA			NA	UNCLEAR	
GRCh38:17:43099778:A:T	409323	Leu182Met	c.544T>A	2026-08-19	BRCA1 Leu182Met	PubMed	42610096		Alliance A022106: A Phase II/III Trial of Nab-Paclitaxel and Gemcitabine ± Cisplatin as Second-Line Treatment for BRCA1/2 or PALB2 Mutant Metastatic Pancreatic Ductal Adenocarcinoma (PLATINUM).	publication	NA	NA	NA			NA	UNCLEAR	
GRCh38:17:43099778:A:T	409323	Leu182Met	c.544T>A	2026-08-19	BRCA1 Leu182Met	PubMed	42609953		Adaptive Surgical Decision-Making for Synchronous Metastatic Pancreatic Cancer and Early Breast Cancer with a BRCA1 Pathogenic Variant: A Case Report.	publication	NA	NA	NA			NA	UNCLEAR	
GRCh38:17:43099778:A:T	409323	Leu182Met	c.544T>A	2026-08-19	BRCA1 Leu182Met	PubMed	42609763		An Unusual Presentation of Dermatofibrosarcoma Protuberans (DFSP): The Role of Advanced Molecular Testing in Collagen Type I Alpha 1 Chain (COL1A1)-Negative Cases.	publication	NA	NA	NA			NA	UNCLEAR	
GRCh38:17:43099778:A:T	409323	Leu182Met	c.544T>A	2026-08-19	BRCA1 c.544T>A	PubMed	42611417		Hormonal contraceptives and cancer risk in women with a BRCA1 or BRCA2 pathogenic variant.	publication	NA	NA	NA			NA	UNCLEAR	
GRCh38:17:43099778:A:T	409323	Leu182Met	c.544T>A	2026-08-19	BRCA1 c.544T>A	PubMed	42610144		AI-driven CRISPR strategies in breast cancer: Organoid modeling, adaptive editing, and precision delivery.	publication	NA	NA	NA			NA	UNCLEAR	
GRCh38:17:43099778:A:T	409323	Leu182Met	c.544T>A	2026-08-19	BRCA1 c.544T>A	PubMed	42610096		Alliance A022106: A Phase II/III Trial of Nab-Paclitaxel and Gemcitabine ± Cisplatin as Second-Line Treatment for BRCA1/2 or PALB2 Mutant Metastatic Pancreatic Ductal Adenocarcinoma (PLATINUM).	publication	NA	NA	NA			NA	UNCLEAR	
GRCh38:17:43099778:A:T	409323	Leu182Met	c.544T>A	2026-08-19	BRCA1 c.544T>A	PubMed	42609953		Adaptive Surgical Decision-Making for Synchronous Metastatic Pancreatic Cancer and Early Breast Cancer with a BRCA1 Pathogenic Variant: A Case Report.	publication	NA	NA	NA			NA	UNCLEAR	
GRCh38:17:43099778:A:T	409323	Leu182Met	c.544T>A	2026-08-19	BRCA1 c.544T>A	PubMed	42609763		An Unusual Presentation of Dermatofibrosarcoma Protuberans (DFSP): The Role of Advanced Molecular Testing in Collagen Type I Alpha 1 Chain (COL1A1)-Negative Cases.	publication	NA	NA	NA			NA	UNCLEAR	
GRCh38:17:43045748:C:G	423044	Ser1841Thr	c.5522G>C	2026-08-19	Findlay SGE (MaveDB)	MaveDB			Findlay et al. 2018 (PMID 30209399)	saturation genome editing	saturation genome editing (HDR)	Ser1841Thr	-1.86342946322187			-1.86342946322187	HIGH	partial coverage: RING+BRCT domains only
GRCh38:17:43045748:C:G	423044	Ser1841Thr	c.5522G>C	2026-08-19	ClinVar esummary	ClinVar				clinical interpretation	NA	NA	NA		Uncertain significance	current=Uncertain significance; review=reviewed by expert panel	HIGH	
GRCh38:17:43045748:C:G	423044	Ser1841Thr	c.5522G>C	2026-08-19	BRCA1 Ser1841Thr	PubMed	42611417		Hormonal contraceptives and cancer risk in women with a BRCA1 or BRCA2 pathogenic variant.	publication	NA	NA	NA			NA	UNCLEAR	
GRCh38:17:43045748:C:G	423044	Ser1841Thr	c.5522G>C	2026-08-19	BRCA1 Ser1841Thr	PubMed	42610144		AI-driven CRISPR strategies in breast cancer: Organoid modeling, adaptive editing, and precision delivery.	publication	NA	NA	NA			NA	UNCLEAR	
GRCh38:17:43045748:C:G	423044	Ser1841Thr	c.5522G>C	2026-08-19	BRCA1 Ser1841Thr	PubMed	42610096		Alliance A022106: A Phase II/III Trial of Nab-Paclitaxel and Gemcitabine ± Cisplatin as Second-Line Treatment for BRCA1/2 or PALB2 Mutant Metastatic Pancreatic Ductal Adenocarcinoma (PLATINUM).	publication	NA	NA	NA			NA	UNCLEAR	
GRCh38:17:43045748:C:G	423044	Ser1841Thr	c.5522G>C	2026-08-19	BRCA1 Ser1841Thr	PubMed	42609953		Adaptive Surgical Decision-Making for Synchronous Metastatic Pancreatic Cancer and Early Breast Cancer with a BRCA1 Pathogenic Variant: A Case Report.	publication	NA	NA	NA			NA	UNCLEAR	
GRCh38:17:43045748:C:G	423044	Ser1841Thr	c.5522G>C	2026-08-19	BRCA1 Ser1841Thr	PubMed	42609763		An Unusual Presentation of Dermatofibrosarcoma Protuberans (DFSP): The Role of Advanced Molecular Testing in Collagen Type I Alpha 1 Chain (COL1A1)-Negative Cases.	publication	NA	NA	NA			NA	UNCLEAR	
GRCh38:17:43045748:C:G	423044	Ser1841Thr	c.5522G>C	2026-08-19	BRCA1 c.5522G>C	PubMed	42609450		Biomarker testing in advanced or metastatic hormone receptor-positive, human epidermal growth factor receptor 2 negative breast cancer: expert recommendations.	publication	NA	NA	NA			NA	UNCLEAR	
GRCh38:17:43045748:C:G	423044	Ser1841Thr	c.5522G>C	2026-08-19	BRCA1 c.5522G>C	PubMed	42584742		Real-world clinical outcomes of patients with early-stage TNBC and BRCAm who were treated with adjuvant capecitabine in the United States.	publication	NA	NA	NA			NA	UNCLEAR	
GRCh38:17:43045748:C:G	423044	Ser1841Thr	c.5522G>C	2026-08-19	BRCA1 c.5522G>C	PubMed	42580099		Chemotherapy type and survival in young BRCA1/2 carriers with HER2-negative early breast cancer.	publication	NA	NA	NA			NA	UNCLEAR	
GRCh38:17:43045748:C:G	423044	Ser1841Thr	c.5522G>C	2026-08-19	BRCA1 c.5522G>C	PubMed	42560601		BRCA1-derived peptide constructs exhibit sequence-dependent features compatible with modulation of the p53-MDM2 axis.	publication	NA	NA	NA			NA	UNCLEAR	
GRCh38:17:43045748:C:G	423044	Ser1841Thr	c.5522G>C	2026-08-19	BRCA1 c.5522G>C	PubMed	42524928		Whole-genome sequencing in Brazilian patients with neurofibromatosis type 1, including novel variants, incidental findings, and dual diagnoses.	publication	NA	NA	NA			NA	UNCLEAR	
GRCh38:17:43076576:T:A	420981	Ser1466Cys	c.4396A>T	2026-08-19	Findlay SGE (MaveDB)	MaveDB			Findlay et al. 2018 (PMID 30209399)	saturation genome editing	saturation genome editing (HDR)	Ser1466Cys					HIGH	partial coverage: RING+BRCT domains only
GRCh38:17:43076576:T:A	420981	Ser1466Cys	c.4396A>T	2026-08-19	ClinVar esummary	ClinVar				clinical interpretation	NA	NA	NA		Uncertain significance	current=Uncertain significance; review=criteria provided, multiple submitters, no conflicts	MODERATE	
GRCh38:17:43076576:T:A	420981	Ser1466Cys	c.4396A>T	2026-08-19	BRCA1 Ser1466Cys	PubMed	42611417		Hormonal contraceptives and cancer risk in women with a BRCA1 or BRCA2 pathogenic variant.	publication	NA	NA	NA			NA	UNCLEAR	
GRCh38:17:43076576:T:A	420981	Ser1466Cys	c.4396A>T	2026-08-19	BRCA1 Ser1466Cys	PubMed	42610144		AI-driven CRISPR strategies in breast cancer: Organoid modeling, adaptive editing, and precision delivery.	publication	NA	NA	NA			NA	UNCLEAR	
GRCh38:17:43076576:T:A	420981	Ser1466Cys	c.4396A>T	2026-08-19	BRCA1 Ser1466Cys	PubMed	42610096		Alliance A022106: A Phase II/III Trial of Nab-Paclitaxel and Gemcitabine ± Cisplatin as Second-Line Treatment for BRCA1/2 or PALB2 Mutant Metastatic Pancreatic Ductal Adenocarcinoma (PLATINUM).	publication	NA	NA	NA			NA	UNCLEAR	
GRCh38:17:43076576:T:A	420981	Ser1466Cys	c.4396A>T	2026-08-19	BRCA1 Ser1466Cys	PubMed	42609953		Adaptive Surgical Decision-Making for Synchronous Metastatic Pancreatic Cancer and Early Breast Cancer with a BRCA1 Pathogenic Variant: A Case Report.	publication	NA	NA	NA			NA	UNCLEAR	
GRCh38:17:43076576:T:A	420981	Ser1466Cys	c.4396A>T	2026-08-19	BRCA1 Ser1466Cys	PubMed	42609763		An Unusual Presentation of Dermatofibrosarcoma Protuberans (DFSP): The Role of Advanced Molecular Testing in Collagen Type I Alpha 1 Chain (COL1A1)-Negative Cases.	publication	NA	NA	NA			NA	UNCLEAR	
GRCh38:17:43076576:T:A	420981	Ser1466Cys	c.4396A>T	2026-08-19	BRCA1 c.4396A>T	PubMed	42610144		AI-driven CRISPR strategies in breast cancer: Organoid modeling, adaptive editing, and precision delivery.	publication	NA	NA	NA			NA	UNCLEAR	
GRCh38:17:43076576:T:A	420981	Ser1466Cys	c.4396A>T	2026-08-19	BRCA1 c.4396A>T	PubMed	42609450		Biomarker testing in advanced or metastatic hormone receptor-positive, human epidermal growth factor receptor 2 negative breast cancer: expert recommendations.	publication	NA	NA	NA			NA	UNCLEAR	
GRCh38:17:43076576:T:A	420981	Ser1466Cys	c.4396A>T	2026-08-19	BRCA1 c.4396A>T	PubMed	42597706		Germline BRCA1 pathogenic variants and T cell dysfunction.	publication	NA	NA	NA			NA	UNCLEAR	
GRCh38:17:43076576:T:A	420981	Ser1466Cys	c.4396A>T	2026-08-19	BRCA1 c.4396A>T	PubMed	42581048		A ubiquitin chain-feeding mechanism for BRCA1-A.	publication	NA	NA	NA			NA	UNCLEAR	
GRCh38:17:43076576:T:A	420981	Ser1466Cys	c.4396A>T	2026-08-19	BRCA1 c.4396A>T	PubMed	42580462		Mechanistic Insights into Genomic Basis of Crosstalk Between Metabolic Reprogramming and Immune Dysfunction in Ovarian Cancer.	publication	NA	NA	NA			NA	UNCLEAR	
GRCh38:17:43104180:A:G	418065	Met128Thr	c.383T>C	2026-08-19	Findlay SGE (MaveDB)	MaveDB			Findlay et al. 2018 (PMID 30209399)	saturation genome editing	saturation genome editing (HDR)	Met128Thr					HIGH	partial coverage: RING+BRCT domains only
GRCh38:17:43104180:A:G	418065	Met128Thr	c.383T>C	2026-08-19	ClinVar esummary	ClinVar				clinical interpretation	NA	NA	NA		Uncertain significance	current=Uncertain significance; review=criteria provided, multiple submitters, no conflicts	MODERATE	
GRCh38:17:43076531:C:T	431186	Ala1481Thr	c.4441G>A	2026-08-19	Findlay SGE (MaveDB)	MaveDB			Findlay et al. 2018 (PMID 30209399)	saturation genome editing	saturation genome editing (HDR)	Ala1481Thr					HIGH	partial coverage: RING+BRCT domains only
GRCh38:17:43076531:C:T	431186	Ala1481Thr	c.4441G>A	2026-08-19	ClinVar esummary	ClinVar				clinical interpretation	NA	NA	NA		Uncertain significance	current=Uncertain significance; review=criteria provided, multiple submitters, no conflicts	MODERATE	
GRCh38:17:43076531:C:T	431186	Ala1481Thr	c.4441G>A	2026-08-19	BRCA1 Ala1481Thr	PubMed	42611417		Hormonal contraceptives and cancer risk in women with a BRCA1 or BRCA2 pathogenic variant.	publication	NA	NA	NA			NA	UNCLEAR	
GRCh38:17:43076531:C:T	431186	Ala1481Thr	c.4441G>A	2026-08-19	BRCA1 Ala1481Thr	PubMed	42610144		AI-driven CRISPR strategies in breast cancer: Organoid modeling, adaptive editing, and precision delivery.	publication	NA	NA	NA			NA	UNCLEAR	
GRCh38:17:43076531:C:T	431186	Ala1481Thr	c.4441G>A	2026-08-19	BRCA1 Ala1481Thr	PubMed	42610096		Alliance A022106: A Phase II/III Trial of Nab-Paclitaxel and Gemcitabine ± Cisplatin as Second-Line Treatment for BRCA1/2 or PALB2 Mutant Metastatic Pancreatic Ductal Adenocarcinoma (PLATINUM).	publication	NA	NA	NA			NA	UNCLEAR	
GRCh38:17:43076531:C:T	431186	Ala1481Thr	c.4441G>A	2026-08-19	BRCA1 Ala1481Thr	PubMed	42609953		Adaptive Surgical Decision-Making for Synchronous Metastatic Pancreatic Cancer and Early Breast Cancer with a BRCA1 Pathogenic Variant: A Case Report.	publication	NA	NA	NA			NA	UNCLEAR	
GRCh38:17:43076531:C:T	431186	Ala1481Thr	c.4441G>A	2026-08-19	BRCA1 Ala1481Thr	PubMed	42609763		An Unusual Presentation of Dermatofibrosarcoma Protuberans (DFSP): The Role of Advanced Molecular Testing in Collagen Type I Alpha 1 Chain (COL1A1)-Negative Cases.	publication	NA	NA	NA			NA	UNCLEAR	
GRCh38:17:43076531:C:T	431186	Ala1481Thr	c.4441G>A	2026-08-19	BRCA1 c.4441G>A	PubMed	42611417		Hormonal contraceptives and cancer risk in women with a BRCA1 or BRCA2 pathogenic variant.	publication	NA	NA	NA			NA	UNCLEAR	
GRCh38:17:43076531:C:T	431186	Ala1481Thr	c.4441G>A	2026-08-19	BRCA1 c.4441G>A	PubMed	42610144		AI-driven CRISPR strategies in breast cancer: Organoid modeling, adaptive editing, and precision delivery.	publication	NA	NA	NA			NA	UNCLEAR	
GRCh38:17:43076531:C:T	431186	Ala1481Thr	c.4441G>A	2026-08-19	BRCA1 c.4441G>A	PubMed	42610096		Alliance A022106: A Phase II/III Trial of Nab-Paclitaxel and Gemcitabine ± Cisplatin as Second-Line Treatment for BRCA1/2 or PALB2 Mutant Metastatic Pancreatic Ductal Adenocarcinoma (PLATINUM).	publication	NA	NA	NA			NA	UNCLEAR	
GRCh38:17:43076531:C:T	431186	Ala1481Thr	c.4441G>A	2026-08-19	BRCA1 c.4441G>A	PubMed	42609953		Adaptive Surgical Decision-Making for Synchronous Metastatic Pancreatic Cancer and Early Breast Cancer with a BRCA1 Pathogenic Variant: A Case Report.	publication	NA	NA	NA			NA	UNCLEAR	
GRCh38:17:43076531:C:T	431186	Ala1481Thr	c.4441G>A	2026-08-19	BRCA1 c.4441G>A	PubMed	42609763		An Unusual Presentation of Dermatofibrosarcoma Protuberans (DFSP): The Role of Advanced Molecular Testing in Collagen Type I Alpha 1 Chain (COL1A1)-Negative Cases.	publication	NA	NA	NA			NA	UNCLEAR	
GRCh38:17:43104122:C:A	431199	Leu147Phe	c.441G>T	2026-08-19	Findlay SGE (MaveDB)	MaveDB			Findlay et al. 2018 (PMID 30209399)	saturation genome editing	saturation genome editing (HDR)	Leu147Phe					HIGH	partial coverage: RING+BRCT domains only
GRCh38:17:43104122:C:A	431199	Leu147Phe	c.441G>T	2026-08-19	ClinVar esummary	ClinVar				clinical interpretation	NA	NA	NA		Uncertain significance	current=Uncertain significance; review=criteria provided, single submitter	MODERATE	
GRCh38:17:43099775:C:G	431353	Gly183Arg	c.547G>C	2026-08-19	Findlay SGE (MaveDB)	MaveDB			Findlay et al. 2018 (PMID 30209399)	saturation genome editing	saturation genome editing (HDR)	Gly183Arg					HIGH	partial coverage: RING+BRCT domains only
GRCh38:17:43099775:C:G	431353	Gly183Arg	c.547G>C	2026-08-19	ClinVar esummary	ClinVar				clinical interpretation	NA	NA	NA		Uncertain significance	current=Uncertain significance; review=criteria provided, single submitter	MODERATE	
GRCh38:17:43076579:T:G	433714	Ile1465Leu	c.4393A>C	2026-08-19	Findlay SGE (MaveDB)	MaveDB			Findlay et al. 2018 (PMID 30209399)	saturation genome editing	saturation genome editing (HDR)	Ile1465Leu					HIGH	partial coverage: RING+BRCT domains only
GRCh38:17:43076579:T:G	433714	Ile1465Leu	c.4393A>C	2026-08-19	ClinVar esummary	ClinVar				clinical interpretation	NA	NA	NA		Uncertain significance	current=Uncertain significance; review=criteria provided, single submitter	MODERATE	
GRCh38:17:43076587:T:C	433713	Glu1462Gly	c.4385A>G	2026-08-19	Findlay SGE (MaveDB)	MaveDB			Findlay et al. 2018 (PMID 30209399)	saturation genome editing	saturation genome editing (HDR)	Glu1462Gly					HIGH	partial coverage: RING+BRCT domains only
GRCh38:17:43076587:T:C	433713	Glu1462Gly	c.4385A>G	2026-08-19	ClinVar esummary	ClinVar				clinical interpretation	NA	NA	NA		Uncertain significance	current=Uncertain significance; review=no assertion criteria provided	MODERATE	
GRCh38:17:43076612:C:T	433712	Val1454Ile	c.4360G>A	2026-08-19	Findlay SGE (MaveDB)	MaveDB			Findlay et al. 2018 (PMID 30209399)	saturation genome editing	saturation genome editing (HDR)	Val1454Ile					HIGH	partial coverage: RING+BRCT domains only
GRCh38:17:43076612:C:T	433712	Val1454Ile	c.4360G>A	2026-08-19	ClinVar esummary	ClinVar				clinical interpretation	NA	NA	NA		Uncertain significance	current=Uncertain significance; review=criteria provided, multiple submitters, no conflicts	MODERATE	
GRCh38:17:43082443:C:G	433710	Glu1440Gln	c.4318G>C	2026-08-19	Findlay SGE (MaveDB)	MaveDB			Findlay et al. 2018 (PMID 30209399)	saturation genome editing	saturation genome editing (HDR)	Glu1440Gln					HIGH	partial coverage: RING+BRCT domains only
GRCh38:17:43082443:C:G	433710	Glu1440Gln	c.4318G>C	2026-08-19	ClinVar esummary	ClinVar				clinical interpretation	NA	NA	NA		Uncertain significance	current=Uncertain significance; review=criteria provided, multiple submitters, no conflicts	MODERATE	
GRCh38:17:43106516:A:G	433685	Leu51Pro	c.152T>C	2026-08-19	Findlay SGE (MaveDB)	MaveDB			Findlay et al. 2018 (PMID 30209399)	saturation genome editing	saturation genome editing (HDR)	Leu51Pro	-1.33284833119727			-1.33284833119727	HIGH	partial coverage: RING+BRCT domains only
GRCh38:17:43106516:A:G	433685	Leu51Pro	c.152T>C	2026-08-19	ClinVar esummary	ClinVar				clinical interpretation	NA	NA	NA		Uncertain significance	current=Uncertain significance; review=criteria provided, multiple submitters, no conflicts	MODERATE	
GRCh38:17:43076538:C:G	440475	Glu1478Asp	c.4434G>C	2026-08-19	Findlay SGE (MaveDB)	MaveDB			Findlay et al. 2018 (PMID 30209399)	saturation genome editing	saturation genome editing (HDR)	Glu1478Asp					HIGH	partial coverage: RING+BRCT domains only
GRCh38:17:43076538:C:G	440475	Glu1478Asp	c.4434G>C	2026-08-19	ClinVar esummary	ClinVar				clinical interpretation	NA	NA	NA		Uncertain significance	current=Uncertain significance; review=criteria provided, multiple submitters, no conflicts	MODERATE	
GRCh38:17:43076538:C:G	440475	Glu1478Asp	c.4434G>C	2026-08-19	BRCA1 Glu1478Asp	PubMed	42611417		Hormonal contraceptives and cancer risk in women with a BRCA1 or BRCA2 pathogenic variant.	publication	NA	NA	NA			NA	UNCLEAR	
GRCh38:17:43076538:C:G	440475	Glu1478Asp	c.4434G>C	2026-08-19	BRCA1 Glu1478Asp	PubMed	42610144		AI-driven CRISPR strategies in breast cancer: Organoid modeling, adaptive editing, and precision delivery.	publication	NA	NA	NA			NA	UNCLEAR	
GRCh38:17:43076538:C:G	440475	Glu1478Asp	c.4434G>C	2026-08-19	BRCA1 Glu1478Asp	PubMed	42610096		Alliance A022106: A Phase II/III Trial of Nab-Paclitaxel and Gemcitabine ± Cisplatin as Second-Line Treatment for BRCA1/2 or PALB2 Mutant Metastatic Pancreatic Ductal Adenocarcinoma (PLATINUM).	publication	NA	NA	NA			NA	UNCLEAR	
GRCh38:17:43076538:C:G	440475	Glu1478Asp	c.4434G>C	2026-08-19	BRCA1 Glu1478Asp	PubMed	42609953		Adaptive Surgical Decision-Making for Synchronous Metastatic Pancreatic Cancer and Early Breast Cancer with a BRCA1 Pathogenic Variant: A Case Report.	publication	NA	NA	NA			NA	UNCLEAR	
GRCh38:17:43076538:C:G	440475	Glu1478Asp	c.4434G>C	2026-08-19	BRCA1 Glu1478Asp	PubMed	42609763		An Unusual Presentation of Dermatofibrosarcoma Protuberans (DFSP): The Role of Advanced Molecular Testing in Collagen Type I Alpha 1 Chain (COL1A1)-Negative Cases.	publication	NA	NA	NA			NA	UNCLEAR	
GRCh38:17:43076538:C:G	440475	Glu1478Asp	c.4434G>C	2026-08-19	BRCA1 c.4434G>C	PubMed	42609450		Biomarker testing in advanced or metastatic hormone receptor-positive, human epidermal growth factor receptor 2 negative breast cancer: expert recommendations.	publication	NA	NA	NA			NA	UNCLEAR	
GRCh38:17:43076538:C:G	440475	Glu1478Asp	c.4434G>C	2026-08-19	BRCA1 c.4434G>C	PubMed	42584742		Real-world clinical outcomes of patients with early-stage TNBC and BRCAm who were treated with adjuvant capecitabine in the United States.	publication	NA	NA	NA			NA	UNCLEAR	
GRCh38:17:43076538:C:G	440475	Glu1478Asp	c.4434G>C	2026-08-19	BRCA1 c.4434G>C	PubMed	42580099		Chemotherapy type and survival in young BRCA1/2 carriers with HER2-negative early breast cancer.	publication	NA	NA	NA			NA	UNCLEAR	
GRCh38:17:43076538:C:G	440475	Glu1478Asp	c.4434G>C	2026-08-19	BRCA1 c.4434G>C	PubMed	42560601		BRCA1-derived peptide constructs exhibit sequence-dependent features compatible with modulation of the p53-MDM2 axis.	publication	NA	NA	NA			NA	UNCLEAR	
GRCh38:17:43076538:C:G	440475	Glu1478Asp	c.4434G>C	2026-08-19	BRCA1 c.4434G>C	PubMed	42524928		Whole-genome sequencing in Brazilian patients with neurofibromatosis type 1, including novel variants, incidental findings, and dual diagnoses.	publication	NA	NA	NA			NA	UNCLEAR	
GRCh38:17:43082424:T:G	440473	Glu1446Ala	c.4337A>C	2026-08-19	Findlay SGE (MaveDB)	MaveDB			Findlay et al. 2018 (PMID 30209399)	saturation genome editing	saturation genome editing (HDR)	Glu1446Ala					HIGH	partial coverage: RING+BRCT domains only
GRCh38:17:43082424:T:G	440473	Glu1446Ala	c.4337A>C	2026-08-19	ClinVar esummary	ClinVar				clinical interpretation	NA	NA	NA		Uncertain significance	current=Uncertain significance; review=criteria provided, multiple submitters, no conflicts	MODERATE	
GRCh38:17:43091007:A:T	440472	Ser1374Arg	c.4122T>A	2026-08-19	Findlay SGE (MaveDB)	MaveDB			Findlay et al. 2018 (PMID 30209399)	saturation genome editing	saturation genome editing (HDR)	Ser1374Arg					HIGH	partial coverage: RING+BRCT domains only
GRCh38:17:43091007:A:T	440472	Ser1374Arg	c.4122T>A	2026-08-19	ClinVar esummary	ClinVar				clinical interpretation	NA	NA	NA		Uncertain significance	current=Uncertain significance; review=criteria provided, multiple submitters, no conflicts	MODERATE	
GRCh38:17:43124066:C:G	438922	Val11Leu	c.31G>C	2026-08-19	Findlay SGE (MaveDB)	MaveDB			Findlay et al. 2018 (PMID 30209399)	saturation genome editing	saturation genome editing (HDR)	Val11Leu	-1.14195506703003			-1.14195506703003	HIGH	partial coverage: RING+BRCT domains only
GRCh38:17:43124066:C:G	438922	Val11Leu	c.31G>C	2026-08-19	ClinVar esummary	ClinVar				clinical interpretation	NA	NA	NA		Uncertain significance	current=Uncertain significance; review=criteria provided, multiple submitters, no conflicts	MODERATE	
GRCh38:17:43076501:G:T	441439	Pro1491Thr	c.4471C>A	2026-08-19	Findlay SGE (MaveDB)	MaveDB			Findlay et al. 2018 (PMID 30209399)	saturation genome editing	saturation genome editing (HDR)	Pro1491Thr					HIGH	partial coverage: RING+BRCT domains only
GRCh38:17:43076501:G:T	441439	Pro1491Thr	c.4471C>A	2026-08-19	ClinVar esummary	ClinVar				clinical interpretation	NA	NA	NA		Uncertain significance	current=Uncertain significance; review=criteria provided, multiple submitters, no conflicts	MODERATE	
GRCh38:17:43076523:A:T	441497	Ser1483Arg	c.4449T>A	2026-08-19	Findlay SGE (MaveDB)	MaveDB			Findlay et al. 2018 (PMID 30209399)	saturation genome editing	saturation genome editing (HDR)	Ser1483Arg					HIGH	partial coverage: RING+BRCT domains only
GRCh38:17:43076523:A:T	441497	Ser1483Arg	c.4449T>A	2026-08-19	ClinVar esummary	ClinVar				clinical interpretation	NA	NA	NA		Uncertain significance	current=Uncertain significance; review=criteria provided, single submitter	MODERATE	
GRCh38:17:43076523:A:T	441497	Ser1483Arg	c.4449T>A	2026-08-19	BRCA1 Ser1483Arg	PubMed	42611417		Hormonal contraceptives and cancer risk in women with a BRCA1 or BRCA2 pathogenic variant.	publication	NA	NA	NA			NA	UNCLEAR	
GRCh38:17:43076523:A:T	441497	Ser1483Arg	c.4449T>A	2026-08-19	BRCA1 Ser1483Arg	PubMed	42610144		AI-driven CRISPR strategies in breast cancer: Organoid modeling, adaptive editing, and precision delivery.	publication	NA	NA	NA			NA	UNCLEAR	
GRCh38:17:43076523:A:T	441497	Ser1483Arg	c.4449T>A	2026-08-19	BRCA1 Ser1483Arg	PubMed	42610096		Alliance A022106: A Phase II/III Trial of Nab-Paclitaxel and Gemcitabine ± Cisplatin as Second-Line Treatment for BRCA1/2 or PALB2 Mutant Metastatic Pancreatic Ductal Adenocarcinoma (PLATINUM).	publication	NA	NA	NA			NA	UNCLEAR	
GRCh38:17:43076523:A:T	441497	Ser1483Arg	c.4449T>A	2026-08-19	BRCA1 Ser1483Arg	PubMed	42609953		Adaptive Surgical Decision-Making for Synchronous Metastatic Pancreatic Cancer and Early Breast Cancer with a BRCA1 Pathogenic Variant: A Case Report.	publication	NA	NA	NA			NA	UNCLEAR	
GRCh38:17:43076523:A:T	441497	Ser1483Arg	c.4449T>A	2026-08-19	BRCA1 Ser1483Arg	PubMed	42609763		An Unusual Presentation of Dermatofibrosarcoma Protuberans (DFSP): The Role of Advanced Molecular Testing in Collagen Type I Alpha 1 Chain (COL1A1)-Negative Cases.	publication	NA	NA	NA			NA	UNCLEAR	
GRCh38:17:43076523:A:T	441497	Ser1483Arg	c.4449T>A	2026-08-19	BRCA1 c.4449T>A	PubMed	42611417		Hormonal contraceptives and cancer risk in women with a BRCA1 or BRCA2 pathogenic variant.	publication	NA	NA	NA			NA	UNCLEAR	
GRCh38:17:43076523:A:T	441497	Ser1483Arg	c.4449T>A	2026-08-19	BRCA1 c.4449T>A	PubMed	42610144		AI-driven CRISPR strategies in breast cancer: Organoid modeling, adaptive editing, and precision delivery.	publication	NA	NA	NA			NA	UNCLEAR	
GRCh38:17:43076523:A:T	441497	Ser1483Arg	c.4449T>A	2026-08-19	BRCA1 c.4449T>A	PubMed	42610096		Alliance A022106: A Phase II/III Trial of Nab-Paclitaxel and Gemcitabine ± Cisplatin as Second-Line Treatment for BRCA1/2 or PALB2 Mutant Metastatic Pancreatic Ductal Adenocarcinoma (PLATINUM).	publication	NA	NA	NA			NA	UNCLEAR	
GRCh38:17:43076523:A:T	441497	Ser1483Arg	c.4449T>A	2026-08-19	BRCA1 c.4449T>A	PubMed	42609953		Adaptive Surgical Decision-Making for Synchronous Metastatic Pancreatic Cancer and Early Breast Cancer with a BRCA1 Pathogenic Variant: A Case Report.	publication	NA	NA	NA			NA	UNCLEAR	
GRCh38:17:43076523:A:T	441497	Ser1483Arg	c.4449T>A	2026-08-19	BRCA1 c.4449T>A	PubMed	42609763		An Unusual Presentation of Dermatofibrosarcoma Protuberans (DFSP): The Role of Advanced Molecular Testing in Collagen Type I Alpha 1 Chain (COL1A1)-Negative Cases.	publication	NA	NA	NA			NA	UNCLEAR	
GRCh38:17:43076525:T:G	441440	Ser1483Arg	c.4447A>C	2026-08-19	Findlay SGE (MaveDB)	MaveDB			Findlay et al. 2018 (PMID 30209399)	saturation genome editing	saturation genome editing (HDR)	Ser1483Arg					HIGH	partial coverage: RING+BRCT domains only
GRCh38:17:43076525:T:G	441440	Ser1483Arg	c.4447A>C	2026-08-19	ClinVar esummary	ClinVar				clinical interpretation	NA	NA	NA		Uncertain significance	current=Uncertain significance; review=criteria provided, multiple submitters, no conflicts	MODERATE	
GRCh38:17:43076525:T:G	441440	Ser1483Arg	c.4447A>C	2026-08-19	BRCA1 Ser1483Arg	PubMed	42611417		Hormonal contraceptives and cancer risk in women with a BRCA1 or BRCA2 pathogenic variant.	publication	NA	NA	NA			NA	UNCLEAR	
GRCh38:17:43076525:T:G	441440	Ser1483Arg	c.4447A>C	2026-08-19	BRCA1 Ser1483Arg	PubMed	42610144		AI-driven CRISPR strategies in breast cancer: Organoid modeling, adaptive editing, and precision delivery.	publication	NA	NA	NA			NA	UNCLEAR	
GRCh38:17:43076525:T:G	441440	Ser1483Arg	c.4447A>C	2026-08-19	BRCA1 Ser1483Arg	PubMed	42610096		Alliance A022106: A Phase II/III Trial of Nab-Paclitaxel and Gemcitabine ± Cisplatin as Second-Line Treatment for BRCA1/2 or PALB2 Mutant Metastatic Pancreatic Ductal Adenocarcinoma (PLATINUM).	publication	NA	NA	NA			NA	UNCLEAR	
GRCh38:17:43076525:T:G	441440	Ser1483Arg	c.4447A>C	2026-08-19	BRCA1 Ser1483Arg	PubMed	42609953		Adaptive Surgical Decision-Making for Synchronous Metastatic Pancreatic Cancer and Early Breast Cancer with a BRCA1 Pathogenic Variant: A Case Report.	publication	NA	NA	NA			NA	UNCLEAR	
GRCh38:17:43076525:T:G	441440	Ser1483Arg	c.4447A>C	2026-08-19	BRCA1 Ser1483Arg	PubMed	42609763		An Unusual Presentation of Dermatofibrosarcoma Protuberans (DFSP): The Role of Advanced Molecular Testing in Collagen Type I Alpha 1 Chain (COL1A1)-Negative Cases.	publication	NA	NA	NA			NA	UNCLEAR	
GRCh38:17:43076525:T:G	441440	Ser1483Arg	c.4447A>C	2026-08-19	BRCA1 c.4447A>C	PubMed	42609450		Biomarker testing in advanced or metastatic hormone receptor-positive, human epidermal growth factor receptor 2 negative breast cancer: expert recommendations.	publication	NA	NA	NA			NA	UNCLEAR	
GRCh38:17:43076525:T:G	441440	Ser1483Arg	c.4447A>C	2026-08-19	BRCA1 c.4447A>C	PubMed	42584742		Real-world clinical outcomes of patients with early-stage TNBC and BRCAm who were treated with adjuvant capecitabine in the United States.	publication	NA	NA	NA			NA	UNCLEAR	
GRCh38:17:43076525:T:G	441440	Ser1483Arg	c.4447A>C	2026-08-19	BRCA1 c.4447A>C	PubMed	42580099		Chemotherapy type and survival in young BRCA1/2 carriers with HER2-negative early breast cancer.	publication	NA	NA	NA			NA	UNCLEAR	
GRCh38:17:43076525:T:G	441440	Ser1483Arg	c.4447A>C	2026-08-19	BRCA1 c.4447A>C	PubMed	42560601		BRCA1-derived peptide constructs exhibit sequence-dependent features compatible with modulation of the p53-MDM2 axis.	publication	NA	NA	NA			NA	UNCLEAR	
GRCh38:17:43076525:T:G	441440	Ser1483Arg	c.4447A>C	2026-08-19	BRCA1 c.4447A>C	PubMed	42524928		Whole-genome sequencing in Brazilian patients with neurofibromatosis type 1, including novel variants, incidental findings, and dual diagnoses.	publication	NA	NA	NA			NA	UNCLEAR	
GRCh38:17:43082507:T:A	441391	Leu1418Phe	c.4254A>T	2026-08-19	Findlay SGE (MaveDB)	MaveDB			Findlay et al. 2018 (PMID 30209399)	saturation genome editing	saturation genome editing (HDR)	Leu1418Phe					HIGH	partial coverage: RING+BRCT domains only
GRCh38:17:43082507:T:A	441391	Leu1418Phe	c.4254A>T	2026-08-19	ClinVar esummary	ClinVar				clinical interpretation	NA	NA	NA		Uncertain significance	current=Uncertain significance; review=criteria provided, single submitter	MODERATE	
GRCh38:17:43104259:C:T	441426	Ala102Thr	c.304G>A	2026-08-19	Findlay SGE (MaveDB)	MaveDB			Findlay et al. 2018 (PMID 30209399)	saturation genome editing	saturation genome editing (HDR)	Ala102Thr					HIGH	partial coverage: RING+BRCT domains only
GRCh38:17:43104259:C:T	441426	Ala102Thr	c.304G>A	2026-08-19	ClinVar esummary	ClinVar				clinical interpretation	NA	NA	NA		Uncertain significance	current=Uncertain significance; review=criteria provided, multiple submitters, no conflicts	MODERATE	
GRCh38:17:43115732:A:G	441341	Phe43Ser	c.128T>C	2026-08-19	Findlay SGE (MaveDB)	MaveDB			Findlay et al. 2018 (PMID 30209399)	saturation genome editing	saturation genome editing (HDR)	Phe43Ser	-1.24099502166333			-1.24099502166333	HIGH	partial coverage: RING+BRCT domains only
GRCh38:17:43115732:A:G	441341	Phe43Ser	c.128T>C	2026-08-19	ClinVar esummary	ClinVar				clinical interpretation	NA	NA	NA		Uncertain significance	current=Uncertain significance; review=criteria provided, multiple submitters, no conflicts	MODERATE	
GRCh38:17:43115732:A:G	441341	Phe43Ser	c.128T>C	2026-08-19	BRCA1 Phe43Ser	PubMed	42611417		Hormonal contraceptives and cancer risk in women with a BRCA1 or BRCA2 pathogenic variant.	publication	NA	NA	NA			NA	UNCLEAR	
GRCh38:17:43115732:A:G	441341	Phe43Ser	c.128T>C	2026-08-19	BRCA1 Phe43Ser	PubMed	42610144		AI-driven CRISPR strategies in breast cancer: Organoid modeling, adaptive editing, and precision delivery.	publication	NA	NA	NA			NA	UNCLEAR	
GRCh38:17:43115732:A:G	441341	Phe43Ser	c.128T>C	2026-08-19	BRCA1 Phe43Ser	PubMed	42610096		Alliance A022106: A Phase II/III Trial of Nab-Paclitaxel and Gemcitabine ± Cisplatin as Second-Line Treatment for BRCA1/2 or PALB2 Mutant Metastatic Pancreatic Ductal Adenocarcinoma (PLATINUM).	publication	NA	NA	NA			NA	UNCLEAR	
GRCh38:17:43115732:A:G	441341	Phe43Ser	c.128T>C	2026-08-19	BRCA1 Phe43Ser	PubMed	42609953		Adaptive Surgical Decision-Making for Synchronous Metastatic Pancreatic Cancer and Early Breast Cancer with a BRCA1 Pathogenic Variant: A Case Report.	publication	NA	NA	NA			NA	UNCLEAR	
GRCh38:17:43115732:A:G	441341	Phe43Ser	c.128T>C	2026-08-19	BRCA1 Phe43Ser	PubMed	42609763		An Unusual Presentation of Dermatofibrosarcoma Protuberans (DFSP): The Role of Advanced Molecular Testing in Collagen Type I Alpha 1 Chain (COL1A1)-Negative Cases.	publication	NA	NA	NA			NA	UNCLEAR	
GRCh38:17:43082518:C:T	462639	Glu1415Lys	c.4243G>A	2026-08-19	Findlay SGE (MaveDB)	MaveDB			Findlay et al. 2018 (PMID 30209399)	saturation genome editing	saturation genome editing (HDR)	Glu1415Lys					HIGH	partial coverage: RING+BRCT domains only
GRCh38:17:43082518:C:T	462639	Glu1415Lys	c.4243G>A	2026-08-19	ClinVar esummary	ClinVar				clinical interpretation	NA	NA	NA		Uncertain significance	current=Uncertain significance; review=criteria provided, multiple submitters, no conflicts	MODERATE	
GRCh38:17:43082518:C:T	462639	Glu1415Lys	c.4243G>A	2026-08-19	BRCA1 Glu1415Lys	PubMed	42611417		Hormonal contraceptives and cancer risk in women with a BRCA1 or BRCA2 pathogenic variant.	publication	NA	NA	NA			NA	UNCLEAR	
GRCh38:17:43082518:C:T	462639	Glu1415Lys	c.4243G>A	2026-08-19	BRCA1 Glu1415Lys	PubMed	42610144		AI-driven CRISPR strategies in breast cancer: Organoid modeling, adaptive editing, and precision delivery.	publication	NA	NA	NA			NA	UNCLEAR	
GRCh38:17:43082518:C:T	462639	Glu1415Lys	c.4243G>A	2026-08-19	BRCA1 Glu1415Lys	PubMed	42610096		Alliance A022106: A Phase II/III Trial of Nab-Paclitaxel and Gemcitabine ± Cisplatin as Second-Line Treatment for BRCA1/2 or PALB2 Mutant Metastatic Pancreatic Ductal Adenocarcinoma (PLATINUM).	publication	NA	NA	NA			NA	UNCLEAR	
GRCh38:17:43082518:C:T	462639	Glu1415Lys	c.4243G>A	2026-08-19	BRCA1 Glu1415Lys	PubMed	42609953		Adaptive Surgical Decision-Making for Synchronous Metastatic Pancreatic Cancer and Early Breast Cancer with a BRCA1 Pathogenic Variant: A Case Report.	publication	NA	NA	NA			NA	UNCLEAR	
GRCh38:17:43082518:C:T	462639	Glu1415Lys	c.4243G>A	2026-08-19	BRCA1 Glu1415Lys	PubMed	42609763		An Unusual Presentation of Dermatofibrosarcoma Protuberans (DFSP): The Role of Advanced Molecular Testing in Collagen Type I Alpha 1 Chain (COL1A1)-Negative Cases.	publication	NA	NA	NA			NA	UNCLEAR	
GRCh38:17:43082518:C:T	462639	Glu1415Lys	c.4243G>A	2026-08-19	BRCA1 c.4243G>A	PubMed	42611417		Hormonal contraceptives and cancer risk in women with a BRCA1 or BRCA2 pathogenic variant.	publication	NA	NA	NA			NA	UNCLEAR	
GRCh38:17:43082518:C:T	462639	Glu1415Lys	c.4243G>A	2026-08-19	BRCA1 c.4243G>A	PubMed	42610144		AI-driven CRISPR strategies in breast cancer: Organoid modeling, adaptive editing, and precision delivery.	publication	NA	NA	NA			NA	UNCLEAR	
GRCh38:17:43082518:C:T	462639	Glu1415Lys	c.4243G>A	2026-08-19	BRCA1 c.4243G>A	PubMed	42610096		Alliance A022106: A Phase II/III Trial of Nab-Paclitaxel and Gemcitabine ± Cisplatin as Second-Line Treatment for BRCA1/2 or PALB2 Mutant Metastatic Pancreatic Ductal Adenocarcinoma (PLATINUM).	publication	NA	NA	NA			NA	UNCLEAR	
GRCh38:17:43082518:C:T	462639	Glu1415Lys	c.4243G>A	2026-08-19	BRCA1 c.4243G>A	PubMed	42609953		Adaptive Surgical Decision-Making for Synchronous Metastatic Pancreatic Cancer and Early Breast Cancer with a BRCA1 Pathogenic Variant: A Case Report.	publication	NA	NA	NA			NA	UNCLEAR	
GRCh38:17:43082518:C:T	462639	Glu1415Lys	c.4243G>A	2026-08-19	BRCA1 c.4243G>A	PubMed	42609763		An Unusual Presentation of Dermatofibrosarcoma Protuberans (DFSP): The Role of Advanced Molecular Testing in Collagen Type I Alpha 1 Chain (COL1A1)-Negative Cases.	publication	NA	NA	NA			NA	UNCLEAR	
GRCh38:17:43104201:T:C	462617	Glu121Gly	c.362A>G	2026-08-19	Findlay SGE (MaveDB)	MaveDB			Findlay et al. 2018 (PMID 30209399)	saturation genome editing	saturation genome editing (HDR)	Glu121Gly					HIGH	partial coverage: RING+BRCT domains only
GRCh38:17:43104201:T:C	462617	Glu121Gly	c.362A>G	2026-08-19	ClinVar esummary	ClinVar				clinical interpretation	NA	NA	NA		Uncertain significance	current=Uncertain significance; review=criteria provided, single submitter	MODERATE	
GRCh38:17:43104201:T:C	462617	Glu121Gly	c.362A>G	2026-08-19	BRCA1 Glu121Gly	PubMed	42611417		Hormonal contraceptives and cancer risk in women with a BRCA1 or BRCA2 pathogenic variant.	publication	NA	NA	NA			NA	UNCLEAR	
GRCh38:17:43104201:T:C	462617	Glu121Gly	c.362A>G	2026-08-19	BRCA1 Glu121Gly	PubMed	42610144		AI-driven CRISPR strategies in breast cancer: Organoid modeling, adaptive editing, and precision delivery.	publication	NA	NA	NA			NA	UNCLEAR	
GRCh38:17:43104201:T:C	462617	Glu121Gly	c.362A>G	2026-08-19	BRCA1 Glu121Gly	PubMed	42610096		Alliance A022106: A Phase II/III Trial of Nab-Paclitaxel and Gemcitabine ± Cisplatin as Second-Line Treatment for BRCA1/2 or PALB2 Mutant Metastatic Pancreatic Ductal Adenocarcinoma (PLATINUM).	publication	NA	NA	NA			NA	UNCLEAR	
GRCh38:17:43104201:T:C	462617	Glu121Gly	c.362A>G	2026-08-19	BRCA1 Glu121Gly	PubMed	42609953		Adaptive Surgical Decision-Making for Synchronous Metastatic Pancreatic Cancer and Early Breast Cancer with a BRCA1 Pathogenic Variant: A Case Report.	publication	NA	NA	NA			NA	UNCLEAR	
GRCh38:17:43104201:T:C	462617	Glu121Gly	c.362A>G	2026-08-19	BRCA1 Glu121Gly	PubMed	42609763		An Unusual Presentation of Dermatofibrosarcoma Protuberans (DFSP): The Role of Advanced Molecular Testing in Collagen Type I Alpha 1 Chain (COL1A1)-Negative Cases.	publication	NA	NA	NA			NA	UNCLEAR	
GRCh38:17:43082469:G:A	462643	Ser1431Phe	c.4292C>T	2026-08-19	Findlay SGE (MaveDB)	MaveDB			Findlay et al. 2018 (PMID 30209399)	saturation genome editing	saturation genome editing (HDR)	Ser1431Phe					HIGH	partial coverage: RING+BRCT domains only
GRCh38:17:43082469:G:A	462643	Ser1431Phe	c.4292C>T	2026-08-19	ClinVar esummary	ClinVar				clinical interpretation	NA	NA	NA		Uncertain significance	current=Uncertain significance; review=criteria provided, multiple submitters, no conflicts	MODERATE	
GRCh38:17:43082469:G:A	462643	Ser1431Phe	c.4292C>T	2026-08-19	BRCA1 Ser1431Phe	PubMed	42611417		Hormonal contraceptives and cancer risk in women with a BRCA1 or BRCA2 pathogenic variant.	publication	NA	NA	NA			NA	UNCLEAR	
GRCh38:17:43082469:G:A	462643	Ser1431Phe	c.4292C>T	2026-08-19	BRCA1 Ser1431Phe	PubMed	42610144		AI-driven CRISPR strategies in breast cancer: Organoid modeling, adaptive editing, and precision delivery.	publication	NA	NA	NA			NA	UNCLEAR	
GRCh38:17:43082469:G:A	462643	Ser1431Phe	c.4292C>T	2026-08-19	BRCA1 Ser1431Phe	PubMed	42610096		Alliance A022106: A Phase II/III Trial of Nab-Paclitaxel and Gemcitabine ± Cisplatin as Second-Line Treatment for BRCA1/2 or PALB2 Mutant Metastatic Pancreatic Ductal Adenocarcinoma (PLATINUM).	publication	NA	NA	NA			NA	UNCLEAR	
GRCh38:17:43082469:G:A	462643	Ser1431Phe	c.4292C>T	2026-08-19	BRCA1 Ser1431Phe	PubMed	42609953		Adaptive Surgical Decision-Making for Synchronous Metastatic Pancreatic Cancer and Early Breast Cancer with a BRCA1 Pathogenic Variant: A Case Report.	publication	NA	NA	NA			NA	UNCLEAR	
GRCh38:17:43082469:G:A	462643	Ser1431Phe	c.4292C>T	2026-08-19	BRCA1 Ser1431Phe	PubMed	42609763		An Unusual Presentation of Dermatofibrosarcoma Protuberans (DFSP): The Role of Advanced Molecular Testing in Collagen Type I Alpha 1 Chain (COL1A1)-Negative Cases.	publication	NA	NA	NA			NA	UNCLEAR	
GRCh38:17:43082469:G:A	462643	Ser1431Phe	c.4292C>T	2026-08-19	BRCA1 c.4292C>T	PubMed	42610144		AI-driven CRISPR strategies in breast cancer: Organoid modeling, adaptive editing, and precision delivery.	publication	NA	NA	NA			NA	UNCLEAR	
GRCh38:17:43082469:G:A	462643	Ser1431Phe	c.4292C>T	2026-08-19	BRCA1 c.4292C>T	PubMed	42609450		Biomarker testing in advanced or metastatic hormone receptor-positive, human epidermal growth factor receptor 2 negative breast cancer: expert recommendations.	publication	NA	NA	NA			NA	UNCLEAR	
GRCh38:17:43082469:G:A	462643	Ser1431Phe	c.4292C>T	2026-08-19	BRCA1 c.4292C>T	PubMed	42597706		Germline BRCA1 pathogenic variants and T cell dysfunction.	publication	NA	NA	NA			NA	UNCLEAR	
GRCh38:17:43082469:G:A	462643	Ser1431Phe	c.4292C>T	2026-08-19	BRCA1 c.4292C>T	PubMed	42581048		A ubiquitin chain-feeding mechanism for BRCA1-A.	publication	NA	NA	NA			NA	UNCLEAR	
GRCh38:17:43082469:G:A	462643	Ser1431Phe	c.4292C>T	2026-08-19	BRCA1 c.4292C>T	PubMed	42580462		Mechanistic Insights into Genomic Basis of Crosstalk Between Metabolic Reprogramming and Immune Dysfunction in Ovarian Cancer.	publication	NA	NA	NA			NA	UNCLEAR	
GRCh38:17:43104178:C:A	462625	Gly129Cys	c.385G>T	2026-08-19	Findlay SGE (MaveDB)	MaveDB			Findlay et al. 2018 (PMID 30209399)	saturation genome editing	saturation genome editing (HDR)	Gly129Cys					HIGH	partial coverage: RING+BRCT domains only
GRCh38:17:43104178:C:A	462625	Gly129Cys	c.385G>T	2026-08-19	ClinVar esummary	ClinVar				clinical interpretation	NA	NA	NA		Uncertain significance	current=Uncertain significance; review=criteria provided, single submitter	MODERATE	
GRCh38:17:43104178:C:T	462624	Gly129Ser	c.385G>A	2026-08-19	Findlay SGE (MaveDB)	MaveDB			Findlay et al. 2018 (PMID 30209399)	saturation genome editing	saturation genome editing (HDR)	Gly129Ser					HIGH	partial coverage: RING+BRCT domains only
GRCh38:17:43104178:C:T	462624	Gly129Ser	c.385G>A	2026-08-19	ClinVar esummary	ClinVar				clinical interpretation	NA	NA	NA		Uncertain significance	current=Uncertain significance; review=criteria provided, single submitter	MODERATE	
GRCh38:17:43082496:C:T	462642	Gly1422Glu	c.4265G>A	2026-08-19	Findlay SGE (MaveDB)	MaveDB			Findlay et al. 2018 (PMID 30209399)	saturation genome editing	saturation genome editing (HDR)	Gly1422Glu					HIGH	partial coverage: RING+BRCT domains only
GRCh38:17:43082496:C:T	462642	Gly1422Glu	c.4265G>A	2026-08-19	ClinVar esummary	ClinVar				clinical interpretation	NA	NA	NA		Uncertain significance	current=Uncertain significance; review=criteria provided, multiple submitters, no conflicts	MODERATE	
GRCh38:17:43082496:C:T	462642	Gly1422Glu	c.4265G>A	2026-08-19	BRCA1 Gly1422Glu	PubMed	42611417		Hormonal contraceptives and cancer risk in women with a BRCA1 or BRCA2 pathogenic variant.	publication	NA	NA	NA			NA	UNCLEAR	
GRCh38:17:43082496:C:T	462642	Gly1422Glu	c.4265G>A	2026-08-19	BRCA1 Gly1422Glu	PubMed	42610144		AI-driven CRISPR strategies in breast cancer: Organoid modeling, adaptive editing, and precision delivery.	publication	NA	NA	NA			NA	UNCLEAR	
GRCh38:17:43082496:C:T	462642	Gly1422Glu	c.4265G>A	2026-08-19	BRCA1 Gly1422Glu	PubMed	42610096		Alliance A022106: A Phase II/III Trial of Nab-Paclitaxel and Gemcitabine ± Cisplatin as Second-Line Treatment for BRCA1/2 or PALB2 Mutant Metastatic Pancreatic Ductal Adenocarcinoma (PLATINUM).	publication	NA	NA	NA			NA	UNCLEAR	
GRCh38:17:43082496:C:T	462642	Gly1422Glu	c.4265G>A	2026-08-19	BRCA1 Gly1422Glu	PubMed	42609953		Adaptive Surgical Decision-Making for Synchronous Metastatic Pancreatic Cancer and Early Breast Cancer with a BRCA1 Pathogenic Variant: A Case Report.	publication	NA	NA	NA			NA	UNCLEAR	
GRCh38:17:43082496:C:T	462642	Gly1422Glu	c.4265G>A	2026-08-19	BRCA1 Gly1422Glu	PubMed	42609763		An Unusual Presentation of Dermatofibrosarcoma Protuberans (DFSP): The Role of Advanced Molecular Testing in Collagen Type I Alpha 1 Chain (COL1A1)-Negative Cases.	publication	NA	NA	NA			NA	UNCLEAR	
GRCh38:17:43082496:C:T	462642	Gly1422Glu	c.4265G>A	2026-08-19	BRCA1 c.4265G>A	PubMed	42611417		Hormonal contraceptives and cancer risk in women with a BRCA1 or BRCA2 pathogenic variant.	publication	NA	NA	NA			NA	UNCLEAR	
GRCh38:17:43082496:C:T	462642	Gly1422Glu	c.4265G>A	2026-08-19	BRCA1 c.4265G>A	PubMed	42610144		AI-driven CRISPR strategies in breast cancer: Organoid modeling, adaptive editing, and precision delivery.	publication	NA	NA	NA			NA	UNCLEAR	
GRCh38:17:43082496:C:T	462642	Gly1422Glu	c.4265G>A	2026-08-19	BRCA1 c.4265G>A	PubMed	42610096		Alliance A022106: A Phase II/III Trial of Nab-Paclitaxel and Gemcitabine ± Cisplatin as Second-Line Treatment for BRCA1/2 or PALB2 Mutant Metastatic Pancreatic Ductal Adenocarcinoma (PLATINUM).	publication	NA	NA	NA			NA	UNCLEAR	
GRCh38:17:43082496:C:T	462642	Gly1422Glu	c.4265G>A	2026-08-19	BRCA1 c.4265G>A	PubMed	42609953		Adaptive Surgical Decision-Making for Synchronous Metastatic Pancreatic Cancer and Early Breast Cancer with a BRCA1 Pathogenic Variant: A Case Report.	publication	NA	NA	NA			NA	UNCLEAR	
GRCh38:17:43082496:C:T	462642	Gly1422Glu	c.4265G>A	2026-08-19	BRCA1 c.4265G>A	PubMed	42609763		An Unusual Presentation of Dermatofibrosarcoma Protuberans (DFSP): The Role of Advanced Molecular Testing in Collagen Type I Alpha 1 Chain (COL1A1)-Negative Cases.	publication	NA	NA	NA			NA	UNCLEAR	
GRCh38:17:43082512:C:T	462641	Val1417Met	c.4249G>A	2026-08-19	Findlay SGE (MaveDB)	MaveDB			Findlay et al. 2018 (PMID 30209399)	saturation genome editing	saturation genome editing (HDR)	Val1417Met					HIGH	partial coverage: RING+BRCT domains only
GRCh38:17:43082512:C:T	462641	Val1417Met	c.4249G>A	2026-08-19	ClinVar esummary	ClinVar				clinical interpretation	NA	NA	NA		Uncertain significance	current=Uncertain significance; review=criteria provided, multiple submitters, no conflicts	MODERATE	
GRCh38:17:43082518:C:G	462640	Glu1415Gln	c.4243G>C	2026-08-19	Findlay SGE (MaveDB)	MaveDB			Findlay et al. 2018 (PMID 30209399)	saturation genome editing	saturation genome editing (HDR)	Glu1415Gln					HIGH	partial coverage: RING+BRCT domains only
GRCh38:17:43082518:C:G	462640	Glu1415Gln	c.4243G>C	2026-08-19	ClinVar esummary	ClinVar				clinical interpretation	NA	NA	NA		Uncertain significance	current=Uncertain significance; review=criteria provided, multiple submitters, no conflicts	MODERATE	
GRCh38:17:43076552:C:T	481446	Ala1474Thr	c.4420G>A	2026-08-19	Findlay SGE (MaveDB)	MaveDB			Findlay et al. 2018 (PMID 30209399)	saturation genome editing	saturation genome editing (HDR)	Ala1474Thr					HIGH	partial coverage: RING+BRCT domains only
GRCh38:17:43076552:C:T	481446	Ala1474Thr	c.4420G>A	2026-08-19	ClinVar esummary	ClinVar				clinical interpretation	NA	NA	NA		Uncertain significance	current=Uncertain significance; review=criteria provided, multiple submitters, no conflicts	MODERATE	
GRCh38:17:43076596:T:C	479194	Lys1459Arg	c.4376A>G	2026-08-19	Findlay SGE (MaveDB)	MaveDB			Findlay et al. 2018 (PMID 30209399)	saturation genome editing	saturation genome editing (HDR)	Lys1459Arg					HIGH	partial coverage: RING+BRCT domains only
GRCh38:17:43076596:T:C	479194	Lys1459Arg	c.4376A>G	2026-08-19	ClinVar esummary	ClinVar				clinical interpretation	NA	NA	NA		Uncertain significance	current=Uncertain significance; review=criteria provided, single submitter	MODERATE	
GRCh38:17:43076596:T:C	479194	Lys1459Arg	c.4376A>G	2026-08-19	BRCA1 Lys1459Arg	PubMed	42611417		Hormonal contraceptives and cancer risk in women with a BRCA1 or BRCA2 pathogenic variant.	publication	NA	NA	NA			NA	UNCLEAR	
GRCh38:17:43076596:T:C	479194	Lys1459Arg	c.4376A>G	2026-08-19	BRCA1 Lys1459Arg	PubMed	42610144		AI-driven CRISPR strategies in breast cancer: Organoid modeling, adaptive editing, and precision delivery.	publication	NA	NA	NA			NA	UNCLEAR	
GRCh38:17:43076596:T:C	479194	Lys1459Arg	c.4376A>G	2026-08-19	BRCA1 Lys1459Arg	PubMed	42610096		Alliance A022106: A Phase II/III Trial of Nab-Paclitaxel and Gemcitabine ± Cisplatin as Second-Line Treatment for BRCA1/2 or PALB2 Mutant Metastatic Pancreatic Ductal Adenocarcinoma (PLATINUM).	publication	NA	NA	NA			NA	UNCLEAR	
GRCh38:17:43076596:T:C	479194	Lys1459Arg	c.4376A>G	2026-08-19	BRCA1 Lys1459Arg	PubMed	42609953		Adaptive Surgical Decision-Making for Synchronous Metastatic Pancreatic Cancer and Early Breast Cancer with a BRCA1 Pathogenic Variant: A Case Report.	publication	NA	NA	NA			NA	UNCLEAR	
GRCh38:17:43076596:T:C	479194	Lys1459Arg	c.4376A>G	2026-08-19	BRCA1 Lys1459Arg	PubMed	42609763		An Unusual Presentation of Dermatofibrosarcoma Protuberans (DFSP): The Role of Advanced Molecular Testing in Collagen Type I Alpha 1 Chain (COL1A1)-Negative Cases.	publication	NA	NA	NA			NA	UNCLEAR	
GRCh38:17:43076596:T:C	479194	Lys1459Arg	c.4376A>G	2026-08-19	BRCA1 c.4376A>G	PubMed	42609450		Biomarker testing in advanced or metastatic hormone receptor-positive, human epidermal growth factor receptor 2 negative breast cancer: expert recommendations.	publication	NA	NA	NA			NA	UNCLEAR	
GRCh38:17:43076596:T:C	479194	Lys1459Arg	c.4376A>G	2026-08-19	BRCA1 c.4376A>G	PubMed	42581048		A ubiquitin chain-feeding mechanism for BRCA1-A.	publication	NA	NA	NA			NA	UNCLEAR	
GRCh38:17:43076596:T:C	479194	Lys1459Arg	c.4376A>G	2026-08-19	BRCA1 c.4376A>G	PubMed	42572185		Current Advances of Molecular Biomarkers and Liquid Biopsies Techniques in Ovarian Cancer.	publication	NA	NA	NA			NA	UNCLEAR	
GRCh38:17:43076596:T:C	479194	Lys1459Arg	c.4376A>G	2026-08-19	BRCA1 c.4376A>G	PubMed	42558868		Rewired DDR-TGF-β-β-catenin-PD-L1 axis accelerates progression and shapes therapy in human papillomavirus-driven cancer.	publication	NA	NA	NA			NA	UNCLEAR	
GRCh38:17:43076596:T:C	479194	Lys1459Arg	c.4376A>G	2026-08-19	BRCA1 c.4376A>G	PubMed	42513228		Breast Cancer: Epidemiology, Molecular Classification, Diagnostics and Evolving Treatment Paradigms.	publication	NA	NA	NA			NA	UNCLEAR	
GRCh38:17:43076614:G:A	481452	Ala1453Val	c.4358C>T	2026-08-19	Findlay SGE (MaveDB)	MaveDB			Findlay et al. 2018 (PMID 30209399)	saturation genome editing	saturation genome editing (HDR)	Ala1453Val					HIGH	partial coverage: RING+BRCT domains only
GRCh38:17:43076614:G:A	481452	Ala1453Val	c.4358C>T	2026-08-19	ClinVar esummary	ClinVar				clinical interpretation	NA	NA	NA		Uncertain significance	current=Uncertain significance; review=criteria provided, multiple submitters, no conflicts	MODERATE	
GRCh38:17:43082410:C:T	482942	Glu1451Lys	c.4351G>A	2026-08-19	Findlay SGE (MaveDB)	MaveDB			Findlay et al. 2018 (PMID 30209399)	saturation genome editing	saturation genome editing (HDR)	Glu1451Lys					HIGH	partial coverage: RING+BRCT domains only
GRCh38:17:43082410:C:T	482942	Glu1451Lys	c.4351G>A	2026-08-19	ClinVar esummary	ClinVar				clinical interpretation	NA	NA	NA		Uncertain significance	current=Uncertain significance; review=criteria provided, single submitter	MODERATE	
GRCh38:17:43082410:C:T	482942	Glu1451Lys	c.4351G>A	2026-08-19	BRCA1 Glu1451Lys	PubMed	42611417		Hormonal contraceptives and cancer risk in women with a BRCA1 or BRCA2 pathogenic variant.	publication	NA	NA	NA			NA	UNCLEAR	
GRCh38:17:43082410:C:T	482942	Glu1451Lys	c.4351G>A	2026-08-19	BRCA1 Glu1451Lys	PubMed	42610144		AI-driven CRISPR strategies in breast cancer: Organoid modeling, adaptive editing, and precision delivery.	publication	NA	NA	NA			NA	UNCLEAR	
GRCh38:17:43082410:C:T	482942	Glu1451Lys	c.4351G>A	2026-08-19	BRCA1 Glu1451Lys	PubMed	42610096		Alliance A022106: A Phase II/III Trial of Nab-Paclitaxel and Gemcitabine ± Cisplatin as Second-Line Treatment for BRCA1/2 or PALB2 Mutant Metastatic Pancreatic Ductal Adenocarcinoma (PLATINUM).	publication	NA	NA	NA			NA	UNCLEAR	
GRCh38:17:43082410:C:T	482942	Glu1451Lys	c.4351G>A	2026-08-19	BRCA1 Glu1451Lys	PubMed	42609953		Adaptive Surgical Decision-Making for Synchronous Metastatic Pancreatic Cancer and Early Breast Cancer with a BRCA1 Pathogenic Variant: A Case Report.	publication	NA	NA	NA			NA	UNCLEAR	
GRCh38:17:43082410:C:T	482942	Glu1451Lys	c.4351G>A	2026-08-19	BRCA1 Glu1451Lys	PubMed	42609763		An Unusual Presentation of Dermatofibrosarcoma Protuberans (DFSP): The Role of Advanced Molecular Testing in Collagen Type I Alpha 1 Chain (COL1A1)-Negative Cases.	publication	NA	NA	NA			NA	UNCLEAR	
GRCh38:17:43082410:C:T	482942	Glu1451Lys	c.4351G>A	2026-08-19	BRCA1 c.4351G>A	PubMed	42611417		Hormonal contraceptives and cancer risk in women with a BRCA1 or BRCA2 pathogenic variant.	publication	NA	NA	NA			NA	UNCLEAR	
GRCh38:17:43082410:C:T	482942	Glu1451Lys	c.4351G>A	2026-08-19	BRCA1 c.4351G>A	PubMed	42610144		AI-driven CRISPR strategies in breast cancer: Organoid modeling, adaptive editing, and precision delivery.	publication	NA	NA	NA			NA	UNCLEAR	
GRCh38:17:43082410:C:T	482942	Glu1451Lys	c.4351G>A	2026-08-19	BRCA1 c.4351G>A	PubMed	42610096		Alliance A022106: A Phase II/III Trial of Nab-Paclitaxel and Gemcitabine ± Cisplatin as Second-Line Treatment for BRCA1/2 or PALB2 Mutant Metastatic Pancreatic Ductal Adenocarcinoma (PLATINUM).	publication	NA	NA	NA			NA	UNCLEAR	
GRCh38:17:43082410:C:T	482942	Glu1451Lys	c.4351G>A	2026-08-19	BRCA1 c.4351G>A	PubMed	42609953		Adaptive Surgical Decision-Making for Synchronous Metastatic Pancreatic Cancer and Early Breast Cancer with a BRCA1 Pathogenic Variant: A Case Report.	publication	NA	NA	NA			NA	UNCLEAR	
GRCh38:17:43082410:C:T	482942	Glu1451Lys	c.4351G>A	2026-08-19	BRCA1 c.4351G>A	PubMed	42609763		An Unusual Presentation of Dermatofibrosarcoma Protuberans (DFSP): The Role of Advanced Molecular Testing in Collagen Type I Alpha 1 Chain (COL1A1)-Negative Cases.	publication	NA	NA	NA			NA	UNCLEAR	
GRCh38:17:43076502:T:A	482951	Glu1490Asp	c.4470A>T	2026-08-19	Findlay SGE (MaveDB)	MaveDB			Findlay et al. 2018 (PMID 30209399)	saturation genome editing	saturation genome editing (HDR)	Glu1490Asp					HIGH	partial coverage: RING+BRCT domains only
GRCh38:17:43076502:T:A	482951	Glu1490Asp	c.4470A>T	2026-08-19	ClinVar esummary	ClinVar				clinical interpretation	NA	NA	NA		Uncertain significance	current=Uncertain significance; review=criteria provided, multiple submitters, no conflicts	MODERATE	
GRCh38:17:43076560:C:A	485391	Gly1471Val	c.4412G>T	2026-08-19	Findlay SGE (MaveDB)	MaveDB			Findlay et al. 2018 (PMID 30209399)	saturation genome editing	saturation genome editing (HDR)	Gly1471Val					HIGH	partial coverage: RING+BRCT domains only
GRCh38:17:43076560:C:A	485391	Gly1471Val	c.4412G>T	2026-08-19	ClinVar esummary	ClinVar				clinical interpretation	NA	NA	NA		Uncertain significance	current=Uncertain significance; review=criteria provided, multiple submitters, no conflicts	MODERATE	
GRCh38:17:43082538:T:C	481440	Gln1408Arg	c.4223A>G	2026-08-19	Findlay SGE (MaveDB)	MaveDB			Findlay et al. 2018 (PMID 30209399)	saturation genome editing	saturation genome editing (HDR)	Gln1408Arg					HIGH	partial coverage: RING+BRCT domains only
GRCh38:17:43082538:T:C	481440	Gln1408Arg	c.4223A>G	2026-08-19	ClinVar esummary	ClinVar				clinical interpretation	NA	NA	NA		Uncertain significance	current=Uncertain significance; review=criteria provided, multiple submitters, no conflicts	MODERATE	
GRCh38:17:43082541:A:C	481429	Leu1407Arg	c.4220T>G	2026-08-19	Findlay SGE (MaveDB)	MaveDB			Findlay et al. 2018 (PMID 30209399)	saturation genome editing	saturation genome editing (HDR)	Leu1407Arg					HIGH	partial coverage: RING+BRCT domains only
GRCh38:17:43082541:A:C	481429	Leu1407Arg	c.4220T>G	2026-08-19	ClinVar esummary	ClinVar				clinical interpretation	NA	NA	NA		Uncertain significance	current=Uncertain significance; review=criteria provided, single submitter	MODERATE	
GRCh38:17:43063906:A:G	481464	Ile1707Thr	c.5120T>C	2026-08-19	Findlay SGE (MaveDB)	MaveDB			Findlay et al. 2018 (PMID 30209399)	saturation genome editing	saturation genome editing (HDR)	Ile1707Thr	-0.1433250948322409			-0.1433250948322409	HIGH	partial coverage: RING+BRCT domains only
GRCh38:17:43063906:A:G	481464	Ile1707Thr	c.5120T>C	2026-08-19	ClinVar esummary	ClinVar				clinical interpretation	NA	NA	NA		Uncertain significance	current=Uncertain significance; review=criteria provided, multiple submitters, no conflicts	MODERATE	
GRCh38:17:43063906:A:G	481464	Ile1707Thr	c.5120T>C	2026-08-19	BRCA1 Ile1707Thr	PubMed	42611417		Hormonal contraceptives and cancer risk in women with a BRCA1 or BRCA2 pathogenic variant.	publication	NA	NA	NA			NA	UNCLEAR	
GRCh38:17:43063906:A:G	481464	Ile1707Thr	c.5120T>C	2026-08-19	BRCA1 Ile1707Thr	PubMed	42610144		AI-driven CRISPR strategies in breast cancer: Organoid modeling, adaptive editing, and precision delivery.	publication	NA	NA	NA			NA	UNCLEAR	
GRCh38:17:43063906:A:G	481464	Ile1707Thr	c.5120T>C	2026-08-19	BRCA1 Ile1707Thr	PubMed	42610096		Alliance A022106: A Phase II/III Trial of Nab-Paclitaxel and Gemcitabine ± Cisplatin as Second-Line Treatment for BRCA1/2 or PALB2 Mutant Metastatic Pancreatic Ductal Adenocarcinoma (PLATINUM).	publication	NA	NA	NA			NA	UNCLEAR	
GRCh38:17:43063906:A:G	481464	Ile1707Thr	c.5120T>C	2026-08-19	BRCA1 Ile1707Thr	PubMed	42609953		Adaptive Surgical Decision-Making for Synchronous Metastatic Pancreatic Cancer and Early Breast Cancer with a BRCA1 Pathogenic Variant: A Case Report.	publication	NA	NA	NA			NA	UNCLEAR	
GRCh38:17:43063906:A:G	481464	Ile1707Thr	c.5120T>C	2026-08-19	BRCA1 Ile1707Thr	PubMed	42609763		An Unusual Presentation of Dermatofibrosarcoma Protuberans (DFSP): The Role of Advanced Molecular Testing in Collagen Type I Alpha 1 Chain (COL1A1)-Negative Cases.	publication	NA	NA	NA			NA	UNCLEAR	
GRCh38:17:43063906:A:G	481464	Ile1707Thr	c.5120T>C	2026-08-19	BRCA1 c.5120T>C	PubMed	42609450		Biomarker testing in advanced or metastatic hormone receptor-positive, human epidermal growth factor receptor 2 negative breast cancer: expert recommendations.	publication	NA	NA	NA			NA	UNCLEAR	
GRCh38:17:43063906:A:G	481464	Ile1707Thr	c.5120T>C	2026-08-19	BRCA1 c.5120T>C	PubMed	42584742		Real-world clinical outcomes of patients with early-stage TNBC and BRCAm who were treated with adjuvant capecitabine in the United States.	publication	NA	NA	NA			NA	UNCLEAR	
GRCh38:17:43063906:A:G	481464	Ile1707Thr	c.5120T>C	2026-08-19	BRCA1 c.5120T>C	PubMed	42580099		Chemotherapy type and survival in young BRCA1/2 carriers with HER2-negative early breast cancer.	publication	NA	NA	NA			NA	UNCLEAR	
GRCh38:17:43063906:A:G	481464	Ile1707Thr	c.5120T>C	2026-08-19	BRCA1 c.5120T>C	PubMed	42560601		BRCA1-derived peptide constructs exhibit sequence-dependent features compatible with modulation of the p53-MDM2 axis.	publication	NA	NA	NA			NA	UNCLEAR	
GRCh38:17:43063906:A:G	481464	Ile1707Thr	c.5120T>C	2026-08-19	BRCA1 c.5120T>C	PubMed	42524928		Whole-genome sequencing in Brazilian patients with neurofibromatosis type 1, including novel variants, incidental findings, and dual diagnoses.	publication	NA	NA	NA			NA	UNCLEAR	
GRCh38:17:43076526:A:C	481168	Asp1482Glu	c.4446T>G	2026-08-19	Findlay SGE (MaveDB)	MaveDB			Findlay et al. 2018 (PMID 30209399)	saturation genome editing	saturation genome editing (HDR)	Asp1482Glu					HIGH	partial coverage: RING+BRCT domains only
GRCh38:17:43076526:A:C	481168	Asp1482Glu	c.4446T>G	2026-08-19	ClinVar esummary	ClinVar				clinical interpretation	NA	NA	NA		Uncertain significance	current=Uncertain significance; review=criteria provided, single submitter	MODERATE	
GRCh38:17:43104177:C:A	481476	Gly129Val	c.386G>T	2026-08-19	Findlay SGE (MaveDB)	MaveDB			Findlay et al. 2018 (PMID 30209399)	saturation genome editing	saturation genome editing (HDR)	Gly129Val					HIGH	partial coverage: RING+BRCT domains only
GRCh38:17:43104177:C:A	481476	Gly129Val	c.386G>T	2026-08-19	ClinVar esummary	ClinVar				clinical interpretation	NA	NA	NA		Uncertain significance	current=Uncertain significance; review=criteria provided, multiple submitters, no conflicts	MODERATE	
GRCh38:17:43104177:C:A	481476	Gly129Val	c.386G>T	2026-08-19	BRCA1 Gly129Val	PubMed	42611417		Hormonal contraceptives and cancer risk in women with a BRCA1 or BRCA2 pathogenic variant.	publication	NA	NA	NA			NA	UNCLEAR	
GRCh38:17:43104177:C:A	481476	Gly129Val	c.386G>T	2026-08-19	BRCA1 Gly129Val	PubMed	42610144		AI-driven CRISPR strategies in breast cancer: Organoid modeling, adaptive editing, and precision delivery.	publication	NA	NA	NA			NA	UNCLEAR	
GRCh38:17:43104177:C:A	481476	Gly129Val	c.386G>T	2026-08-19	BRCA1 Gly129Val	PubMed	42610096		Alliance A022106: A Phase II/III Trial of Nab-Paclitaxel and Gemcitabine ± Cisplatin as Second-Line Treatment for BRCA1/2 or PALB2 Mutant Metastatic Pancreatic Ductal Adenocarcinoma (PLATINUM).	publication	NA	NA	NA			NA	UNCLEAR	
GRCh38:17:43104177:C:A	481476	Gly129Val	c.386G>T	2026-08-19	BRCA1 Gly129Val	PubMed	42609953		Adaptive Surgical Decision-Making for Synchronous Metastatic Pancreatic Cancer and Early Breast Cancer with a BRCA1 Pathogenic Variant: A Case Report.	publication	NA	NA	NA			NA	UNCLEAR	
GRCh38:17:43104177:C:A	481476	Gly129Val	c.386G>T	2026-08-19	BRCA1 Gly129Val	PubMed	42609763		An Unusual Presentation of Dermatofibrosarcoma Protuberans (DFSP): The Role of Advanced Molecular Testing in Collagen Type I Alpha 1 Chain (COL1A1)-Negative Cases.	publication	NA	NA	NA			NA	UNCLEAR	
GRCh38:17:43047672:T:A	489733	Asp1813Val	c.5438A>T	2026-08-19	Findlay SGE (MaveDB)	MaveDB			Findlay et al. 2018 (PMID 30209399)	saturation genome editing	saturation genome editing (HDR)	Asp1813Val	-0.1805607161148019			-0.1805607161148019	HIGH	partial coverage: RING+BRCT domains only
GRCh38:17:43047672:T:A	489733	Asp1813Val	c.5438A>T	2026-08-19	ClinVar esummary	ClinVar				clinical interpretation	NA	NA	NA		Uncertain significance	current=Uncertain significance; review=criteria provided, multiple submitters, no conflicts	MODERATE	
GRCh38:17:43071215:C:T	489723	Gly1567Arg	c.4699G>A	2026-08-19	Findlay SGE (MaveDB)	MaveDB			Findlay et al. 2018 (PMID 30209399)	saturation genome editing	saturation genome editing (HDR)	Gly1567Arg					HIGH	partial coverage: RING+BRCT domains only
GRCh38:17:43071215:C:T	489723	Gly1567Arg	c.4699G>A	2026-08-19	ClinVar esummary	ClinVar				clinical interpretation	NA	NA	NA		Uncertain significance	current=Uncertain significance; review=criteria provided, multiple submitters, no conflicts	MODERATE	
GRCh38:17:43071215:C:T	489723	Gly1567Arg	c.4699G>A	2026-08-19	BRCA1 Gly1567Arg	PubMed	42611417		Hormonal contraceptives and cancer risk in women with a BRCA1 or BRCA2 pathogenic variant.	publication	NA	NA	NA			NA	UNCLEAR	
GRCh38:17:43071215:C:T	489723	Gly1567Arg	c.4699G>A	2026-08-19	BRCA1 Gly1567Arg	PubMed	42610144		AI-driven CRISPR strategies in breast cancer: Organoid modeling, adaptive editing, and precision delivery.	publication	NA	NA	NA			NA	UNCLEAR	
GRCh38:17:43071215:C:T	489723	Gly1567Arg	c.4699G>A	2026-08-19	BRCA1 Gly1567Arg	PubMed	42610096		Alliance A022106: A Phase II/III Trial of Nab-Paclitaxel and Gemcitabine ± Cisplatin as Second-Line Treatment for BRCA1/2 or PALB2 Mutant Metastatic Pancreatic Ductal Adenocarcinoma (PLATINUM).	publication	NA	NA	NA			NA	UNCLEAR	
GRCh38:17:43071215:C:T	489723	Gly1567Arg	c.4699G>A	2026-08-19	BRCA1 Gly1567Arg	PubMed	42609953		Adaptive Surgical Decision-Making for Synchronous Metastatic Pancreatic Cancer and Early Breast Cancer with a BRCA1 Pathogenic Variant: A Case Report.	publication	NA	NA	NA			NA	UNCLEAR	
GRCh38:17:43071215:C:T	489723	Gly1567Arg	c.4699G>A	2026-08-19	BRCA1 Gly1567Arg	PubMed	42609763		An Unusual Presentation of Dermatofibrosarcoma Protuberans (DFSP): The Role of Advanced Molecular Testing in Collagen Type I Alpha 1 Chain (COL1A1)-Negative Cases.	publication	NA	NA	NA			NA	UNCLEAR	
GRCh38:17:43071215:C:T	489723	Gly1567Arg	c.4699G>A	2026-08-19	BRCA1 c.4699G>A	PubMed	42611417		Hormonal contraceptives and cancer risk in women with a BRCA1 or BRCA2 pathogenic variant.	publication	NA	NA	NA			NA	UNCLEAR	
GRCh38:17:43071215:C:T	489723	Gly1567Arg	c.4699G>A	2026-08-19	BRCA1 c.4699G>A	PubMed	42610144		AI-driven CRISPR strategies in breast cancer: Organoid modeling, adaptive editing, and precision delivery.	publication	NA	NA	NA			NA	UNCLEAR	
GRCh38:17:43071215:C:T	489723	Gly1567Arg	c.4699G>A	2026-08-19	BRCA1 c.4699G>A	PubMed	42610096		Alliance A022106: A Phase II/III Trial of Nab-Paclitaxel and Gemcitabine ± Cisplatin as Second-Line Treatment for BRCA1/2 or PALB2 Mutant Metastatic Pancreatic Ductal Adenocarcinoma (PLATINUM).	publication	NA	NA	NA			NA	UNCLEAR	
GRCh38:17:43071215:C:T	489723	Gly1567Arg	c.4699G>A	2026-08-19	BRCA1 c.4699G>A	PubMed	42609953		Adaptive Surgical Decision-Making for Synchronous Metastatic Pancreatic Cancer and Early Breast Cancer with a BRCA1 Pathogenic Variant: A Case Report.	publication	NA	NA	NA			NA	UNCLEAR	
GRCh38:17:43071215:C:T	489723	Gly1567Arg	c.4699G>A	2026-08-19	BRCA1 c.4699G>A	PubMed	42609763		An Unusual Presentation of Dermatofibrosarcoma Protuberans (DFSP): The Role of Advanced Molecular Testing in Collagen Type I Alpha 1 Chain (COL1A1)-Negative Cases.	publication	NA	NA	NA			NA	UNCLEAR	
GRCh38:17:43082527:C:A	489722	Ala1412Ser	c.4234G>T	2026-08-19	Findlay SGE (MaveDB)	MaveDB			Findlay et al. 2018 (PMID 30209399)	saturation genome editing	saturation genome editing (HDR)	Ala1412Ser					HIGH	partial coverage: RING+BRCT domains only
GRCh38:17:43082527:C:A	489722	Ala1412Ser	c.4234G>T	2026-08-19	ClinVar esummary	ClinVar				clinical interpretation	NA	NA	NA		Uncertain significance	current=Uncertain significance; review=criteria provided, multiple submitters, no conflicts	MODERATE	
GRCh38:17:43097275:C:T	491178	Glu188Lys	c.562G>A	2026-08-19	Findlay SGE (MaveDB)	MaveDB			Findlay et al. 2018 (PMID 30209399)	saturation genome editing	saturation genome editing (HDR)	Glu188Lys					HIGH	partial coverage: RING+BRCT domains only
GRCh38:17:43097275:C:T	491178	Glu188Lys	c.562G>A	2026-08-19	ClinVar esummary	ClinVar				clinical interpretation	NA	NA	NA		Uncertain significance	current=Uncertain significance; review=criteria provided, multiple submitters, no conflicts	MODERATE	
GRCh38:17:43097275:C:T	491178	Glu188Lys	c.562G>A	2026-08-19	BRCA1 c.562G>A	PubMed	42611417		Hormonal contraceptives and cancer risk in women with a BRCA1 or BRCA2 pathogenic variant.	publication	NA	NA	NA			NA	UNCLEAR	
GRCh38:17:43097275:C:T	491178	Glu188Lys	c.562G>A	2026-08-19	BRCA1 c.562G>A	PubMed	42610144		AI-driven CRISPR strategies in breast cancer: Organoid modeling, adaptive editing, and precision delivery.	publication	NA	NA	NA			NA	UNCLEAR	
GRCh38:17:43097275:C:T	491178	Glu188Lys	c.562G>A	2026-08-19	BRCA1 c.562G>A	PubMed	42610096		Alliance A022106: A Phase II/III Trial of Nab-Paclitaxel and Gemcitabine ± Cisplatin as Second-Line Treatment for BRCA1/2 or PALB2 Mutant Metastatic Pancreatic Ductal Adenocarcinoma (PLATINUM).	publication	NA	NA	NA			NA	UNCLEAR	
GRCh38:17:43097275:C:T	491178	Glu188Lys	c.562G>A	2026-08-19	BRCA1 c.562G>A	PubMed	42609953		Adaptive Surgical Decision-Making for Synchronous Metastatic Pancreatic Cancer and Early Breast Cancer with a BRCA1 Pathogenic Variant: A Case Report.	publication	NA	NA	NA			NA	UNCLEAR	
GRCh38:17:43097275:C:T	491178	Glu188Lys	c.562G>A	2026-08-19	BRCA1 c.562G>A	PubMed	42609763		An Unusual Presentation of Dermatofibrosarcoma Protuberans (DFSP): The Role of Advanced Molecular Testing in Collagen Type I Alpha 1 Chain (COL1A1)-Negative Cases.	publication	NA	NA	NA			NA	UNCLEAR	
GRCh38:17:43082515:C:T	491073	Ala1416Thr	c.4246G>A	2026-08-19	Findlay SGE (MaveDB)	MaveDB			Findlay et al. 2018 (PMID 30209399)	saturation genome editing	saturation genome editing (HDR)	Ala1416Thr					HIGH	partial coverage: RING+BRCT domains only
GRCh38:17:43082515:C:T	491073	Ala1416Thr	c.4246G>A	2026-08-19	ClinVar esummary	ClinVar				clinical interpretation	NA	NA	NA		Uncertain significance	current=Uncertain significance; review=criteria provided, multiple submitters, no conflicts	MODERATE	
GRCh38:17:43082515:C:T	491073	Ala1416Thr	c.4246G>A	2026-08-19	BRCA1 Ala1416Thr	PubMed	42611417		Hormonal contraceptives and cancer risk in women with a BRCA1 or BRCA2 pathogenic variant.	publication	NA	NA	NA			NA	UNCLEAR	
GRCh38:17:43082515:C:T	491073	Ala1416Thr	c.4246G>A	2026-08-19	BRCA1 Ala1416Thr	PubMed	42610144		AI-driven CRISPR strategies in breast cancer: Organoid modeling, adaptive editing, and precision delivery.	publication	NA	NA	NA			NA	UNCLEAR	
GRCh38:17:43082515:C:T	491073	Ala1416Thr	c.4246G>A	2026-08-19	BRCA1 Ala1416Thr	PubMed	42610096		Alliance A022106: A Phase II/III Trial of Nab-Paclitaxel and Gemcitabine ± Cisplatin as Second-Line Treatment for BRCA1/2 or PALB2 Mutant Metastatic Pancreatic Ductal Adenocarcinoma (PLATINUM).	publication	NA	NA	NA			NA	UNCLEAR	
GRCh38:17:43082515:C:T	491073	Ala1416Thr	c.4246G>A	2026-08-19	BRCA1 Ala1416Thr	PubMed	42609953		Adaptive Surgical Decision-Making for Synchronous Metastatic Pancreatic Cancer and Early Breast Cancer with a BRCA1 Pathogenic Variant: A Case Report.	publication	NA	NA	NA			NA	UNCLEAR	
GRCh38:17:43082515:C:T	491073	Ala1416Thr	c.4246G>A	2026-08-19	BRCA1 Ala1416Thr	PubMed	42609763		An Unusual Presentation of Dermatofibrosarcoma Protuberans (DFSP): The Role of Advanced Molecular Testing in Collagen Type I Alpha 1 Chain (COL1A1)-Negative Cases.	publication	NA	NA	NA			NA	UNCLEAR	
GRCh38:17:43082515:C:T	491073	Ala1416Thr	c.4246G>A	2026-08-19	BRCA1 c.4246G>A	PubMed	42611417		Hormonal contraceptives and cancer risk in women with a BRCA1 or BRCA2 pathogenic variant.	publication	NA	NA	NA			NA	UNCLEAR	
GRCh38:17:43082515:C:T	491073	Ala1416Thr	c.4246G>A	2026-08-19	BRCA1 c.4246G>A	PubMed	42610144		AI-driven CRISPR strategies in breast cancer: Organoid modeling, adaptive editing, and precision delivery.	publication	NA	NA	NA			NA	UNCLEAR	
GRCh38:17:43082515:C:T	491073	Ala1416Thr	c.4246G>A	2026-08-19	BRCA1 c.4246G>A	PubMed	42610096		Alliance A022106: A Phase II/III Trial of Nab-Paclitaxel and Gemcitabine ± Cisplatin as Second-Line Treatment for BRCA1/2 or PALB2 Mutant Metastatic Pancreatic Ductal Adenocarcinoma (PLATINUM).	publication	NA	NA	NA			NA	UNCLEAR	
GRCh38:17:43082515:C:T	491073	Ala1416Thr	c.4246G>A	2026-08-19	BRCA1 c.4246G>A	PubMed	42609953		Adaptive Surgical Decision-Making for Synchronous Metastatic Pancreatic Cancer and Early Breast Cancer with a BRCA1 Pathogenic Variant: A Case Report.	publication	NA	NA	NA			NA	UNCLEAR	
GRCh38:17:43082515:C:T	491073	Ala1416Thr	c.4246G>A	2026-08-19	BRCA1 c.4246G>A	PubMed	42609763		An Unusual Presentation of Dermatofibrosarcoma Protuberans (DFSP): The Role of Advanced Molecular Testing in Collagen Type I Alpha 1 Chain (COL1A1)-Negative Cases.	publication	NA	NA	NA			NA	UNCLEAR	
GRCh38:17:43082424:T:C	491074	Glu1446Gly	c.4337A>G	2026-08-19	Findlay SGE (MaveDB)	MaveDB			Findlay et al. 2018 (PMID 30209399)	saturation genome editing	saturation genome editing (HDR)	Glu1446Gly					HIGH	partial coverage: RING+BRCT domains only
GRCh38:17:43082424:T:C	491074	Glu1446Gly	c.4337A>G	2026-08-19	ClinVar esummary	ClinVar				clinical interpretation	NA	NA	NA		Uncertain significance	current=Uncertain significance; review=criteria provided, multiple submitters, no conflicts	MODERATE	
GRCh38:17:43082424:T:C	491074	Glu1446Gly	c.4337A>G	2026-08-19	BRCA1 Glu1446Gly	PubMed	42611417		Hormonal contraceptives and cancer risk in women with a BRCA1 or BRCA2 pathogenic variant.	publication	NA	NA	NA			NA	UNCLEAR	
GRCh38:17:43082424:T:C	491074	Glu1446Gly	c.4337A>G	2026-08-19	BRCA1 Glu1446Gly	PubMed	42610144		AI-driven CRISPR strategies in breast cancer: Organoid modeling, adaptive editing, and precision delivery.	publication	NA	NA	NA			NA	UNCLEAR	
GRCh38:17:43082424:T:C	491074	Glu1446Gly	c.4337A>G	2026-08-19	BRCA1 Glu1446Gly	PubMed	42610096		Alliance A022106: A Phase II/III Trial of Nab-Paclitaxel and Gemcitabine ± Cisplatin as Second-Line Treatment for BRCA1/2 or PALB2 Mutant Metastatic Pancreatic Ductal Adenocarcinoma (PLATINUM).	publication	NA	NA	NA			NA	UNCLEAR	
GRCh38:17:43082424:T:C	491074	Glu1446Gly	c.4337A>G	2026-08-19	BRCA1 Glu1446Gly	PubMed	42609953		Adaptive Surgical Decision-Making for Synchronous Metastatic Pancreatic Cancer and Early Breast Cancer with a BRCA1 Pathogenic Variant: A Case Report.	publication	NA	NA	NA			NA	UNCLEAR	
GRCh38:17:43082424:T:C	491074	Glu1446Gly	c.4337A>G	2026-08-19	BRCA1 Glu1446Gly	PubMed	42609763		An Unusual Presentation of Dermatofibrosarcoma Protuberans (DFSP): The Role of Advanced Molecular Testing in Collagen Type I Alpha 1 Chain (COL1A1)-Negative Cases.	publication	NA	NA	NA			NA	UNCLEAR	
GRCh38:17:43082424:T:C	491074	Glu1446Gly	c.4337A>G	2026-08-19	BRCA1 c.4337A>G	PubMed	42609450		Biomarker testing in advanced or metastatic hormone receptor-positive, human epidermal growth factor receptor 2 negative breast cancer: expert recommendations.	publication	NA	NA	NA			NA	UNCLEAR	
GRCh38:17:43082424:T:C	491074	Glu1446Gly	c.4337A>G	2026-08-19	BRCA1 c.4337A>G	PubMed	42581048		A ubiquitin chain-feeding mechanism for BRCA1-A.	publication	NA	NA	NA			NA	UNCLEAR	
GRCh38:17:43082424:T:C	491074	Glu1446Gly	c.4337A>G	2026-08-19	BRCA1 c.4337A>G	PubMed	42572185		Current Advances of Molecular Biomarkers and Liquid Biopsies Techniques in Ovarian Cancer.	publication	NA	NA	NA			NA	UNCLEAR	
GRCh38:17:43082424:T:C	491074	Glu1446Gly	c.4337A>G	2026-08-19	BRCA1 c.4337A>G	PubMed	42558868		Rewired DDR-TGF-β-β-catenin-PD-L1 axis accelerates progression and shapes therapy in human papillomavirus-driven cancer.	publication	NA	NA	NA			NA	UNCLEAR	
GRCh38:17:43082424:T:C	491074	Glu1446Gly	c.4337A>G	2026-08-19	BRCA1 c.4337A>G	PubMed	42513228		Breast Cancer: Epidemiology, Molecular Classification, Diagnostics and Evolving Treatment Paradigms.	publication	NA	NA	NA			NA	UNCLEAR	
GRCh38:17:43082527:C:T	491072	Ala1412Thr	c.4234G>A	2026-08-19	Findlay SGE (MaveDB)	MaveDB			Findlay et al. 2018 (PMID 30209399)	saturation genome editing	saturation genome editing (HDR)	Ala1412Thr					HIGH	partial coverage: RING+BRCT domains only
GRCh38:17:43082527:C:T	491072	Ala1412Thr	c.4234G>A	2026-08-19	ClinVar esummary	ClinVar				clinical interpretation	NA	NA	NA		Uncertain significance	current=Uncertain significance; review=criteria provided, single submitter	MODERATE	
GRCh38:17:43082527:C:T	491072	Ala1412Thr	c.4234G>A	2026-08-19	BRCA1 Ala1412Thr	PubMed	42611417		Hormonal contraceptives and cancer risk in women with a BRCA1 or BRCA2 pathogenic variant.	publication	NA	NA	NA			NA	UNCLEAR	
GRCh38:17:43082527:C:T	491072	Ala1412Thr	c.4234G>A	2026-08-19	BRCA1 Ala1412Thr	PubMed	42610144		AI-driven CRISPR strategies in breast cancer: Organoid modeling, adaptive editing, and precision delivery.	publication	NA	NA	NA			NA	UNCLEAR	
GRCh38:17:43082527:C:T	491072	Ala1412Thr	c.4234G>A	2026-08-19	BRCA1 Ala1412Thr	PubMed	42610096		Alliance A022106: A Phase II/III Trial of Nab-Paclitaxel and Gemcitabine ± Cisplatin as Second-Line Treatment for BRCA1/2 or PALB2 Mutant Metastatic Pancreatic Ductal Adenocarcinoma (PLATINUM).	publication	NA	NA	NA			NA	UNCLEAR	
GRCh38:17:43082527:C:T	491072	Ala1412Thr	c.4234G>A	2026-08-19	BRCA1 Ala1412Thr	PubMed	42609953		Adaptive Surgical Decision-Making for Synchronous Metastatic Pancreatic Cancer and Early Breast Cancer with a BRCA1 Pathogenic Variant: A Case Report.	publication	NA	NA	NA			NA	UNCLEAR	
GRCh38:17:43082527:C:T	491072	Ala1412Thr	c.4234G>A	2026-08-19	BRCA1 Ala1412Thr	PubMed	42609763		An Unusual Presentation of Dermatofibrosarcoma Protuberans (DFSP): The Role of Advanced Molecular Testing in Collagen Type I Alpha 1 Chain (COL1A1)-Negative Cases.	publication	NA	NA	NA			NA	UNCLEAR	
GRCh38:17:43082527:C:T	491072	Ala1412Thr	c.4234G>A	2026-08-19	BRCA1 c.4234G>A	PubMed	42611417		Hormonal contraceptives and cancer risk in women with a BRCA1 or BRCA2 pathogenic variant.	publication	NA	NA	NA			NA	UNCLEAR	
GRCh38:17:43082527:C:T	491072	Ala1412Thr	c.4234G>A	2026-08-19	BRCA1 c.4234G>A	PubMed	42610144		AI-driven CRISPR strategies in breast cancer: Organoid modeling, adaptive editing, and precision delivery.	publication	NA	NA	NA			NA	UNCLEAR	
GRCh38:17:43082527:C:T	491072	Ala1412Thr	c.4234G>A	2026-08-19	BRCA1 c.4234G>A	PubMed	42610096		Alliance A022106: A Phase II/III Trial of Nab-Paclitaxel and Gemcitabine ± Cisplatin as Second-Line Treatment for BRCA1/2 or PALB2 Mutant Metastatic Pancreatic Ductal Adenocarcinoma (PLATINUM).	publication	NA	NA	NA			NA	UNCLEAR	
GRCh38:17:43082527:C:T	491072	Ala1412Thr	c.4234G>A	2026-08-19	BRCA1 c.4234G>A	PubMed	42609953		Adaptive Surgical Decision-Making for Synchronous Metastatic Pancreatic Cancer and Early Breast Cancer with a BRCA1 Pathogenic Variant: A Case Report.	publication	NA	NA	NA			NA	UNCLEAR	
GRCh38:17:43082527:C:T	491072	Ala1412Thr	c.4234G>A	2026-08-19	BRCA1 c.4234G>A	PubMed	42609763		An Unusual Presentation of Dermatofibrosarcoma Protuberans (DFSP): The Role of Advanced Molecular Testing in Collagen Type I Alpha 1 Chain (COL1A1)-Negative Cases.	publication	NA	NA	NA			NA	UNCLEAR	
GRCh38:17:43099776:C:A	491176	Leu182Phe	c.546G>T	2026-08-19	Findlay SGE (MaveDB)	MaveDB			Findlay et al. 2018 (PMID 30209399)	saturation genome editing	saturation genome editing (HDR)	Leu182Phe					HIGH	partial coverage: RING+BRCT domains only
GRCh38:17:43099776:C:A	491176	Leu182Phe	c.546G>T	2026-08-19	ClinVar esummary	ClinVar				clinical interpretation	NA	NA	NA		Uncertain significance	current=Uncertain significance; review=criteria provided, multiple submitters, no conflicts	MODERATE	
GRCh38:17:43090960:T:C	496377	Asp1390Gly	c.4169A>G	2026-08-19	Findlay SGE (MaveDB)	MaveDB			Findlay et al. 2018 (PMID 30209399)	saturation genome editing	saturation genome editing (HDR)	Asp1390Gly					HIGH	partial coverage: RING+BRCT domains only
GRCh38:17:43090960:T:C	496377	Asp1390Gly	c.4169A>G	2026-08-19	ClinVar esummary	ClinVar				clinical interpretation	NA	NA	NA		Uncertain significance	current=Uncertain significance; review=criteria provided, multiple submitters, no conflicts	MODERATE	
GRCh38:17:43090960:T:C	496377	Asp1390Gly	c.4169A>G	2026-08-19	BRCA1 Asp1390Gly	PubMed	42611417		Hormonal contraceptives and cancer risk in women with a BRCA1 or BRCA2 pathogenic variant.	publication	NA	NA	NA			NA	UNCLEAR	
GRCh38:17:43090960:T:C	496377	Asp1390Gly	c.4169A>G	2026-08-19	BRCA1 Asp1390Gly	PubMed	42610144		AI-driven CRISPR strategies in breast cancer: Organoid modeling, adaptive editing, and precision delivery.	publication	NA	NA	NA			NA	UNCLEAR	
GRCh38:17:43090960:T:C	496377	Asp1390Gly	c.4169A>G	2026-08-19	BRCA1 Asp1390Gly	PubMed	42610096		Alliance A022106: A Phase II/III Trial of Nab-Paclitaxel and Gemcitabine ± Cisplatin as Second-Line Treatment for BRCA1/2 or PALB2 Mutant Metastatic Pancreatic Ductal Adenocarcinoma (PLATINUM).	publication	NA	NA	NA			NA	UNCLEAR	
GRCh38:17:43090960:T:C	496377	Asp1390Gly	c.4169A>G	2026-08-19	BRCA1 Asp1390Gly	PubMed	42609953		Adaptive Surgical Decision-Making for Synchronous Metastatic Pancreatic Cancer and Early Breast Cancer with a BRCA1 Pathogenic Variant: A Case Report.	publication	NA	NA	NA			NA	UNCLEAR	
GRCh38:17:43090960:T:C	496377	Asp1390Gly	c.4169A>G	2026-08-19	BRCA1 Asp1390Gly	PubMed	42609763		An Unusual Presentation of Dermatofibrosarcoma Protuberans (DFSP): The Role of Advanced Molecular Testing in Collagen Type I Alpha 1 Chain (COL1A1)-Negative Cases.	publication	NA	NA	NA			NA	UNCLEAR	
GRCh38:17:43090960:T:C	496377	Asp1390Gly	c.4169A>G	2026-08-19	BRCA1 c.4169A>G	PubMed	42609450		Biomarker testing in advanced or metastatic hormone receptor-positive, human epidermal growth factor receptor 2 negative breast cancer: expert recommendations.	publication	NA	NA	NA			NA	UNCLEAR	
GRCh38:17:43090960:T:C	496377	Asp1390Gly	c.4169A>G	2026-08-19	BRCA1 c.4169A>G	PubMed	42581048		A ubiquitin chain-feeding mechanism for BRCA1-A.	publication	NA	NA	NA			NA	UNCLEAR	
GRCh38:17:43090960:T:C	496377	Asp1390Gly	c.4169A>G	2026-08-19	BRCA1 c.4169A>G	PubMed	42572185		Current Advances of Molecular Biomarkers and Liquid Biopsies Techniques in Ovarian Cancer.	publication	NA	NA	NA			NA	UNCLEAR	
GRCh38:17:43090960:T:C	496377	Asp1390Gly	c.4169A>G	2026-08-19	BRCA1 c.4169A>G	PubMed	42558868		Rewired DDR-TGF-β-β-catenin-PD-L1 axis accelerates progression and shapes therapy in human papillomavirus-driven cancer.	publication	NA	NA	NA			NA	UNCLEAR	
GRCh38:17:43090960:T:C	496377	Asp1390Gly	c.4169A>G	2026-08-19	BRCA1 c.4169A>G	PubMed	42513228		Breast Cancer: Epidemiology, Molecular Classification, Diagnostics and Evolving Treatment Paradigms.	publication	NA	NA	NA			NA	UNCLEAR	
GRCh38:17:43057101:C:G	496391	Gly1743Ala	c.5228G>C	2026-08-19	Findlay SGE (MaveDB)	MaveDB			Findlay et al. 2018 (PMID 30209399)	saturation genome editing	saturation genome editing (HDR)	Gly1743Ala	-1.2133956437475			-1.2133956437475	HIGH	partial coverage: RING+BRCT domains only
GRCh38:17:43057101:C:G	496391	Gly1743Ala	c.5228G>C	2026-08-19	ClinVar esummary	ClinVar				clinical interpretation	NA	NA	NA		Uncertain significance	current=Uncertain significance; review=criteria provided, multiple submitters, no conflicts	MODERATE	
GRCh38:17:43057101:C:G	496391	Gly1743Ala	c.5228G>C	2026-08-19	BRCA1 Gly1743Ala	PubMed	42611417		Hormonal contraceptives and cancer risk in women with a BRCA1 or BRCA2 pathogenic variant.	publication	NA	NA	NA			NA	UNCLEAR	
GRCh38:17:43057101:C:G	496391	Gly1743Ala	c.5228G>C	2026-08-19	BRCA1 Gly1743Ala	PubMed	42610144		AI-driven CRISPR strategies in breast cancer: Organoid modeling, adaptive editing, and precision delivery.	publication	NA	NA	NA			NA	UNCLEAR	
GRCh38:17:43057101:C:G	496391	Gly1743Ala	c.5228G>C	2026-08-19	BRCA1 Gly1743Ala	PubMed	42610096		Alliance A022106: A Phase II/III Trial of Nab-Paclitaxel and Gemcitabine ± Cisplatin as Second-Line Treatment for BRCA1/2 or PALB2 Mutant Metastatic Pancreatic Ductal Adenocarcinoma (PLATINUM).	publication	NA	NA	NA			NA	UNCLEAR	
GRCh38:17:43057101:C:G	496391	Gly1743Ala	c.5228G>C	2026-08-19	BRCA1 Gly1743Ala	PubMed	42609953		Adaptive Surgical Decision-Making for Synchronous Metastatic Pancreatic Cancer and Early Breast Cancer with a BRCA1 Pathogenic Variant: A Case Report.	publication	NA	NA	NA			NA	UNCLEAR	
GRCh38:17:43057101:C:G	496391	Gly1743Ala	c.5228G>C	2026-08-19	BRCA1 Gly1743Ala	PubMed	42609763		An Unusual Presentation of Dermatofibrosarcoma Protuberans (DFSP): The Role of Advanced Molecular Testing in Collagen Type I Alpha 1 Chain (COL1A1)-Negative Cases.	publication	NA	NA	NA			NA	UNCLEAR	
GRCh38:17:43057101:C:G	496391	Gly1743Ala	c.5228G>C	2026-08-19	BRCA1 c.5228G>C	PubMed	42609450		Biomarker testing in advanced or metastatic hormone receptor-positive, human epidermal growth factor receptor 2 negative breast cancer: expert recommendations.	publication	NA	NA	NA			NA	UNCLEAR	
GRCh38:17:43057101:C:G	496391	Gly1743Ala	c.5228G>C	2026-08-19	BRCA1 c.5228G>C	PubMed	42584742		Real-world clinical outcomes of patients with early-stage TNBC and BRCAm who were treated with adjuvant capecitabine in the United States.	publication	NA	NA	NA			NA	UNCLEAR	
GRCh38:17:43057101:C:G	496391	Gly1743Ala	c.5228G>C	2026-08-19	BRCA1 c.5228G>C	PubMed	42580099		Chemotherapy type and survival in young BRCA1/2 carriers with HER2-negative early breast cancer.	publication	NA	NA	NA			NA	UNCLEAR	
GRCh38:17:43057101:C:G	496391	Gly1743Ala	c.5228G>C	2026-08-19	BRCA1 c.5228G>C	PubMed	42560601		BRCA1-derived peptide constructs exhibit sequence-dependent features compatible with modulation of the p53-MDM2 axis.	publication	NA	NA	NA			NA	UNCLEAR	
GRCh38:17:43057101:C:G	496391	Gly1743Ala	c.5228G>C	2026-08-19	BRCA1 c.5228G>C	PubMed	42524928		Whole-genome sequencing in Brazilian patients with neurofibromatosis type 1, including novel variants, incidental findings, and dual diagnoses.	publication	NA	NA	NA			NA	UNCLEAR	
GRCh38:17:43076545:T:G	496384	Lys1476Thr	c.4427A>C	2026-08-19	Findlay SGE (MaveDB)	MaveDB			Findlay et al. 2018 (PMID 30209399)	saturation genome editing	saturation genome editing (HDR)	Lys1476Thr					HIGH	partial coverage: RING+BRCT domains only
GRCh38:17:43076545:T:G	496384	Lys1476Thr	c.4427A>C	2026-08-19	ClinVar esummary	ClinVar				clinical interpretation	NA	NA	NA		Uncertain significance	current=Uncertain significance; review=criteria provided, multiple submitters, no conflicts	MODERATE	
GRCh38:17:43076545:T:G	496384	Lys1476Thr	c.4427A>C	2026-08-19	BRCA1 Lys1476Thr	PubMed	42611417		Hormonal contraceptives and cancer risk in women with a BRCA1 or BRCA2 pathogenic variant.	publication	NA	NA	NA			NA	UNCLEAR	
GRCh38:17:43076545:T:G	496384	Lys1476Thr	c.4427A>C	2026-08-19	BRCA1 Lys1476Thr	PubMed	42610144		AI-driven CRISPR strategies in breast cancer: Organoid modeling, adaptive editing, and precision delivery.	publication	NA	NA	NA			NA	UNCLEAR	
GRCh38:17:43076545:T:G	496384	Lys1476Thr	c.4427A>C	2026-08-19	BRCA1 Lys1476Thr	PubMed	42610096		Alliance A022106: A Phase II/III Trial of Nab-Paclitaxel and Gemcitabine ± Cisplatin as Second-Line Treatment for BRCA1/2 or PALB2 Mutant Metastatic Pancreatic Ductal Adenocarcinoma (PLATINUM).	publication	NA	NA	NA			NA	UNCLEAR	
GRCh38:17:43076545:T:G	496384	Lys1476Thr	c.4427A>C	2026-08-19	BRCA1 Lys1476Thr	PubMed	42609953		Adaptive Surgical Decision-Making for Synchronous Metastatic Pancreatic Cancer and Early Breast Cancer with a BRCA1 Pathogenic Variant: A Case Report.	publication	NA	NA	NA			NA	UNCLEAR	
GRCh38:17:43076545:T:G	496384	Lys1476Thr	c.4427A>C	2026-08-19	BRCA1 Lys1476Thr	PubMed	42609763		An Unusual Presentation of Dermatofibrosarcoma Protuberans (DFSP): The Role of Advanced Molecular Testing in Collagen Type I Alpha 1 Chain (COL1A1)-Negative Cases.	publication	NA	NA	NA			NA	UNCLEAR	
GRCh38:17:43076545:T:G	496384	Lys1476Thr	c.4427A>C	2026-08-19	BRCA1 c.4427A>C	PubMed	42609450		Biomarker testing in advanced or metastatic hormone receptor-positive, human epidermal growth factor receptor 2 negative breast cancer: expert recommendations.	publication	NA	NA	NA			NA	UNCLEAR	
GRCh38:17:43076545:T:G	496384	Lys1476Thr	c.4427A>C	2026-08-19	BRCA1 c.4427A>C	PubMed	42584742		Real-world clinical outcomes of patients with early-stage TNBC and BRCAm who were treated with adjuvant capecitabine in the United States.	publication	NA	NA	NA			NA	UNCLEAR	
GRCh38:17:43076545:T:G	496384	Lys1476Thr	c.4427A>C	2026-08-19	BRCA1 c.4427A>C	PubMed	42580099		Chemotherapy type and survival in young BRCA1/2 carriers with HER2-negative early breast cancer.	publication	NA	NA	NA			NA	UNCLEAR	
GRCh38:17:43076545:T:G	496384	Lys1476Thr	c.4427A>C	2026-08-19	BRCA1 c.4427A>C	PubMed	42560601		BRCA1-derived peptide constructs exhibit sequence-dependent features compatible with modulation of the p53-MDM2 axis.	publication	NA	NA	NA			NA	UNCLEAR	
GRCh38:17:43076545:T:G	496384	Lys1476Thr	c.4427A>C	2026-08-19	BRCA1 c.4427A>C	PubMed	42524928		Whole-genome sequencing in Brazilian patients with neurofibromatosis type 1, including novel variants, incidental findings, and dual diagnoses.	publication	NA	NA	NA			NA	UNCLEAR	
GRCh38:17:43082404:C:A	496668	Ala1453Ser	c.4357G>T	2026-08-19	Findlay SGE (MaveDB)	MaveDB			Findlay et al. 2018 (PMID 30209399)	saturation genome editing	saturation genome editing (HDR)	Ala1453Ser					HIGH	partial coverage: RING+BRCT domains only
GRCh38:17:43082404:C:A	496668	Ala1453Ser	c.4357G>T	2026-08-19	ClinVar esummary	ClinVar				clinical interpretation	NA	NA	NA		Uncertain significance	current=Uncertain significance; review=criteria provided, multiple submitters, no conflicts	MODERATE	
GRCh38:17:43076590:C:G	531434	Ser1461Thr	c.4382G>C	2026-08-19	Findlay SGE (MaveDB)	MaveDB			Findlay et al. 2018 (PMID 30209399)	saturation genome editing	saturation genome editing (HDR)	Ser1461Thr					HIGH	partial coverage: RING+BRCT domains only
GRCh38:17:43076590:C:G	531434	Ser1461Thr	c.4382G>C	2026-08-19	ClinVar esummary	ClinVar				clinical interpretation	NA	NA	NA		Uncertain significance	current=Uncertain significance; review=criteria provided, single submitter	MODERATE	
GRCh38:17:43082473:G:C	531218	Pro1430Ala	c.4288C>G	2026-08-19	Findlay SGE (MaveDB)	MaveDB			Findlay et al. 2018 (PMID 30209399)	saturation genome editing	saturation genome editing (HDR)	Pro1430Ala					HIGH	partial coverage: RING+BRCT domains only
GRCh38:17:43082473:G:C	531218	Pro1430Ala	c.4288C>G	2026-08-19	ClinVar esummary	ClinVar				clinical interpretation	NA	NA	NA		Uncertain significance	current=Uncertain significance; review=criteria provided, multiple submitters, no conflicts	MODERATE	
GRCh38:17:43082473:G:C	531218	Pro1430Ala	c.4288C>G	2026-08-19	BRCA1 Pro1430Ala	PubMed	42611417		Hormonal contraceptives and cancer risk in women with a BRCA1 or BRCA2 pathogenic variant.	publication	NA	NA	NA			NA	UNCLEAR	
GRCh38:17:43082473:G:C	531218	Pro1430Ala	c.4288C>G	2026-08-19	BRCA1 Pro1430Ala	PubMed	42610144		AI-driven CRISPR strategies in breast cancer: Organoid modeling, adaptive editing, and precision delivery.	publication	NA	NA	NA			NA	UNCLEAR	
GRCh38:17:43082473:G:C	531218	Pro1430Ala	c.4288C>G	2026-08-19	BRCA1 Pro1430Ala	PubMed	42610096		Alliance A022106: A Phase II/III Trial of Nab-Paclitaxel and Gemcitabine ± Cisplatin as Second-Line Treatment for BRCA1/2 or PALB2 Mutant Metastatic Pancreatic Ductal Adenocarcinoma (PLATINUM).	publication	NA	NA	NA			NA	UNCLEAR	
GRCh38:17:43082473:G:C	531218	Pro1430Ala	c.4288C>G	2026-08-19	BRCA1 Pro1430Ala	PubMed	42609953		Adaptive Surgical Decision-Making for Synchronous Metastatic Pancreatic Cancer and Early Breast Cancer with a BRCA1 Pathogenic Variant: A Case Report.	publication	NA	NA	NA			NA	UNCLEAR	
GRCh38:17:43082473:G:C	531218	Pro1430Ala	c.4288C>G	2026-08-19	BRCA1 Pro1430Ala	PubMed	42609763		An Unusual Presentation of Dermatofibrosarcoma Protuberans (DFSP): The Role of Advanced Molecular Testing in Collagen Type I Alpha 1 Chain (COL1A1)-Negative Cases.	publication	NA	NA	NA			NA	UNCLEAR	
GRCh38:17:43082473:G:C	531218	Pro1430Ala	c.4288C>G	2026-08-19	BRCA1 c.4288C>G	PubMed	42609450		Biomarker testing in advanced or metastatic hormone receptor-positive, human epidermal growth factor receptor 2 negative breast cancer: expert recommendations.	publication	NA	NA	NA			NA	UNCLEAR	
GRCh38:17:43082473:G:C	531218	Pro1430Ala	c.4288C>G	2026-08-19	BRCA1 c.4288C>G	PubMed	42581048		A ubiquitin chain-feeding mechanism for BRCA1-A.	publication	NA	NA	NA			NA	UNCLEAR	
GRCh38:17:43082473:G:C	531218	Pro1430Ala	c.4288C>G	2026-08-19	BRCA1 c.4288C>G	PubMed	42572185		Current Advances of Molecular Biomarkers and Liquid Biopsies Techniques in Ovarian Cancer.	publication	NA	NA	NA			NA	UNCLEAR	
GRCh38:17:43082473:G:C	531218	Pro1430Ala	c.4288C>G	2026-08-19	BRCA1 c.4288C>G	PubMed	42558868		Rewired DDR-TGF-β-β-catenin-PD-L1 axis accelerates progression and shapes therapy in human papillomavirus-driven cancer.	publication	NA	NA	NA			NA	UNCLEAR	
GRCh38:17:43082473:G:C	531218	Pro1430Ala	c.4288C>G	2026-08-19	BRCA1 c.4288C>G	PubMed	42513228		Breast Cancer: Epidemiology, Molecular Classification, Diagnostics and Evolving Treatment Paradigms.	publication	NA	NA	NA			NA	UNCLEAR	
GRCh38:17:43076582:G:T	531324	Pro1464Thr	c.4390C>A	2026-08-19	Findlay SGE (MaveDB)	MaveDB			Findlay et al. 2018 (PMID 30209399)	saturation genome editing	saturation genome editing (HDR)	Pro1464Thr					HIGH	partial coverage: RING+BRCT domains only
GRCh38:17:43076582:G:T	531324	Pro1464Thr	c.4390C>A	2026-08-19	ClinVar esummary	ClinVar				clinical interpretation	NA	NA	NA		Uncertain significance	current=Uncertain significance; review=criteria provided, multiple submitters, no conflicts	MODERATE	
GRCh38:17:43082451:G:A	531421	Ser1437Phe	c.4310C>T	2026-08-19	Findlay SGE (MaveDB)	MaveDB			Findlay et al. 2018 (PMID 30209399)	saturation genome editing	saturation genome editing (HDR)	Ser1437Phe					HIGH	partial coverage: RING+BRCT domains only
GRCh38:17:43082451:G:A	531421	Ser1437Phe	c.4310C>T	2026-08-19	ClinVar esummary	ClinVar				clinical interpretation	NA	NA	NA		Uncertain significance	current=Uncertain significance; review=criteria provided, single submitter	MODERATE	
GRCh38:17:43082423:T:A	531260	Glu1446Asp	c.4338A>T	2026-08-19	Findlay SGE (MaveDB)	MaveDB			Findlay et al. 2018 (PMID 30209399)	saturation genome editing	saturation genome editing (HDR)	Glu1446Asp					HIGH	partial coverage: RING+BRCT domains only
GRCh38:17:43082423:T:A	531260	Glu1446Asp	c.4338A>T	2026-08-19	ClinVar esummary	ClinVar				clinical interpretation	NA	NA	NA		Uncertain significance	current=Uncertain significance; review=criteria provided, single submitter	MODERATE	
GRCh38:17:43082538:T:G	531425	Gln1408Pro	c.4223A>C	2026-08-19	Findlay SGE (MaveDB)	MaveDB			Findlay et al. 2018 (PMID 30209399)	saturation genome editing	saturation genome editing (HDR)	Gln1408Pro					HIGH	partial coverage: RING+BRCT domains only
GRCh38:17:43082538:T:G	531425	Gln1408Pro	c.4223A>C	2026-08-19	ClinVar esummary	ClinVar				clinical interpretation	NA	NA	NA		Uncertain significance	current=Uncertain significance; review=criteria provided, single submitter	MODERATE	
GRCh38:17:43082538:T:G	531425	Gln1408Pro	c.4223A>C	2026-08-19	BRCA1 Gln1408Pro	PubMed	42611417		Hormonal contraceptives and cancer risk in women with a BRCA1 or BRCA2 pathogenic variant.	publication	NA	NA	NA			NA	UNCLEAR	
GRCh38:17:43082538:T:G	531425	Gln1408Pro	c.4223A>C	2026-08-19	BRCA1 Gln1408Pro	PubMed	42610144		AI-driven CRISPR strategies in breast cancer: Organoid modeling, adaptive editing, and precision delivery.	publication	NA	NA	NA			NA	UNCLEAR	
GRCh38:17:43082538:T:G	531425	Gln1408Pro	c.4223A>C	2026-08-19	BRCA1 Gln1408Pro	PubMed	42610096		Alliance A022106: A Phase II/III Trial of Nab-Paclitaxel and Gemcitabine ± Cisplatin as Second-Line Treatment for BRCA1/2 or PALB2 Mutant Metastatic Pancreatic Ductal Adenocarcinoma (PLATINUM).	publication	NA	NA	NA			NA	UNCLEAR	
GRCh38:17:43082538:T:G	531425	Gln1408Pro	c.4223A>C	2026-08-19	BRCA1 Gln1408Pro	PubMed	42609953		Adaptive Surgical Decision-Making for Synchronous Metastatic Pancreatic Cancer and Early Breast Cancer with a BRCA1 Pathogenic Variant: A Case Report.	publication	NA	NA	NA			NA	UNCLEAR	
GRCh38:17:43082538:T:G	531425	Gln1408Pro	c.4223A>C	2026-08-19	BRCA1 Gln1408Pro	PubMed	42609763		An Unusual Presentation of Dermatofibrosarcoma Protuberans (DFSP): The Role of Advanced Molecular Testing in Collagen Type I Alpha 1 Chain (COL1A1)-Negative Cases.	publication	NA	NA	NA			NA	UNCLEAR	
GRCh38:17:43082538:T:G	531425	Gln1408Pro	c.4223A>C	2026-08-19	BRCA1 c.4223A>C	PubMed	42609450		Biomarker testing in advanced or metastatic hormone receptor-positive, human epidermal growth factor receptor 2 negative breast cancer: expert recommendations.	publication	NA	NA	NA			NA	UNCLEAR	
GRCh38:17:43082538:T:G	531425	Gln1408Pro	c.4223A>C	2026-08-19	BRCA1 c.4223A>C	PubMed	42584742		Real-world clinical outcomes of patients with early-stage TNBC and BRCAm who were treated with adjuvant capecitabine in the United States.	publication	NA	NA	NA			NA	UNCLEAR	
GRCh38:17:43082538:T:G	531425	Gln1408Pro	c.4223A>C	2026-08-19	BRCA1 c.4223A>C	PubMed	42580099		Chemotherapy type and survival in young BRCA1/2 carriers with HER2-negative early breast cancer.	publication	NA	NA	NA			NA	UNCLEAR	
GRCh38:17:43082538:T:G	531425	Gln1408Pro	c.4223A>C	2026-08-19	BRCA1 c.4223A>C	PubMed	42560601		BRCA1-derived peptide constructs exhibit sequence-dependent features compatible with modulation of the p53-MDM2 axis.	publication	NA	NA	NA			NA	UNCLEAR	
GRCh38:17:43082538:T:G	531425	Gln1408Pro	c.4223A>C	2026-08-19	BRCA1 c.4223A>C	PubMed	42524928		Whole-genome sequencing in Brazilian patients with neurofibromatosis type 1, including novel variants, incidental findings, and dual diagnoses.	publication	NA	NA	NA			NA	UNCLEAR	
GRCh38:17:43076527:T:A	531232	Asp1482Val	c.4445A>T	2026-08-19	Findlay SGE (MaveDB)	MaveDB			Findlay et al. 2018 (PMID 30209399)	saturation genome editing	saturation genome editing (HDR)	Asp1482Val					HIGH	partial coverage: RING+BRCT domains only
GRCh38:17:43076527:T:A	531232	Asp1482Val	c.4445A>T	2026-08-19	ClinVar esummary	ClinVar				clinical interpretation	NA	NA	NA		Uncertain significance	current=Uncertain significance; review=criteria provided, single submitter	MODERATE	
GRCh38:17:43076527:T:A	531232	Asp1482Val	c.4445A>T	2026-08-19	BRCA1 Asp1482Val	PubMed	42611417		Hormonal contraceptives and cancer risk in women with a BRCA1 or BRCA2 pathogenic variant.	publication	NA	NA	NA			NA	UNCLEAR	
GRCh38:17:43076527:T:A	531232	Asp1482Val	c.4445A>T	2026-08-19	BRCA1 Asp1482Val	PubMed	42610144		AI-driven CRISPR strategies in breast cancer: Organoid modeling, adaptive editing, and precision delivery.	publication	NA	NA	NA			NA	UNCLEAR	
GRCh38:17:43076527:T:A	531232	Asp1482Val	c.4445A>T	2026-08-19	BRCA1 Asp1482Val	PubMed	42610096		Alliance A022106: A Phase II/III Trial of Nab-Paclitaxel and Gemcitabine ± Cisplatin as Second-Line Treatment for BRCA1/2 or PALB2 Mutant Metastatic Pancreatic Ductal Adenocarcinoma (PLATINUM).	publication	NA	NA	NA			NA	UNCLEAR	
GRCh38:17:43076527:T:A	531232	Asp1482Val	c.4445A>T	2026-08-19	BRCA1 Asp1482Val	PubMed	42609953		Adaptive Surgical Decision-Making for Synchronous Metastatic Pancreatic Cancer and Early Breast Cancer with a BRCA1 Pathogenic Variant: A Case Report.	publication	NA	NA	NA			NA	UNCLEAR	
GRCh38:17:43076527:T:A	531232	Asp1482Val	c.4445A>T	2026-08-19	BRCA1 Asp1482Val	PubMed	42609763		An Unusual Presentation of Dermatofibrosarcoma Protuberans (DFSP): The Role of Advanced Molecular Testing in Collagen Type I Alpha 1 Chain (COL1A1)-Negative Cases.	publication	NA	NA	NA			NA	UNCLEAR	
GRCh38:17:43076527:T:A	531232	Asp1482Val	c.4445A>T	2026-08-19	BRCA1 c.4445A>T	PubMed	42610144		AI-driven CRISPR strategies in breast cancer: Organoid modeling, adaptive editing, and precision delivery.	publication	NA	NA	NA			NA	UNCLEAR	
GRCh38:17:43076527:T:A	531232	Asp1482Val	c.4445A>T	2026-08-19	BRCA1 c.4445A>T	PubMed	42609450		Biomarker testing in advanced or metastatic hormone receptor-positive, human epidermal growth factor receptor 2 negative breast cancer: expert recommendations.	publication	NA	NA	NA			NA	UNCLEAR	
GRCh38:17:43076527:T:A	531232	Asp1482Val	c.4445A>T	2026-08-19	BRCA1 c.4445A>T	PubMed	42597706		Germline BRCA1 pathogenic variants and T cell dysfunction.	publication	NA	NA	NA			NA	UNCLEAR	
GRCh38:17:43076527:T:A	531232	Asp1482Val	c.4445A>T	2026-08-19	BRCA1 c.4445A>T	PubMed	42581048		A ubiquitin chain-feeding mechanism for BRCA1-A.	publication	NA	NA	NA			NA	UNCLEAR	
GRCh38:17:43076527:T:A	531232	Asp1482Val	c.4445A>T	2026-08-19	BRCA1 c.4445A>T	PubMed	42580462		Mechanistic Insights into Genomic Basis of Crosstalk Between Metabolic Reprogramming and Immune Dysfunction in Ovarian Cancer.	publication	NA	NA	NA			NA	UNCLEAR	
GRCh38:17:43082490:T:C	559982	Gln1424Arg	c.4271A>G	2026-08-19	Findlay SGE (MaveDB)	MaveDB			Findlay et al. 2018 (PMID 30209399)	saturation genome editing	saturation genome editing (HDR)	Gln1424Arg					HIGH	partial coverage: RING+BRCT domains only
GRCh38:17:43082490:T:C	559982	Gln1424Arg	c.4271A>G	2026-08-19	ClinVar esummary	ClinVar				clinical interpretation	NA	NA	NA		Uncertain significance	current=Uncertain significance; review=no assertion criteria provided	MODERATE	
GRCh38:17:43090954:A:G	578485	Leu1392Ser	c.4175T>C	2026-08-19	Findlay SGE (MaveDB)	MaveDB			Findlay et al. 2018 (PMID 30209399)	saturation genome editing	saturation genome editing (HDR)	Leu1392Ser					HIGH	partial coverage: RING+BRCT domains only
GRCh38:17:43090954:A:G	578485	Leu1392Ser	c.4175T>C	2026-08-19	ClinVar esummary	ClinVar				clinical interpretation	NA	NA	NA		Uncertain significance	current=Uncertain significance; review=criteria provided, multiple submitters, no conflicts	MODERATE	
GRCh38:17:43090954:A:G	578485	Leu1392Ser	c.4175T>C	2026-08-19	BRCA1 Leu1392Ser	PubMed	42611417		Hormonal contraceptives and cancer risk in women with a BRCA1 or BRCA2 pathogenic variant.	publication	NA	NA	NA			NA	UNCLEAR	
GRCh38:17:43090954:A:G	578485	Leu1392Ser	c.4175T>C	2026-08-19	BRCA1 Leu1392Ser	PubMed	42610144		AI-driven CRISPR strategies in breast cancer: Organoid modeling, adaptive editing, and precision delivery.	publication	NA	NA	NA			NA	UNCLEAR	
GRCh38:17:43090954:A:G	578485	Leu1392Ser	c.4175T>C	2026-08-19	BRCA1 Leu1392Ser	PubMed	42610096		Alliance A022106: A Phase II/III Trial of Nab-Paclitaxel and Gemcitabine ± Cisplatin as Second-Line Treatment for BRCA1/2 or PALB2 Mutant Metastatic Pancreatic Ductal Adenocarcinoma (PLATINUM).	publication	NA	NA	NA			NA	UNCLEAR	
GRCh38:17:43090954:A:G	578485	Leu1392Ser	c.4175T>C	2026-08-19	BRCA1 Leu1392Ser	PubMed	42609953		Adaptive Surgical Decision-Making for Synchronous Metastatic Pancreatic Cancer and Early Breast Cancer with a BRCA1 Pathogenic Variant: A Case Report.	publication	NA	NA	NA			NA	UNCLEAR	
GRCh38:17:43090954:A:G	578485	Leu1392Ser	c.4175T>C	2026-08-19	BRCA1 Leu1392Ser	PubMed	42609763		An Unusual Presentation of Dermatofibrosarcoma Protuberans (DFSP): The Role of Advanced Molecular Testing in Collagen Type I Alpha 1 Chain (COL1A1)-Negative Cases.	publication	NA	NA	NA			NA	UNCLEAR	
GRCh38:17:43090954:A:G	578485	Leu1392Ser	c.4175T>C	2026-08-19	BRCA1 c.4175T>C	PubMed	42609450		Biomarker testing in advanced or metastatic hormone receptor-positive, human epidermal growth factor receptor 2 negative breast cancer: expert recommendations.	publication	NA	NA	NA			NA	UNCLEAR	
GRCh38:17:43090954:A:G	578485	Leu1392Ser	c.4175T>C	2026-08-19	BRCA1 c.4175T>C	PubMed	42584742		Real-world clinical outcomes of patients with early-stage TNBC and BRCAm who were treated with adjuvant capecitabine in the United States.	publication	NA	NA	NA			NA	UNCLEAR	
GRCh38:17:43090954:A:G	578485	Leu1392Ser	c.4175T>C	2026-08-19	BRCA1 c.4175T>C	PubMed	42580099		Chemotherapy type and survival in young BRCA1/2 carriers with HER2-negative early breast cancer.	publication	NA	NA	NA			NA	UNCLEAR	
GRCh38:17:43090954:A:G	578485	Leu1392Ser	c.4175T>C	2026-08-19	BRCA1 c.4175T>C	PubMed	42560601		BRCA1-derived peptide constructs exhibit sequence-dependent features compatible with modulation of the p53-MDM2 axis.	publication	NA	NA	NA			NA	UNCLEAR	
GRCh38:17:43090954:A:G	578485	Leu1392Ser	c.4175T>C	2026-08-19	BRCA1 c.4175T>C	PubMed	42524928		Whole-genome sequencing in Brazilian patients with neurofibromatosis type 1, including novel variants, incidental findings, and dual diagnoses.	publication	NA	NA	NA			NA	UNCLEAR	
GRCh38:17:43091008:C:T	583140	Ser1374Asn	c.4121G>A	2026-08-19	Findlay SGE (MaveDB)	MaveDB			Findlay et al. 2018 (PMID 30209399)	saturation genome editing	saturation genome editing (HDR)	Ser1374Asn					HIGH	partial coverage: RING+BRCT domains only
GRCh38:17:43091008:C:T	583140	Ser1374Asn	c.4121G>A	2026-08-19	ClinVar esummary	ClinVar				clinical interpretation	NA	NA	NA		Uncertain significance	current=Uncertain significance; review=criteria provided, multiple submitters, no conflicts	MODERATE	
GRCh38:17:43091008:C:T	583140	Ser1374Asn	c.4121G>A	2026-08-19	BRCA1 Ser1374Asn	PubMed	42611417		Hormonal contraceptives and cancer risk in women with a BRCA1 or BRCA2 pathogenic variant.	publication	NA	NA	NA			NA	UNCLEAR	
GRCh38:17:43091008:C:T	583140	Ser1374Asn	c.4121G>A	2026-08-19	BRCA1 Ser1374Asn	PubMed	42610144		AI-driven CRISPR strategies in breast cancer: Organoid modeling, adaptive editing, and precision delivery.	publication	NA	NA	NA			NA	UNCLEAR	
GRCh38:17:43091008:C:T	583140	Ser1374Asn	c.4121G>A	2026-08-19	BRCA1 Ser1374Asn	PubMed	42610096		Alliance A022106: A Phase II/III Trial of Nab-Paclitaxel and Gemcitabine ± Cisplatin as Second-Line Treatment for BRCA1/2 or PALB2 Mutant Metastatic Pancreatic Ductal Adenocarcinoma (PLATINUM).	publication	NA	NA	NA			NA	UNCLEAR	
GRCh38:17:43091008:C:T	583140	Ser1374Asn	c.4121G>A	2026-08-19	BRCA1 Ser1374Asn	PubMed	42609953		Adaptive Surgical Decision-Making for Synchronous Metastatic Pancreatic Cancer and Early Breast Cancer with a BRCA1 Pathogenic Variant: A Case Report.	publication	NA	NA	NA			NA	UNCLEAR	
GRCh38:17:43091008:C:T	583140	Ser1374Asn	c.4121G>A	2026-08-19	BRCA1 Ser1374Asn	PubMed	42609763		An Unusual Presentation of Dermatofibrosarcoma Protuberans (DFSP): The Role of Advanced Molecular Testing in Collagen Type I Alpha 1 Chain (COL1A1)-Negative Cases.	publication	NA	NA	NA			NA	UNCLEAR	
GRCh38:17:43091008:C:T	583140	Ser1374Asn	c.4121G>A	2026-08-19	BRCA1 c.4121G>A	PubMed	42611417		Hormonal contraceptives and cancer risk in women with a BRCA1 or BRCA2 pathogenic variant.	publication	NA	NA	NA			NA	UNCLEAR	
GRCh38:17:43091008:C:T	583140	Ser1374Asn	c.4121G>A	2026-08-19	BRCA1 c.4121G>A	PubMed	42610144		AI-driven CRISPR strategies in breast cancer: Organoid modeling, adaptive editing, and precision delivery.	publication	NA	NA	NA			NA	UNCLEAR	
GRCh38:17:43091008:C:T	583140	Ser1374Asn	c.4121G>A	2026-08-19	BRCA1 c.4121G>A	PubMed	42610096		Alliance A022106: A Phase II/III Trial of Nab-Paclitaxel and Gemcitabine ± Cisplatin as Second-Line Treatment for BRCA1/2 or PALB2 Mutant Metastatic Pancreatic Ductal Adenocarcinoma (PLATINUM).	publication	NA	NA	NA			NA	UNCLEAR	
GRCh38:17:43091008:C:T	583140	Ser1374Asn	c.4121G>A	2026-08-19	BRCA1 c.4121G>A	PubMed	42609953		Adaptive Surgical Decision-Making for Synchronous Metastatic Pancreatic Cancer and Early Breast Cancer with a BRCA1 Pathogenic Variant: A Case Report.	publication	NA	NA	NA			NA	UNCLEAR	
GRCh38:17:43091008:C:T	583140	Ser1374Asn	c.4121G>A	2026-08-19	BRCA1 c.4121G>A	PubMed	42609763		An Unusual Presentation of Dermatofibrosarcoma Protuberans (DFSP): The Role of Advanced Molecular Testing in Collagen Type I Alpha 1 Chain (COL1A1)-Negative Cases.	publication	NA	NA	NA			NA	UNCLEAR	
GRCh38:17:43104230:T:G	569377	Glu111Asp	c.333A>C	2026-08-19	Findlay SGE (MaveDB)	MaveDB			Findlay et al. 2018 (PMID 30209399)	saturation genome editing	saturation genome editing (HDR)	Glu111Asp					HIGH	partial coverage: RING+BRCT domains only
GRCh38:17:43104230:T:G	569377	Glu111Asp	c.333A>C	2026-08-19	ClinVar esummary	ClinVar				clinical interpretation	NA	NA	NA		Uncertain significance	current=Uncertain significance; review=criteria provided, single submitter	MODERATE	
GRCh38:17:43104873:A:G	584958	Leu99Ser	c.296T>C	2026-08-19	Findlay SGE (MaveDB)	MaveDB			Findlay et al. 2018 (PMID 30209399)	saturation genome editing	saturation genome editing (HDR)	Leu99Ser					HIGH	partial coverage: RING+BRCT domains only
GRCh38:17:43104873:A:G	584958	Leu99Ser	c.296T>C	2026-08-19	ClinVar esummary	ClinVar				clinical interpretation	NA	NA	NA		Uncertain significance	current=Uncertain significance; review=criteria provided, multiple submitters, no conflicts	MODERATE	
GRCh38:17:43104873:A:G	584958	Leu99Ser	c.296T>C	2026-08-19	BRCA1 Leu99Ser	PubMed	42611417		Hormonal contraceptives and cancer risk in women with a BRCA1 or BRCA2 pathogenic variant.	publication	NA	NA	NA			NA	UNCLEAR	
GRCh38:17:43104873:A:G	584958	Leu99Ser	c.296T>C	2026-08-19	BRCA1 Leu99Ser	PubMed	42610144		AI-driven CRISPR strategies in breast cancer: Organoid modeling, adaptive editing, and precision delivery.	publication	NA	NA	NA			NA	UNCLEAR	
GRCh38:17:43104873:A:G	584958	Leu99Ser	c.296T>C	2026-08-19	BRCA1 Leu99Ser	PubMed	42610096		Alliance A022106: A Phase II/III Trial of Nab-Paclitaxel and Gemcitabine ± Cisplatin as Second-Line Treatment for BRCA1/2 or PALB2 Mutant Metastatic Pancreatic Ductal Adenocarcinoma (PLATINUM).	publication	NA	NA	NA			NA	UNCLEAR	
GRCh38:17:43104873:A:G	584958	Leu99Ser	c.296T>C	2026-08-19	BRCA1 Leu99Ser	PubMed	42609953		Adaptive Surgical Decision-Making for Synchronous Metastatic Pancreatic Cancer and Early Breast Cancer with a BRCA1 Pathogenic Variant: A Case Report.	publication	NA	NA	NA			NA	UNCLEAR	
GRCh38:17:43104873:A:G	584958	Leu99Ser	c.296T>C	2026-08-19	BRCA1 Leu99Ser	PubMed	42609763		An Unusual Presentation of Dermatofibrosarcoma Protuberans (DFSP): The Role of Advanced Molecular Testing in Collagen Type I Alpha 1 Chain (COL1A1)-Negative Cases.	publication	NA	NA	NA			NA	UNCLEAR	
GRCh38:17:43076509:T:G	619628	Asn1488Thr	c.4463A>C	2026-08-19	Findlay SGE (MaveDB)	MaveDB			Findlay et al. 2018 (PMID 30209399)	saturation genome editing	saturation genome editing (HDR)	Asn1488Thr					HIGH	partial coverage: RING+BRCT domains only
GRCh38:17:43076509:T:G	619628	Asn1488Thr	c.4463A>C	2026-08-19	ClinVar esummary	ClinVar				clinical interpretation	NA	NA	NA		Uncertain significance	current=Uncertain significance; review=criteria provided, single submitter	MODERATE	
GRCh38:17:43076509:T:G	619628	Asn1488Thr	c.4463A>C	2026-08-19	BRCA1 Asn1488Thr	PubMed	42611417		Hormonal contraceptives and cancer risk in women with a BRCA1 or BRCA2 pathogenic variant.	publication	NA	NA	NA			NA	UNCLEAR	
GRCh38:17:43076509:T:G	619628	Asn1488Thr	c.4463A>C	2026-08-19	BRCA1 Asn1488Thr	PubMed	42610144		AI-driven CRISPR strategies in breast cancer: Organoid modeling, adaptive editing, and precision delivery.	publication	NA	NA	NA			NA	UNCLEAR	
GRCh38:17:43076509:T:G	619628	Asn1488Thr	c.4463A>C	2026-08-19	BRCA1 Asn1488Thr	PubMed	42610096		Alliance A022106: A Phase II/III Trial of Nab-Paclitaxel and Gemcitabine ± Cisplatin as Second-Line Treatment for BRCA1/2 or PALB2 Mutant Metastatic Pancreatic Ductal Adenocarcinoma (PLATINUM).	publication	NA	NA	NA			NA	UNCLEAR	
GRCh38:17:43076509:T:G	619628	Asn1488Thr	c.4463A>C	2026-08-19	BRCA1 Asn1488Thr	PubMed	42609953		Adaptive Surgical Decision-Making for Synchronous Metastatic Pancreatic Cancer and Early Breast Cancer with a BRCA1 Pathogenic Variant: A Case Report.	publication	NA	NA	NA			NA	UNCLEAR	
GRCh38:17:43076509:T:G	619628	Asn1488Thr	c.4463A>C	2026-08-19	BRCA1 Asn1488Thr	PubMed	42609763		An Unusual Presentation of Dermatofibrosarcoma Protuberans (DFSP): The Role of Advanced Molecular Testing in Collagen Type I Alpha 1 Chain (COL1A1)-Negative Cases.	publication	NA	NA	NA			NA	UNCLEAR	
GRCh38:17:43076509:T:G	619628	Asn1488Thr	c.4463A>C	2026-08-19	BRCA1 c.4463A>C	PubMed	42609450		Biomarker testing in advanced or metastatic hormone receptor-positive, human epidermal growth factor receptor 2 negative breast cancer: expert recommendations.	publication	NA	NA	NA			NA	UNCLEAR	
GRCh38:17:43076509:T:G	619628	Asn1488Thr	c.4463A>C	2026-08-19	BRCA1 c.4463A>C	PubMed	42584742		Real-world clinical outcomes of patients with early-stage TNBC and BRCAm who were treated with adjuvant capecitabine in the United States.	publication	NA	NA	NA			NA	UNCLEAR	
GRCh38:17:43076509:T:G	619628	Asn1488Thr	c.4463A>C	2026-08-19	BRCA1 c.4463A>C	PubMed	42580099		Chemotherapy type and survival in young BRCA1/2 carriers with HER2-negative early breast cancer.	publication	NA	NA	NA			NA	UNCLEAR	
GRCh38:17:43076509:T:G	619628	Asn1488Thr	c.4463A>C	2026-08-19	BRCA1 c.4463A>C	PubMed	42560601		BRCA1-derived peptide constructs exhibit sequence-dependent features compatible with modulation of the p53-MDM2 axis.	publication	NA	NA	NA			NA	UNCLEAR	
GRCh38:17:43076509:T:G	619628	Asn1488Thr	c.4463A>C	2026-08-19	BRCA1 c.4463A>C	PubMed	42524928		Whole-genome sequencing in Brazilian patients with neurofibromatosis type 1, including novel variants, incidental findings, and dual diagnoses.	publication	NA	NA	NA			NA	UNCLEAR	
GRCh38:17:43104182:A:C	626904	Ser127Arg	c.381T>G	2026-08-19	Findlay SGE (MaveDB)	MaveDB			Findlay et al. 2018 (PMID 30209399)	saturation genome editing	saturation genome editing (HDR)	Ser127Arg					HIGH	partial coverage: RING+BRCT domains only
GRCh38:17:43104182:A:C	626904	Ser127Arg	c.381T>G	2026-08-19	ClinVar esummary	ClinVar				clinical interpretation	NA	NA	NA		Uncertain significance	current=Uncertain significance; review=criteria provided, multiple submitters, no conflicts	MODERATE	
GRCh38:17:43104182:A:C	626904	Ser127Arg	c.381T>G	2026-08-19	BRCA1 c.381T>G	PubMed	42609450		Biomarker testing in advanced or metastatic hormone receptor-positive, human epidermal growth factor receptor 2 negative breast cancer: expert recommendations.	publication	NA	NA	NA			NA	UNCLEAR	
GRCh38:17:43104182:A:C	626904	Ser127Arg	c.381T>G	2026-08-19	BRCA1 c.381T>G	PubMed	42581048		A ubiquitin chain-feeding mechanism for BRCA1-A.	publication	NA	NA	NA			NA	UNCLEAR	
GRCh38:17:43104182:A:C	626904	Ser127Arg	c.381T>G	2026-08-19	BRCA1 c.381T>G	PubMed	42572185		Current Advances of Molecular Biomarkers and Liquid Biopsies Techniques in Ovarian Cancer.	publication	NA	NA	NA			NA	UNCLEAR	
GRCh38:17:43104182:A:C	626904	Ser127Arg	c.381T>G	2026-08-19	BRCA1 c.381T>G	PubMed	42558868		Rewired DDR-TGF-β-β-catenin-PD-L1 axis accelerates progression and shapes therapy in human papillomavirus-driven cancer.	publication	NA	NA	NA			NA	UNCLEAR	
GRCh38:17:43104182:A:C	626904	Ser127Arg	c.381T>G	2026-08-19	BRCA1 c.381T>G	PubMed	42513228		Breast Cancer: Epidemiology, Molecular Classification, Diagnostics and Evolving Treatment Paradigms.	publication	NA	NA	NA			NA	UNCLEAR	
GRCh38:17:43051096:A:G	630918	Cys1767Arg	c.5299T>C	2026-08-19	Findlay SGE (MaveDB)	MaveDB			Findlay et al. 2018 (PMID 30209399)	saturation genome editing	saturation genome editing (HDR)	Cys1767Arg	-1.02352073149176			-1.02352073149176	HIGH	partial coverage: RING+BRCT domains only
GRCh38:17:43051096:A:G	630918	Cys1767Arg	c.5299T>C	2026-08-19	ClinVar esummary	ClinVar				clinical interpretation	NA	NA	NA		Uncertain significance	current=Uncertain significance; review=criteria provided, multiple submitters, no conflicts	MODERATE	
GRCh38:17:43051096:A:G	630918	Cys1767Arg	c.5299T>C	2026-08-19	BRCA1 Cys1767Arg	PubMed	42611417		Hormonal contraceptives and cancer risk in women with a BRCA1 or BRCA2 pathogenic variant.	publication	NA	NA	NA			NA	UNCLEAR	
GRCh38:17:43051096:A:G	630918	Cys1767Arg	c.5299T>C	2026-08-19	BRCA1 Cys1767Arg	PubMed	42610144		AI-driven CRISPR strategies in breast cancer: Organoid modeling, adaptive editing, and precision delivery.	publication	NA	NA	NA			NA	UNCLEAR	
GRCh38:17:43051096:A:G	630918	Cys1767Arg	c.5299T>C	2026-08-19	BRCA1 Cys1767Arg	PubMed	42610096		Alliance A022106: A Phase II/III Trial of Nab-Paclitaxel and Gemcitabine ± Cisplatin as Second-Line Treatment for BRCA1/2 or PALB2 Mutant Metastatic Pancreatic Ductal Adenocarcinoma (PLATINUM).	publication	NA	NA	NA			NA	UNCLEAR	
GRCh38:17:43051096:A:G	630918	Cys1767Arg	c.5299T>C	2026-08-19	BRCA1 Cys1767Arg	PubMed	42609953		Adaptive Surgical Decision-Making for Synchronous Metastatic Pancreatic Cancer and Early Breast Cancer with a BRCA1 Pathogenic Variant: A Case Report.	publication	NA	NA	NA			NA	UNCLEAR	
GRCh38:17:43051096:A:G	630918	Cys1767Arg	c.5299T>C	2026-08-19	BRCA1 Cys1767Arg	PubMed	42609763		An Unusual Presentation of Dermatofibrosarcoma Protuberans (DFSP): The Role of Advanced Molecular Testing in Collagen Type I Alpha 1 Chain (COL1A1)-Negative Cases.	publication	NA	NA	NA			NA	UNCLEAR	
GRCh38:17:43051096:A:G	630918	Cys1767Arg	c.5299T>C	2026-08-19	BRCA1 c.5299T>C	PubMed	42609450		Biomarker testing in advanced or metastatic hormone receptor-positive, human epidermal growth factor receptor 2 negative breast cancer: expert recommendations.	publication	NA	NA	NA			NA	UNCLEAR	
GRCh38:17:43051096:A:G	630918	Cys1767Arg	c.5299T>C	2026-08-19	BRCA1 c.5299T>C	PubMed	42584742		Real-world clinical outcomes of patients with early-stage TNBC and BRCAm who were treated with adjuvant capecitabine in the United States.	publication	NA	NA	NA			NA	UNCLEAR	
GRCh38:17:43051096:A:G	630918	Cys1767Arg	c.5299T>C	2026-08-19	BRCA1 c.5299T>C	PubMed	42580099		Chemotherapy type and survival in young BRCA1/2 carriers with HER2-negative early breast cancer.	publication	NA	NA	NA			NA	UNCLEAR	
GRCh38:17:43051096:A:G	630918	Cys1767Arg	c.5299T>C	2026-08-19	BRCA1 c.5299T>C	PubMed	42560601		BRCA1-derived peptide constructs exhibit sequence-dependent features compatible with modulation of the p53-MDM2 axis.	publication	NA	NA	NA			NA	UNCLEAR	
GRCh38:17:43051096:A:G	630918	Cys1767Arg	c.5299T>C	2026-08-19	BRCA1 c.5299T>C	PubMed	42524928		Whole-genome sequencing in Brazilian patients with neurofibromatosis type 1, including novel variants, incidental findings, and dual diagnoses.	publication	NA	NA	NA			NA	UNCLEAR	
GRCh38:17:43076522:A:C	630099	Ser1484Ala	c.4450T>G	2026-08-19	Findlay SGE (MaveDB)	MaveDB			Findlay et al. 2018 (PMID 30209399)	saturation genome editing	saturation genome editing (HDR)	Ser1484Ala					HIGH	partial coverage: RING+BRCT domains only
GRCh38:17:43076522:A:C	630099	Ser1484Ala	c.4450T>G	2026-08-19	ClinVar esummary	ClinVar				clinical interpretation	NA	NA	NA		Uncertain significance	current=Uncertain significance; review=criteria provided, multiple submitters, no conflicts	MODERATE	
GRCh38:17:43076560:C:T	631018	Gly1471Asp	c.4412G>A	2026-08-19	Findlay SGE (MaveDB)	MaveDB			Findlay et al. 2018 (PMID 30209399)	saturation genome editing	saturation genome editing (HDR)	Gly1471Asp					HIGH	partial coverage: RING+BRCT domains only
GRCh38:17:43076560:C:T	631018	Gly1471Asp	c.4412G>A	2026-08-19	ClinVar esummary	ClinVar				clinical interpretation	NA	NA	NA		Uncertain significance	current=Uncertain significance; review=criteria provided, multiple submitters, no conflicts	MODERATE	
GRCh38:17:43076561:C:T	630636	Gly1471Ser	c.4411G>A	2026-08-19	Findlay SGE (MaveDB)	MaveDB			Findlay et al. 2018 (PMID 30209399)	saturation genome editing	saturation genome editing (HDR)	Gly1471Ser					HIGH	partial coverage: RING+BRCT domains only
GRCh38:17:43076561:C:T	630636	Gly1471Ser	c.4411G>A	2026-08-19	ClinVar esummary	ClinVar				clinical interpretation	NA	NA	NA		Uncertain significance	current=Uncertain significance; review=criteria provided, single submitter	MODERATE	
GRCh38:17:43076582:G:A	628044	Pro1464Ser	c.4390C>T	2026-08-19	Findlay SGE (MaveDB)	MaveDB			Findlay et al. 2018 (PMID 30209399)	saturation genome editing	saturation genome editing (HDR)	Pro1464Ser					HIGH	partial coverage: RING+BRCT domains only
GRCh38:17:43076582:G:A	628044	Pro1464Ser	c.4390C>T	2026-08-19	ClinVar esummary	ClinVar				clinical interpretation	NA	NA	NA		Uncertain significance	current=Uncertain significance; review=criteria provided, multiple submitters, no conflicts	MODERATE	
GRCh38:17:43082412:G:A	630572	Ser1450Leu	c.4349C>T	2026-08-19	Findlay SGE (MaveDB)	MaveDB			Findlay et al. 2018 (PMID 30209399)	saturation genome editing	saturation genome editing (HDR)	Ser1450Leu					HIGH	partial coverage: RING+BRCT domains only
GRCh38:17:43082412:G:A	630572	Ser1450Leu	c.4349C>T	2026-08-19	ClinVar esummary	ClinVar				clinical interpretation	NA	NA	NA		Uncertain significance	current=Uncertain significance; review=criteria provided, single submitter	MODERATE	
GRCh38:17:43082528:C:T	628271	Met1411Ile	c.4233G>A	2026-08-19	Findlay SGE (MaveDB)	MaveDB			Findlay et al. 2018 (PMID 30209399)	saturation genome editing	saturation genome editing (HDR)	Met1411Ile					HIGH	partial coverage: RING+BRCT domains only
GRCh38:17:43082528:C:T	628271	Met1411Ile	c.4233G>A	2026-08-19	ClinVar esummary	ClinVar				clinical interpretation	NA	NA	NA		Uncertain significance	current=Uncertain significance; review=criteria provided, multiple submitters, no conflicts	MODERATE	
GRCh38:17:43090986:G:C	628110	Asp1381Glu	c.4143C>G	2026-08-19	Findlay SGE (MaveDB)	MaveDB			Findlay et al. 2018 (PMID 30209399)	saturation genome editing	saturation genome editing (HDR)	Asp1381Glu					HIGH	partial coverage: RING+BRCT domains only
GRCh38:17:43090986:G:C	628110	Asp1381Glu	c.4143C>G	2026-08-19	ClinVar esummary	ClinVar				clinical interpretation	NA	NA	NA		Uncertain significance	current=Uncertain significance; review=criteria provided, multiple submitters, no conflicts	MODERATE	
GRCh38:17:43090986:G:C	628110	Asp1381Glu	c.4143C>G	2026-08-19	BRCA1 Asp1381Glu	PubMed	42611417		Hormonal contraceptives and cancer risk in women with a BRCA1 or BRCA2 pathogenic variant.	publication	NA	NA	NA			NA	UNCLEAR	
GRCh38:17:43090986:G:C	628110	Asp1381Glu	c.4143C>G	2026-08-19	BRCA1 Asp1381Glu	PubMed	42610144		AI-driven CRISPR strategies in breast cancer: Organoid modeling, adaptive editing, and precision delivery.	publication	NA	NA	NA			NA	UNCLEAR	
GRCh38:17:43090986:G:C	628110	Asp1381Glu	c.4143C>G	2026-08-19	BRCA1 Asp1381Glu	PubMed	42610096		Alliance A022106: A Phase II/III Trial of Nab-Paclitaxel and Gemcitabine ± Cisplatin as Second-Line Treatment for BRCA1/2 or PALB2 Mutant Metastatic Pancreatic Ductal Adenocarcinoma (PLATINUM).	publication	NA	NA	NA			NA	UNCLEAR	
GRCh38:17:43090986:G:C	628110	Asp1381Glu	c.4143C>G	2026-08-19	BRCA1 Asp1381Glu	PubMed	42609953		Adaptive Surgical Decision-Making for Synchronous Metastatic Pancreatic Cancer and Early Breast Cancer with a BRCA1 Pathogenic Variant: A Case Report.	publication	NA	NA	NA			NA	UNCLEAR	
GRCh38:17:43090986:G:C	628110	Asp1381Glu	c.4143C>G	2026-08-19	BRCA1 Asp1381Glu	PubMed	42609763		An Unusual Presentation of Dermatofibrosarcoma Protuberans (DFSP): The Role of Advanced Molecular Testing in Collagen Type I Alpha 1 Chain (COL1A1)-Negative Cases.	publication	NA	NA	NA			NA	UNCLEAR	
GRCh38:17:43090986:G:C	628110	Asp1381Glu	c.4143C>G	2026-08-19	BRCA1 c.4143C>G	PubMed	42609450		Biomarker testing in advanced or metastatic hormone receptor-positive, human epidermal growth factor receptor 2 negative breast cancer: expert recommendations.	publication	NA	NA	NA			NA	UNCLEAR	
GRCh38:17:43090986:G:C	628110	Asp1381Glu	c.4143C>G	2026-08-19	BRCA1 c.4143C>G	PubMed	42581048		A ubiquitin chain-feeding mechanism for BRCA1-A.	publication	NA	NA	NA			NA	UNCLEAR	
GRCh38:17:43090986:G:C	628110	Asp1381Glu	c.4143C>G	2026-08-19	BRCA1 c.4143C>G	PubMed	42572185		Current Advances of Molecular Biomarkers and Liquid Biopsies Techniques in Ovarian Cancer.	publication	NA	NA	NA			NA	UNCLEAR	
GRCh38:17:43090986:G:C	628110	Asp1381Glu	c.4143C>G	2026-08-19	BRCA1 c.4143C>G	PubMed	42558868		Rewired DDR-TGF-β-β-catenin-PD-L1 axis accelerates progression and shapes therapy in human papillomavirus-driven cancer.	publication	NA	NA	NA			NA	UNCLEAR	
GRCh38:17:43090986:G:C	628110	Asp1381Glu	c.4143C>G	2026-08-19	BRCA1 c.4143C>G	PubMed	42513228		Breast Cancer: Epidemiology, Molecular Classification, Diagnostics and Evolving Treatment Paradigms.	publication	NA	NA	NA			NA	UNCLEAR	
GRCh38:17:43063373:C:A	632609	Trp1718Leu	c.5153G>T	2026-08-19	Findlay SGE (MaveDB)	MaveDB			Findlay et al. 2018 (PMID 30209399)	saturation genome editing	saturation genome editing (HDR)	Trp1718Leu	-1.37115523247543			-1.37115523247543	HIGH	partial coverage: RING+BRCT domains only
GRCh38:17:43063373:C:A	632609	Trp1718Leu	c.5153G>T	2026-08-19	ClinVar esummary	ClinVar				clinical interpretation	NA	NA	NA		Uncertain significance	current=Uncertain significance; review=no assertion criteria provided	MODERATE	
GRCh38:17:43063373:C:A	632609	Trp1718Leu	c.5153G>T	2026-08-19	BRCA1 Trp1718Leu	PubMed	42611417		Hormonal contraceptives and cancer risk in women with a BRCA1 or BRCA2 pathogenic variant.	publication	NA	NA	NA			NA	UNCLEAR	
GRCh38:17:43063373:C:A	632609	Trp1718Leu	c.5153G>T	2026-08-19	BRCA1 Trp1718Leu	PubMed	42610144		AI-driven CRISPR strategies in breast cancer: Organoid modeling, adaptive editing, and precision delivery.	publication	NA	NA	NA			NA	UNCLEAR	
GRCh38:17:43063373:C:A	632609	Trp1718Leu	c.5153G>T	2026-08-19	BRCA1 Trp1718Leu	PubMed	42610096		Alliance A022106: A Phase II/III Trial of Nab-Paclitaxel and Gemcitabine ± Cisplatin as Second-Line Treatment for BRCA1/2 or PALB2 Mutant Metastatic Pancreatic Ductal Adenocarcinoma (PLATINUM).	publication	NA	NA	NA			NA	UNCLEAR	
GRCh38:17:43063373:C:A	632609	Trp1718Leu	c.5153G>T	2026-08-19	BRCA1 Trp1718Leu	PubMed	42609953		Adaptive Surgical Decision-Making for Synchronous Metastatic Pancreatic Cancer and Early Breast Cancer with a BRCA1 Pathogenic Variant: A Case Report.	publication	NA	NA	NA			NA	UNCLEAR	
GRCh38:17:43063373:C:A	632609	Trp1718Leu	c.5153G>T	2026-08-19	BRCA1 Trp1718Leu	PubMed	42609763		An Unusual Presentation of Dermatofibrosarcoma Protuberans (DFSP): The Role of Advanced Molecular Testing in Collagen Type I Alpha 1 Chain (COL1A1)-Negative Cases.	publication	NA	NA	NA			NA	UNCLEAR	
GRCh38:17:43063373:C:A	632609	Trp1718Leu	c.5153G>T	2026-08-19	BRCA1 c.5153G>T	PubMed	42610144		AI-driven CRISPR strategies in breast cancer: Organoid modeling, adaptive editing, and precision delivery.	publication	NA	NA	NA			NA	UNCLEAR	
GRCh38:17:43063373:C:A	632609	Trp1718Leu	c.5153G>T	2026-08-19	BRCA1 c.5153G>T	PubMed	42609450		Biomarker testing in advanced or metastatic hormone receptor-positive, human epidermal growth factor receptor 2 negative breast cancer: expert recommendations.	publication	NA	NA	NA			NA	UNCLEAR	
GRCh38:17:43063373:C:A	632609	Trp1718Leu	c.5153G>T	2026-08-19	BRCA1 c.5153G>T	PubMed	42597706		Germline BRCA1 pathogenic variants and T cell dysfunction.	publication	NA	NA	NA			NA	UNCLEAR	
GRCh38:17:43063373:C:A	632609	Trp1718Leu	c.5153G>T	2026-08-19	BRCA1 c.5153G>T	PubMed	42581048		A ubiquitin chain-feeding mechanism for BRCA1-A.	publication	NA	NA	NA			NA	UNCLEAR	
GRCh38:17:43063373:C:A	632609	Trp1718Leu	c.5153G>T	2026-08-19	BRCA1 c.5153G>T	PubMed	42580462		Mechanistic Insights into Genomic Basis of Crosstalk Between Metabolic Reprogramming and Immune Dysfunction in Ovarian Cancer.	publication	NA	NA	NA			NA	UNCLEAR	
GRCh38:17:43076498:C:T	645683	Gly1492Arg	c.4474G>A	2026-08-19	Findlay SGE (MaveDB)	MaveDB			Findlay et al. 2018 (PMID 30209399)	saturation genome editing	saturation genome editing (HDR)	Gly1492Arg					HIGH	partial coverage: RING+BRCT domains only
GRCh38:17:43076498:C:T	645683	Gly1492Arg	c.4474G>A	2026-08-19	ClinVar esummary	ClinVar				clinical interpretation	NA	NA	NA		Uncertain significance	current=Uncertain significance; review=criteria provided, single submitter	MODERATE	
GRCh38:17:43076582:G:C	639775	Pro1464Ala	c.4390C>G	2026-08-19	Findlay SGE (MaveDB)	MaveDB			Findlay et al. 2018 (PMID 30209399)	saturation genome editing	saturation genome editing (HDR)	Pro1464Ala					HIGH	partial coverage: RING+BRCT domains only
GRCh38:17:43076582:G:C	639775	Pro1464Ala	c.4390C>G	2026-08-19	ClinVar esummary	ClinVar				clinical interpretation	NA	NA	NA		Uncertain significance	current=Uncertain significance; review=criteria provided, multiple submitters, no conflicts	MODERATE	
GRCh38:17:43076582:G:C	639775	Pro1464Ala	c.4390C>G	2026-08-19	BRCA1 Pro1464Ala	PubMed	42611417		Hormonal contraceptives and cancer risk in women with a BRCA1 or BRCA2 pathogenic variant.	publication	NA	NA	NA			NA	UNCLEAR	
GRCh38:17:43076582:G:C	639775	Pro1464Ala	c.4390C>G	2026-08-19	BRCA1 Pro1464Ala	PubMed	42610144		AI-driven CRISPR strategies in breast cancer: Organoid modeling, adaptive editing, and precision delivery.	publication	NA	NA	NA			NA	UNCLEAR	
GRCh38:17:43076582:G:C	639775	Pro1464Ala	c.4390C>G	2026-08-19	BRCA1 Pro1464Ala	PubMed	42610096		Alliance A022106: A Phase II/III Trial of Nab-Paclitaxel and Gemcitabine ± Cisplatin as Second-Line Treatment for BRCA1/2 or PALB2 Mutant Metastatic Pancreatic Ductal Adenocarcinoma (PLATINUM).	publication	NA	NA	NA			NA	UNCLEAR	
GRCh38:17:43076582:G:C	639775	Pro1464Ala	c.4390C>G	2026-08-19	BRCA1 Pro1464Ala	PubMed	42609953		Adaptive Surgical Decision-Making for Synchronous Metastatic Pancreatic Cancer and Early Breast Cancer with a BRCA1 Pathogenic Variant: A Case Report.	publication	NA	NA	NA			NA	UNCLEAR	
GRCh38:17:43076582:G:C	639775	Pro1464Ala	c.4390C>G	2026-08-19	BRCA1 Pro1464Ala	PubMed	42609763		An Unusual Presentation of Dermatofibrosarcoma Protuberans (DFSP): The Role of Advanced Molecular Testing in Collagen Type I Alpha 1 Chain (COL1A1)-Negative Cases.	publication	NA	NA	NA			NA	UNCLEAR	
GRCh38:17:43076582:G:C	639775	Pro1464Ala	c.4390C>G	2026-08-19	BRCA1 c.4390C>G	PubMed	42609450		Biomarker testing in advanced or metastatic hormone receptor-positive, human epidermal growth factor receptor 2 negative breast cancer: expert recommendations.	publication	NA	NA	NA			NA	UNCLEAR	
GRCh38:17:43076582:G:C	639775	Pro1464Ala	c.4390C>G	2026-08-19	BRCA1 c.4390C>G	PubMed	42581048		A ubiquitin chain-feeding mechanism for BRCA1-A.	publication	NA	NA	NA			NA	UNCLEAR	
GRCh38:17:43076582:G:C	639775	Pro1464Ala	c.4390C>G	2026-08-19	BRCA1 c.4390C>G	PubMed	42572185		Current Advances of Molecular Biomarkers and Liquid Biopsies Techniques in Ovarian Cancer.	publication	NA	NA	NA			NA	UNCLEAR	
GRCh38:17:43076582:G:C	639775	Pro1464Ala	c.4390C>G	2026-08-19	BRCA1 c.4390C>G	PubMed	42558868		Rewired DDR-TGF-β-β-catenin-PD-L1 axis accelerates progression and shapes therapy in human papillomavirus-driven cancer.	publication	NA	NA	NA			NA	UNCLEAR	
GRCh38:17:43076582:G:C	639775	Pro1464Ala	c.4390C>G	2026-08-19	BRCA1 c.4390C>G	PubMed	42513228		Breast Cancer: Epidemiology, Molecular Classification, Diagnostics and Evolving Treatment Paradigms.	publication	NA	NA	NA			NA	UNCLEAR	
GRCh38:17:43082430:T:A	662999	Asn1444Ile	c.4331A>T	2026-08-19	Findlay SGE (MaveDB)	MaveDB			Findlay et al. 2018 (PMID 30209399)	saturation genome editing	saturation genome editing (HDR)	Asn1444Ile					HIGH	partial coverage: RING+BRCT domains only
GRCh38:17:43082430:T:A	662999	Asn1444Ile	c.4331A>T	2026-08-19	ClinVar esummary	ClinVar				clinical interpretation	NA	NA	NA		Uncertain significance	current=Uncertain significance; review=criteria provided, single submitter	MODERATE	
GRCh38:17:43082457:T:A	658688	Asp1435Val	c.4304A>T	2026-08-19	Findlay SGE (MaveDB)	MaveDB			Findlay et al. 2018 (PMID 30209399)	saturation genome editing	saturation genome editing (HDR)	Asp1435Val					HIGH	partial coverage: RING+BRCT domains only
GRCh38:17:43082457:T:A	658688	Asp1435Val	c.4304A>T	2026-08-19	ClinVar esummary	ClinVar				clinical interpretation	NA	NA	NA		Uncertain significance	current=Uncertain significance; review=criteria provided, single submitter	MODERATE	
GRCh38:17:43082527:C:G	650035	Ala1412Pro	c.4234G>C	2026-08-19	Findlay SGE (MaveDB)	MaveDB			Findlay et al. 2018 (PMID 30209399)	saturation genome editing	saturation genome editing (HDR)	Ala1412Pro					HIGH	partial coverage: RING+BRCT domains only
GRCh38:17:43082527:C:G	650035	Ala1412Pro	c.4234G>C	2026-08-19	ClinVar esummary	ClinVar				clinical interpretation	NA	NA	NA		Uncertain significance	current=Uncertain significance; review=criteria provided, single submitter	MODERATE	
GRCh38:17:43082527:C:G	650035	Ala1412Pro	c.4234G>C	2026-08-19	BRCA1 Ala1412Pro	PubMed	42611417		Hormonal contraceptives and cancer risk in women with a BRCA1 or BRCA2 pathogenic variant.	publication	NA	NA	NA			NA	UNCLEAR	
GRCh38:17:43082527:C:G	650035	Ala1412Pro	c.4234G>C	2026-08-19	BRCA1 Ala1412Pro	PubMed	42610144		AI-driven CRISPR strategies in breast cancer: Organoid modeling, adaptive editing, and precision delivery.	publication	NA	NA	NA			NA	UNCLEAR	
GRCh38:17:43082527:C:G	650035	Ala1412Pro	c.4234G>C	2026-08-19	BRCA1 Ala1412Pro	PubMed	42610096		Alliance A022106: A Phase II/III Trial of Nab-Paclitaxel and Gemcitabine ± Cisplatin as Second-Line Treatment for BRCA1/2 or PALB2 Mutant Metastatic Pancreatic Ductal Adenocarcinoma (PLATINUM).	publication	NA	NA	NA			NA	UNCLEAR	
GRCh38:17:43082527:C:G	650035	Ala1412Pro	c.4234G>C	2026-08-19	BRCA1 Ala1412Pro	PubMed	42609953		Adaptive Surgical Decision-Making for Synchronous Metastatic Pancreatic Cancer and Early Breast Cancer with a BRCA1 Pathogenic Variant: A Case Report.	publication	NA	NA	NA			NA	UNCLEAR	
GRCh38:17:43082527:C:G	650035	Ala1412Pro	c.4234G>C	2026-08-19	BRCA1 Ala1412Pro	PubMed	42609763		An Unusual Presentation of Dermatofibrosarcoma Protuberans (DFSP): The Role of Advanced Molecular Testing in Collagen Type I Alpha 1 Chain (COL1A1)-Negative Cases.	publication	NA	NA	NA			NA	UNCLEAR	
GRCh38:17:43082527:C:G	650035	Ala1412Pro	c.4234G>C	2026-08-19	BRCA1 c.4234G>C	PubMed	42609450		Biomarker testing in advanced or metastatic hormone receptor-positive, human epidermal growth factor receptor 2 negative breast cancer: expert recommendations.	publication	NA	NA	NA			NA	UNCLEAR	
GRCh38:17:43082527:C:G	650035	Ala1412Pro	c.4234G>C	2026-08-19	BRCA1 c.4234G>C	PubMed	42584742		Real-world clinical outcomes of patients with early-stage TNBC and BRCAm who were treated with adjuvant capecitabine in the United States.	publication	NA	NA	NA			NA	UNCLEAR	
GRCh38:17:43082527:C:G	650035	Ala1412Pro	c.4234G>C	2026-08-19	BRCA1 c.4234G>C	PubMed	42580099		Chemotherapy type and survival in young BRCA1/2 carriers with HER2-negative early breast cancer.	publication	NA	NA	NA			NA	UNCLEAR	
GRCh38:17:43082527:C:G	650035	Ala1412Pro	c.4234G>C	2026-08-19	BRCA1 c.4234G>C	PubMed	42560601		BRCA1-derived peptide constructs exhibit sequence-dependent features compatible with modulation of the p53-MDM2 axis.	publication	NA	NA	NA			NA	UNCLEAR	
GRCh38:17:43082527:C:G	650035	Ala1412Pro	c.4234G>C	2026-08-19	BRCA1 c.4234G>C	PubMed	42524928		Whole-genome sequencing in Brazilian patients with neurofibromatosis type 1, including novel variants, incidental findings, and dual diagnoses.	publication	NA	NA	NA			NA	UNCLEAR	
GRCh38:17:43082562:A:T	653845	Met1400Lys	c.4199T>A	2026-08-19	Findlay SGE (MaveDB)	MaveDB			Findlay et al. 2018 (PMID 30209399)	saturation genome editing	saturation genome editing (HDR)	Met1400Lys					HIGH	partial coverage: RING+BRCT domains only
GRCh38:17:43082562:A:T	653845	Met1400Lys	c.4199T>A	2026-08-19	ClinVar esummary	ClinVar				clinical interpretation	NA	NA	NA		Uncertain significance	current=Uncertain significance; review=criteria provided, single submitter	MODERATE	
GRCh38:17:43082562:A:T	653845	Met1400Lys	c.4199T>A	2026-08-19	BRCA1 Met1400Lys	PubMed	42611417		Hormonal contraceptives and cancer risk in women with a BRCA1 or BRCA2 pathogenic variant.	publication	NA	NA	NA			NA	UNCLEAR	
GRCh38:17:43082562:A:T	653845	Met1400Lys	c.4199T>A	2026-08-19	BRCA1 Met1400Lys	PubMed	42610144		AI-driven CRISPR strategies in breast cancer: Organoid modeling, adaptive editing, and precision delivery.	publication	NA	NA	NA			NA	UNCLEAR	
GRCh38:17:43082562:A:T	653845	Met1400Lys	c.4199T>A	2026-08-19	BRCA1 Met1400Lys	PubMed	42610096		Alliance A022106: A Phase II/III Trial of Nab-Paclitaxel and Gemcitabine ± Cisplatin as Second-Line Treatment for BRCA1/2 or PALB2 Mutant Metastatic Pancreatic Ductal Adenocarcinoma (PLATINUM).	publication	NA	NA	NA			NA	UNCLEAR	
GRCh38:17:43082562:A:T	653845	Met1400Lys	c.4199T>A	2026-08-19	BRCA1 Met1400Lys	PubMed	42609953		Adaptive Surgical Decision-Making for Synchronous Metastatic Pancreatic Cancer and Early Breast Cancer with a BRCA1 Pathogenic Variant: A Case Report.	publication	NA	NA	NA			NA	UNCLEAR	
GRCh38:17:43082562:A:T	653845	Met1400Lys	c.4199T>A	2026-08-19	BRCA1 Met1400Lys	PubMed	42609763		An Unusual Presentation of Dermatofibrosarcoma Protuberans (DFSP): The Role of Advanced Molecular Testing in Collagen Type I Alpha 1 Chain (COL1A1)-Negative Cases.	publication	NA	NA	NA			NA	UNCLEAR	
GRCh38:17:43082562:A:T	653845	Met1400Lys	c.4199T>A	2026-08-19	BRCA1 c.4199T>A	PubMed	42611417		Hormonal contraceptives and cancer risk in women with a BRCA1 or BRCA2 pathogenic variant.	publication	NA	NA	NA			NA	UNCLEAR	
GRCh38:17:43082562:A:T	653845	Met1400Lys	c.4199T>A	2026-08-19	BRCA1 c.4199T>A	PubMed	42610144		AI-driven CRISPR strategies in breast cancer: Organoid modeling, adaptive editing, and precision delivery.	publication	NA	NA	NA			NA	UNCLEAR	
GRCh38:17:43082562:A:T	653845	Met1400Lys	c.4199T>A	2026-08-19	BRCA1 c.4199T>A	PubMed	42610096		Alliance A022106: A Phase II/III Trial of Nab-Paclitaxel and Gemcitabine ± Cisplatin as Second-Line Treatment for BRCA1/2 or PALB2 Mutant Metastatic Pancreatic Ductal Adenocarcinoma (PLATINUM).	publication	NA	NA	NA			NA	UNCLEAR	
GRCh38:17:43082562:A:T	653845	Met1400Lys	c.4199T>A	2026-08-19	BRCA1 c.4199T>A	PubMed	42609953		Adaptive Surgical Decision-Making for Synchronous Metastatic Pancreatic Cancer and Early Breast Cancer with a BRCA1 Pathogenic Variant: A Case Report.	publication	NA	NA	NA			NA	UNCLEAR	
GRCh38:17:43082562:A:T	653845	Met1400Lys	c.4199T>A	2026-08-19	BRCA1 c.4199T>A	PubMed	42609763		An Unusual Presentation of Dermatofibrosarcoma Protuberans (DFSP): The Role of Advanced Molecular Testing in Collagen Type I Alpha 1 Chain (COL1A1)-Negative Cases.	publication	NA	NA	NA			NA	UNCLEAR	
GRCh38:17:43091024:C:G	663808	Ala1369Pro	c.4105G>C	2026-08-19	Findlay SGE (MaveDB)	MaveDB			Findlay et al. 2018 (PMID 30209399)	saturation genome editing	saturation genome editing (HDR)	Ala1369Pro					HIGH	partial coverage: RING+BRCT domains only
GRCh38:17:43091024:C:G	663808	Ala1369Pro	c.4105G>C	2026-08-19	ClinVar esummary	ClinVar				clinical interpretation	NA	NA	NA		Uncertain significance	current=Uncertain significance; review=criteria provided, single submitter	MODERATE	
GRCh38:17:43095905:A:C	639275	Leu204Trp	c.611T>G	2026-08-19	Findlay SGE (MaveDB)	MaveDB			Findlay et al. 2018 (PMID 30209399)	saturation genome editing	saturation genome editing (HDR)	Leu204Trp					HIGH	partial coverage: RING+BRCT domains only
GRCh38:17:43095905:A:C	639275	Leu204Trp	c.611T>G	2026-08-19	ClinVar esummary	ClinVar				clinical interpretation	NA	NA	NA		Uncertain significance	current=Uncertain significance; review=criteria provided, single submitter	MODERATE	
GRCh38:17:43095905:A:C	639275	Leu204Trp	c.611T>G	2026-08-19	BRCA1 Leu204Trp	PubMed	42611417		Hormonal contraceptives and cancer risk in women with a BRCA1 or BRCA2 pathogenic variant.	publication	NA	NA	NA			NA	UNCLEAR	
GRCh38:17:43095905:A:C	639275	Leu204Trp	c.611T>G	2026-08-19	BRCA1 Leu204Trp	PubMed	42610144		AI-driven CRISPR strategies in breast cancer: Organoid modeling, adaptive editing, and precision delivery.	publication	NA	NA	NA			NA	UNCLEAR	
GRCh38:17:43095905:A:C	639275	Leu204Trp	c.611T>G	2026-08-19	BRCA1 Leu204Trp	PubMed	42610096		Alliance A022106: A Phase II/III Trial of Nab-Paclitaxel and Gemcitabine ± Cisplatin as Second-Line Treatment for BRCA1/2 or PALB2 Mutant Metastatic Pancreatic Ductal Adenocarcinoma (PLATINUM).	publication	NA	NA	NA			NA	UNCLEAR	
GRCh38:17:43095905:A:C	639275	Leu204Trp	c.611T>G	2026-08-19	BRCA1 Leu204Trp	PubMed	42609953		Adaptive Surgical Decision-Making for Synchronous Metastatic Pancreatic Cancer and Early Breast Cancer with a BRCA1 Pathogenic Variant: A Case Report.	publication	NA	NA	NA			NA	UNCLEAR	
GRCh38:17:43095905:A:C	639275	Leu204Trp	c.611T>G	2026-08-19	BRCA1 Leu204Trp	PubMed	42609763		An Unusual Presentation of Dermatofibrosarcoma Protuberans (DFSP): The Role of Advanced Molecular Testing in Collagen Type I Alpha 1 Chain (COL1A1)-Negative Cases.	publication	NA	NA	NA			NA	UNCLEAR	
GRCh38:17:43095905:A:C	639275	Leu204Trp	c.611T>G	2026-08-19	BRCA1 c.611T>G	PubMed	42609450		Biomarker testing in advanced or metastatic hormone receptor-positive, human epidermal growth factor receptor 2 negative breast cancer: expert recommendations.	publication	NA	NA	NA			NA	UNCLEAR	
GRCh38:17:43095905:A:C	639275	Leu204Trp	c.611T>G	2026-08-19	BRCA1 c.611T>G	PubMed	42581048		A ubiquitin chain-feeding mechanism for BRCA1-A.	publication	NA	NA	NA			NA	UNCLEAR	
GRCh38:17:43095905:A:C	639275	Leu204Trp	c.611T>G	2026-08-19	BRCA1 c.611T>G	PubMed	42572185		Current Advances of Molecular Biomarkers and Liquid Biopsies Techniques in Ovarian Cancer.	publication	NA	NA	NA			NA	UNCLEAR	
GRCh38:17:43095905:A:C	639275	Leu204Trp	c.611T>G	2026-08-19	BRCA1 c.611T>G	PubMed	42558868		Rewired DDR-TGF-β-β-catenin-PD-L1 axis accelerates progression and shapes therapy in human papillomavirus-driven cancer.	publication	NA	NA	NA			NA	UNCLEAR	
GRCh38:17:43095905:A:C	639275	Leu204Trp	c.611T>G	2026-08-19	BRCA1 c.611T>G	PubMed	42513228		Breast Cancer: Epidemiology, Molecular Classification, Diagnostics and Evolving Treatment Paradigms.	publication	NA	NA	NA			NA	UNCLEAR	
GRCh38:17:43104162:G:T	643188	Ala134Asp	c.401C>A	2026-08-19	Findlay SGE (MaveDB)	MaveDB			Findlay et al. 2018 (PMID 30209399)	saturation genome editing	saturation genome editing (HDR)	Ala134Asp					HIGH	partial coverage: RING+BRCT domains only
GRCh38:17:43104162:G:T	643188	Ala134Asp	c.401C>A	2026-08-19	ClinVar esummary	ClinVar				clinical interpretation	NA	NA	NA		Uncertain significance	current=Uncertain significance; review=criteria provided, multiple submitters, no conflicts	MODERATE	
GRCh38:17:43104162:G:T	643188	Ala134Asp	c.401C>A	2026-08-19	BRCA1 c.401C>A	PubMed	42611417		Hormonal contraceptives and cancer risk in women with a BRCA1 or BRCA2 pathogenic variant.	publication	NA	NA	NA			NA	UNCLEAR	
GRCh38:17:43104162:G:T	643188	Ala134Asp	c.401C>A	2026-08-19	BRCA1 c.401C>A	PubMed	42610144		AI-driven CRISPR strategies in breast cancer: Organoid modeling, adaptive editing, and precision delivery.	publication	NA	NA	NA			NA	UNCLEAR	
GRCh38:17:43104162:G:T	643188	Ala134Asp	c.401C>A	2026-08-19	BRCA1 c.401C>A	PubMed	42610096		Alliance A022106: A Phase II/III Trial of Nab-Paclitaxel and Gemcitabine ± Cisplatin as Second-Line Treatment for BRCA1/2 or PALB2 Mutant Metastatic Pancreatic Ductal Adenocarcinoma (PLATINUM).	publication	NA	NA	NA			NA	UNCLEAR	
GRCh38:17:43104162:G:T	643188	Ala134Asp	c.401C>A	2026-08-19	BRCA1 c.401C>A	PubMed	42609953		Adaptive Surgical Decision-Making for Synchronous Metastatic Pancreatic Cancer and Early Breast Cancer with a BRCA1 Pathogenic Variant: A Case Report.	publication	NA	NA	NA			NA	UNCLEAR	
GRCh38:17:43104162:G:T	643188	Ala134Asp	c.401C>A	2026-08-19	BRCA1 c.401C>A	PubMed	42609763		An Unusual Presentation of Dermatofibrosarcoma Protuberans (DFSP): The Role of Advanced Molecular Testing in Collagen Type I Alpha 1 Chain (COL1A1)-Negative Cases.	publication	NA	NA	NA			NA	UNCLEAR	
GRCh38:17:43104165:C:A	658804	Arg133Leu	c.398G>T	2026-08-19	Findlay SGE (MaveDB)	MaveDB			Findlay et al. 2018 (PMID 30209399)	saturation genome editing	saturation genome editing (HDR)	Arg133Leu					HIGH	partial coverage: RING+BRCT domains only
GRCh38:17:43104165:C:A	658804	Arg133Leu	c.398G>T	2026-08-19	ClinVar esummary	ClinVar				clinical interpretation	NA	NA	NA		Uncertain significance	current=Uncertain significance; review=criteria provided, single submitter	MODERATE	
GRCh38:17:43104165:C:A	658804	Arg133Leu	c.398G>T	2026-08-19	BRCA1 c.398G>T	PubMed	42610144		AI-driven CRISPR strategies in breast cancer: Organoid modeling, adaptive editing, and precision delivery.	publication	NA	NA	NA			NA	UNCLEAR	
GRCh38:17:43104165:C:A	658804	Arg133Leu	c.398G>T	2026-08-19	BRCA1 c.398G>T	PubMed	42609450		Biomarker testing in advanced or metastatic hormone receptor-positive, human epidermal growth factor receptor 2 negative breast cancer: expert recommendations.	publication	NA	NA	NA			NA	UNCLEAR	
GRCh38:17:43104165:C:A	658804	Arg133Leu	c.398G>T	2026-08-19	BRCA1 c.398G>T	PubMed	42597706		Germline BRCA1 pathogenic variants and T cell dysfunction.	publication	NA	NA	NA			NA	UNCLEAR	
GRCh38:17:43104165:C:A	658804	Arg133Leu	c.398G>T	2026-08-19	BRCA1 c.398G>T	PubMed	42581048		A ubiquitin chain-feeding mechanism for BRCA1-A.	publication	NA	NA	NA			NA	UNCLEAR	
GRCh38:17:43104165:C:A	658804	Arg133Leu	c.398G>T	2026-08-19	BRCA1 c.398G>T	PubMed	42580462		Mechanistic Insights into Genomic Basis of Crosstalk Between Metabolic Reprogramming and Immune Dysfunction in Ovarian Cancer.	publication	NA	NA	NA			NA	UNCLEAR	
GRCh38:17:43051095:C:G	801087	Cys1767Ser	c.5300G>C	2026-08-19	Findlay SGE (MaveDB)	MaveDB			Findlay et al. 2018 (PMID 30209399)	saturation genome editing	saturation genome editing (HDR)	Cys1767Ser	-0.966362391806273			-0.966362391806273	HIGH	partial coverage: RING+BRCT domains only
GRCh38:17:43051095:C:G	801087	Cys1767Ser	c.5300G>C	2026-08-19	ClinVar esummary	ClinVar				clinical interpretation	NA	NA	NA		Uncertain significance	current=Uncertain significance; review=criteria provided, multiple submitters, no conflicts	MODERATE	
GRCh38:17:43051095:C:G	801087	Cys1767Ser	c.5300G>C	2026-08-19	BRCA1 Cys1767Ser	PubMed	42611417		Hormonal contraceptives and cancer risk in women with a BRCA1 or BRCA2 pathogenic variant.	publication	NA	NA	NA			NA	UNCLEAR	
GRCh38:17:43051095:C:G	801087	Cys1767Ser	c.5300G>C	2026-08-19	BRCA1 Cys1767Ser	PubMed	42610144		AI-driven CRISPR strategies in breast cancer: Organoid modeling, adaptive editing, and precision delivery.	publication	NA	NA	NA			NA	UNCLEAR	
GRCh38:17:43051095:C:G	801087	Cys1767Ser	c.5300G>C	2026-08-19	BRCA1 Cys1767Ser	PubMed	42610096		Alliance A022106: A Phase II/III Trial of Nab-Paclitaxel and Gemcitabine ± Cisplatin as Second-Line Treatment for BRCA1/2 or PALB2 Mutant Metastatic Pancreatic Ductal Adenocarcinoma (PLATINUM).	publication	NA	NA	NA			NA	UNCLEAR	
GRCh38:17:43051095:C:G	801087	Cys1767Ser	c.5300G>C	2026-08-19	BRCA1 Cys1767Ser	PubMed	42609953		Adaptive Surgical Decision-Making for Synchronous Metastatic Pancreatic Cancer and Early Breast Cancer with a BRCA1 Pathogenic Variant: A Case Report.	publication	NA	NA	NA			NA	UNCLEAR	
GRCh38:17:43051095:C:G	801087	Cys1767Ser	c.5300G>C	2026-08-19	BRCA1 Cys1767Ser	PubMed	42609763		An Unusual Presentation of Dermatofibrosarcoma Protuberans (DFSP): The Role of Advanced Molecular Testing in Collagen Type I Alpha 1 Chain (COL1A1)-Negative Cases.	publication	NA	NA	NA			NA	UNCLEAR	
GRCh38:17:43051095:C:G	801087	Cys1767Ser	c.5300G>C	2026-08-19	BRCA1 c.5300G>C	PubMed	42609450		Biomarker testing in advanced or metastatic hormone receptor-positive, human epidermal growth factor receptor 2 negative breast cancer: expert recommendations.	publication	NA	NA	NA			NA	UNCLEAR	
GRCh38:17:43051095:C:G	801087	Cys1767Ser	c.5300G>C	2026-08-19	BRCA1 c.5300G>C	PubMed	42584742		Real-world clinical outcomes of patients with early-stage TNBC and BRCAm who were treated with adjuvant capecitabine in the United States.	publication	NA	NA	NA			NA	UNCLEAR	
GRCh38:17:43051095:C:G	801087	Cys1767Ser	c.5300G>C	2026-08-19	BRCA1 c.5300G>C	PubMed	42580099		Chemotherapy type and survival in young BRCA1/2 carriers with HER2-negative early breast cancer.	publication	NA	NA	NA			NA	UNCLEAR	
GRCh38:17:43051095:C:G	801087	Cys1767Ser	c.5300G>C	2026-08-19	BRCA1 c.5300G>C	PubMed	42560601		BRCA1-derived peptide constructs exhibit sequence-dependent features compatible with modulation of the p53-MDM2 axis.	publication	NA	NA	NA			NA	UNCLEAR	
GRCh38:17:43051095:C:G	801087	Cys1767Ser	c.5300G>C	2026-08-19	BRCA1 c.5300G>C	PubMed	42524928		Whole-genome sequencing in Brazilian patients with neurofibromatosis type 1, including novel variants, incidental findings, and dual diagnoses.	publication	NA	NA	NA			NA	UNCLEAR	
GRCh38:17:43099864:C:T	801078	Ser153Asn	c.458G>A	2026-08-19	Findlay SGE (MaveDB)	MaveDB			Findlay et al. 2018 (PMID 30209399)	saturation genome editing	saturation genome editing (HDR)	Ser153Asn					HIGH	partial coverage: RING+BRCT domains only
GRCh38:17:43099864:C:T	801078	Ser153Asn	c.458G>A	2026-08-19	ClinVar esummary	ClinVar				clinical interpretation	NA	NA	NA		Uncertain significance	current=Uncertain significance; review=criteria provided, multiple submitters, no conflicts	MODERATE	
GRCh38:17:43076527:T:C	808278	Asp1482Gly	c.4445A>G	2026-08-19	Findlay SGE (MaveDB)	MaveDB			Findlay et al. 2018 (PMID 30209399)	saturation genome editing	saturation genome editing (HDR)	Asp1482Gly					HIGH	partial coverage: RING+BRCT domains only
GRCh38:17:43076527:T:C	808278	Asp1482Gly	c.4445A>G	2026-08-19	ClinVar esummary	ClinVar				clinical interpretation	NA	NA	NA		Uncertain significance	current=Uncertain significance; review=criteria provided, multiple submitters, no conflicts	MODERATE	
GRCh38:17:43090975:A:G	808279	Leu1385Pro	c.4154T>C	2026-08-19	Findlay SGE (MaveDB)	MaveDB			Findlay et al. 2018 (PMID 30209399)	saturation genome editing	saturation genome editing (HDR)	Leu1385Pro					HIGH	partial coverage: RING+BRCT domains only
GRCh38:17:43090975:A:G	808279	Leu1385Pro	c.4154T>C	2026-08-19	ClinVar esummary	ClinVar				clinical interpretation	NA	NA	NA		Uncertain significance	current=Uncertain significance; review=criteria provided, multiple submitters, no conflicts	MODERATE	
GRCh38:17:43090975:A:G	808279	Leu1385Pro	c.4154T>C	2026-08-19	BRCA1 Leu1385Pro	PubMed	42611417		Hormonal contraceptives and cancer risk in women with a BRCA1 or BRCA2 pathogenic variant.	publication	NA	NA	NA			NA	UNCLEAR	
GRCh38:17:43090975:A:G	808279	Leu1385Pro	c.4154T>C	2026-08-19	BRCA1 Leu1385Pro	PubMed	42610144		AI-driven CRISPR strategies in breast cancer: Organoid modeling, adaptive editing, and precision delivery.	publication	NA	NA	NA			NA	UNCLEAR	
GRCh38:17:43090975:A:G	808279	Leu1385Pro	c.4154T>C	2026-08-19	BRCA1 Leu1385Pro	PubMed	42610096		Alliance A022106: A Phase II/III Trial of Nab-Paclitaxel and Gemcitabine ± Cisplatin as Second-Line Treatment for BRCA1/2 or PALB2 Mutant Metastatic Pancreatic Ductal Adenocarcinoma (PLATINUM).	publication	NA	NA	NA			NA	UNCLEAR	
GRCh38:17:43090975:A:G	808279	Leu1385Pro	c.4154T>C	2026-08-19	BRCA1 Leu1385Pro	PubMed	42609953		Adaptive Surgical Decision-Making for Synchronous Metastatic Pancreatic Cancer and Early Breast Cancer with a BRCA1 Pathogenic Variant: A Case Report.	publication	NA	NA	NA			NA	UNCLEAR	
GRCh38:17:43090975:A:G	808279	Leu1385Pro	c.4154T>C	2026-08-19	BRCA1 Leu1385Pro	PubMed	42609763		An Unusual Presentation of Dermatofibrosarcoma Protuberans (DFSP): The Role of Advanced Molecular Testing in Collagen Type I Alpha 1 Chain (COL1A1)-Negative Cases.	publication	NA	NA	NA			NA	UNCLEAR	
GRCh38:17:43090975:A:G	808279	Leu1385Pro	c.4154T>C	2026-08-19	BRCA1 c.4154T>C	PubMed	42609450		Biomarker testing in advanced or metastatic hormone receptor-positive, human epidermal growth factor receptor 2 negative breast cancer: expert recommendations.	publication	NA	NA	NA			NA	UNCLEAR	
GRCh38:17:43090975:A:G	808279	Leu1385Pro	c.4154T>C	2026-08-19	BRCA1 c.4154T>C	PubMed	42584742		Real-world clinical outcomes of patients with early-stage TNBC and BRCAm who were treated with adjuvant capecitabine in the United States.	publication	NA	NA	NA			NA	UNCLEAR	
GRCh38:17:43090975:A:G	808279	Leu1385Pro	c.4154T>C	2026-08-19	BRCA1 c.4154T>C	PubMed	42580099		Chemotherapy type and survival in young BRCA1/2 carriers with HER2-negative early breast cancer.	publication	NA	NA	NA			NA	UNCLEAR	
GRCh38:17:43090975:A:G	808279	Leu1385Pro	c.4154T>C	2026-08-19	BRCA1 c.4154T>C	PubMed	42560601		BRCA1-derived peptide constructs exhibit sequence-dependent features compatible with modulation of the p53-MDM2 axis.	publication	NA	NA	NA			NA	UNCLEAR	
GRCh38:17:43090975:A:G	808279	Leu1385Pro	c.4154T>C	2026-08-19	BRCA1 c.4154T>C	PubMed	42524928		Whole-genome sequencing in Brazilian patients with neurofibromatosis type 1, including novel variants, incidental findings, and dual diagnoses.	publication	NA	NA	NA			NA	UNCLEAR	
GRCh38:17:43047669:G:T	825736	Ala1814Asp	c.5441C>A	2026-08-19	Findlay SGE (MaveDB)	MaveDB			Findlay et al. 2018 (PMID 30209399)	saturation genome editing	saturation genome editing (HDR)	Ala1814Asp	-1.25491240157845			-1.25491240157845	HIGH	partial coverage: RING+BRCT domains only
GRCh38:17:43047669:G:T	825736	Ala1814Asp	c.5441C>A	2026-08-19	ClinVar esummary	ClinVar				clinical interpretation	NA	NA	NA		Uncertain significance	current=Uncertain significance; review=criteria provided, multiple submitters, no conflicts	MODERATE	
GRCh38:17:43047669:G:T	825736	Ala1814Asp	c.5441C>A	2026-08-19	BRCA1 Ala1814Asp	PubMed	42611417		Hormonal contraceptives and cancer risk in women with a BRCA1 or BRCA2 pathogenic variant.	publication	NA	NA	NA			NA	UNCLEAR	
GRCh38:17:43047669:G:T	825736	Ala1814Asp	c.5441C>A	2026-08-19	BRCA1 Ala1814Asp	PubMed	42610144		AI-driven CRISPR strategies in breast cancer: Organoid modeling, adaptive editing, and precision delivery.	publication	NA	NA	NA			NA	UNCLEAR	
GRCh38:17:43047669:G:T	825736	Ala1814Asp	c.5441C>A	2026-08-19	BRCA1 Ala1814Asp	PubMed	42610096		Alliance A022106: A Phase II/III Trial of Nab-Paclitaxel and Gemcitabine ± Cisplatin as Second-Line Treatment for BRCA1/2 or PALB2 Mutant Metastatic Pancreatic Ductal Adenocarcinoma (PLATINUM).	publication	NA	NA	NA			NA	UNCLEAR	
GRCh38:17:43047669:G:T	825736	Ala1814Asp	c.5441C>A	2026-08-19	BRCA1 Ala1814Asp	PubMed	42609953		Adaptive Surgical Decision-Making for Synchronous Metastatic Pancreatic Cancer and Early Breast Cancer with a BRCA1 Pathogenic Variant: A Case Report.	publication	NA	NA	NA			NA	UNCLEAR	
GRCh38:17:43047669:G:T	825736	Ala1814Asp	c.5441C>A	2026-08-19	BRCA1 Ala1814Asp	PubMed	42609763		An Unusual Presentation of Dermatofibrosarcoma Protuberans (DFSP): The Role of Advanced Molecular Testing in Collagen Type I Alpha 1 Chain (COL1A1)-Negative Cases.	publication	NA	NA	NA			NA	UNCLEAR	
GRCh38:17:43047669:G:T	825736	Ala1814Asp	c.5441C>A	2026-08-19	BRCA1 c.5441C>A	PubMed	42611417		Hormonal contraceptives and cancer risk in women with a BRCA1 or BRCA2 pathogenic variant.	publication	NA	NA	NA			NA	UNCLEAR	
GRCh38:17:43047669:G:T	825736	Ala1814Asp	c.5441C>A	2026-08-19	BRCA1 c.5441C>A	PubMed	42610144		AI-driven CRISPR strategies in breast cancer: Organoid modeling, adaptive editing, and precision delivery.	publication	NA	NA	NA			NA	UNCLEAR	
GRCh38:17:43047669:G:T	825736	Ala1814Asp	c.5441C>A	2026-08-19	BRCA1 c.5441C>A	PubMed	42610096		Alliance A022106: A Phase II/III Trial of Nab-Paclitaxel and Gemcitabine ± Cisplatin as Second-Line Treatment for BRCA1/2 or PALB2 Mutant Metastatic Pancreatic Ductal Adenocarcinoma (PLATINUM).	publication	NA	NA	NA			NA	UNCLEAR	
GRCh38:17:43047669:G:T	825736	Ala1814Asp	c.5441C>A	2026-08-19	BRCA1 c.5441C>A	PubMed	42609953		Adaptive Surgical Decision-Making for Synchronous Metastatic Pancreatic Cancer and Early Breast Cancer with a BRCA1 Pathogenic Variant: A Case Report.	publication	NA	NA	NA			NA	UNCLEAR	
GRCh38:17:43047669:G:T	825736	Ala1814Asp	c.5441C>A	2026-08-19	BRCA1 c.5441C>A	PubMed	42609763		An Unusual Presentation of Dermatofibrosarcoma Protuberans (DFSP): The Role of Advanced Molecular Testing in Collagen Type I Alpha 1 Chain (COL1A1)-Negative Cases.	publication	NA	NA	NA			NA	UNCLEAR	
GRCh38:17:43047691:T:A	825717	Ile1807Phe	c.5419A>T	2026-08-19	Findlay SGE (MaveDB)	MaveDB			Findlay et al. 2018 (PMID 30209399)	saturation genome editing	saturation genome editing (HDR)	Ile1807Phe	-1.12507013556553			-1.12507013556553	HIGH	partial coverage: RING+BRCT domains only
GRCh38:17:43047691:T:A	825717	Ile1807Phe	c.5419A>T	2026-08-19	ClinVar esummary	ClinVar				clinical interpretation	NA	NA	NA		Uncertain significance	current=Uncertain significance; review=criteria provided, multiple submitters, no conflicts	MODERATE	
GRCh38:17:43063371:C:T	825488	Val1719Met	c.5155G>A	2026-08-19	Findlay SGE (MaveDB)	MaveDB			Findlay et al. 2018 (PMID 30209399)	saturation genome editing	saturation genome editing (HDR)	Val1719Met	-0.540558899922355			-0.540558899922355	HIGH	partial coverage: RING+BRCT domains only
GRCh38:17:43063371:C:T	825488	Val1719Met	c.5155G>A	2026-08-19	ClinVar esummary	ClinVar				clinical interpretation	NA	NA	NA		Uncertain significance	current=Uncertain significance; review=criteria provided, multiple submitters, no conflicts	MODERATE	
GRCh38:17:43063371:C:T	825488	Val1719Met	c.5155G>A	2026-08-19	BRCA1 Val1719Met	PubMed	42611417		Hormonal contraceptives and cancer risk in women with a BRCA1 or BRCA2 pathogenic variant.	publication	NA	NA	NA			NA	UNCLEAR	
GRCh38:17:43063371:C:T	825488	Val1719Met	c.5155G>A	2026-08-19	BRCA1 Val1719Met	PubMed	42610144		AI-driven CRISPR strategies in breast cancer: Organoid modeling, adaptive editing, and precision delivery.	publication	NA	NA	NA			NA	UNCLEAR	
GRCh38:17:43063371:C:T	825488	Val1719Met	c.5155G>A	2026-08-19	BRCA1 Val1719Met	PubMed	42610096		Alliance A022106: A Phase II/III Trial of Nab-Paclitaxel and Gemcitabine ± Cisplatin as Second-Line Treatment for BRCA1/2 or PALB2 Mutant Metastatic Pancreatic Ductal Adenocarcinoma (PLATINUM).	publication	NA	NA	NA			NA	UNCLEAR	
GRCh38:17:43063371:C:T	825488	Val1719Met	c.5155G>A	2026-08-19	BRCA1 Val1719Met	PubMed	42609953		Adaptive Surgical Decision-Making for Synchronous Metastatic Pancreatic Cancer and Early Breast Cancer with a BRCA1 Pathogenic Variant: A Case Report.	publication	NA	NA	NA			NA	UNCLEAR	
GRCh38:17:43063371:C:T	825488	Val1719Met	c.5155G>A	2026-08-19	BRCA1 Val1719Met	PubMed	42609763		An Unusual Presentation of Dermatofibrosarcoma Protuberans (DFSP): The Role of Advanced Molecular Testing in Collagen Type I Alpha 1 Chain (COL1A1)-Negative Cases.	publication	NA	NA	NA			NA	UNCLEAR	
GRCh38:17:43063371:C:T	825488	Val1719Met	c.5155G>A	2026-08-19	BRCA1 c.5155G>A	PubMed	42611417		Hormonal contraceptives and cancer risk in women with a BRCA1 or BRCA2 pathogenic variant.	publication	NA	NA	NA			NA	UNCLEAR	
GRCh38:17:43063371:C:T	825488	Val1719Met	c.5155G>A	2026-08-19	BRCA1 c.5155G>A	PubMed	42610144		AI-driven CRISPR strategies in breast cancer: Organoid modeling, adaptive editing, and precision delivery.	publication	NA	NA	NA			NA	UNCLEAR	
GRCh38:17:43063371:C:T	825488	Val1719Met	c.5155G>A	2026-08-19	BRCA1 c.5155G>A	PubMed	42610096		Alliance A022106: A Phase II/III Trial of Nab-Paclitaxel and Gemcitabine ± Cisplatin as Second-Line Treatment for BRCA1/2 or PALB2 Mutant Metastatic Pancreatic Ductal Adenocarcinoma (PLATINUM).	publication	NA	NA	NA			NA	UNCLEAR	
GRCh38:17:43063371:C:T	825488	Val1719Met	c.5155G>A	2026-08-19	BRCA1 c.5155G>A	PubMed	42609953		Adaptive Surgical Decision-Making for Synchronous Metastatic Pancreatic Cancer and Early Breast Cancer with a BRCA1 Pathogenic Variant: A Case Report.	publication	NA	NA	NA			NA	UNCLEAR	
GRCh38:17:43063371:C:T	825488	Val1719Met	c.5155G>A	2026-08-19	BRCA1 c.5155G>A	PubMed	42609763		An Unusual Presentation of Dermatofibrosarcoma Protuberans (DFSP): The Role of Advanced Molecular Testing in Collagen Type I Alpha 1 Chain (COL1A1)-Negative Cases.	publication	NA	NA	NA			NA	UNCLEAR	
GRCh38:17:43076587:T:A	824847	Glu1462Val	c.4385A>T	2026-08-19	Findlay SGE (MaveDB)	MaveDB			Findlay et al. 2018 (PMID 30209399)	saturation genome editing	saturation genome editing (HDR)	Glu1462Val					HIGH	partial coverage: RING+BRCT domains only
GRCh38:17:43076587:T:A	824847	Glu1462Val	c.4385A>T	2026-08-19	ClinVar esummary	ClinVar				clinical interpretation	NA	NA	NA		Uncertain significance	current=Uncertain significance; review=criteria provided, single submitter	MODERATE	
GRCh38:17:43076602:G:A	824837	Ser1457Leu	c.4370C>T	2026-08-19	Findlay SGE (MaveDB)	MaveDB			Findlay et al. 2018 (PMID 30209399)	saturation genome editing	saturation genome editing (HDR)	Ser1457Leu					HIGH	partial coverage: RING+BRCT domains only
GRCh38:17:43076602:G:A	824837	Ser1457Leu	c.4370C>T	2026-08-19	ClinVar esummary	ClinVar				clinical interpretation	NA	NA	NA		Uncertain significance	current=Uncertain significance; review=criteria provided, multiple submitters, no conflicts	MODERATE	
GRCh38:17:43076602:G:A	824837	Ser1457Leu	c.4370C>T	2026-08-19	BRCA1 Ser1457Leu	PubMed	42611417		Hormonal contraceptives and cancer risk in women with a BRCA1 or BRCA2 pathogenic variant.	publication	NA	NA	NA			NA	UNCLEAR	
GRCh38:17:43076602:G:A	824837	Ser1457Leu	c.4370C>T	2026-08-19	BRCA1 Ser1457Leu	PubMed	42610144		AI-driven CRISPR strategies in breast cancer: Organoid modeling, adaptive editing, and precision delivery.	publication	NA	NA	NA			NA	UNCLEAR	
GRCh38:17:43076602:G:A	824837	Ser1457Leu	c.4370C>T	2026-08-19	BRCA1 Ser1457Leu	PubMed	42610096		Alliance A022106: A Phase II/III Trial of Nab-Paclitaxel and Gemcitabine ± Cisplatin as Second-Line Treatment for BRCA1/2 or PALB2 Mutant Metastatic Pancreatic Ductal Adenocarcinoma (PLATINUM).	publication	NA	NA	NA			NA	UNCLEAR	
GRCh38:17:43076602:G:A	824837	Ser1457Leu	c.4370C>T	2026-08-19	BRCA1 Ser1457Leu	PubMed	42609953		Adaptive Surgical Decision-Making for Synchronous Metastatic Pancreatic Cancer and Early Breast Cancer with a BRCA1 Pathogenic Variant: A Case Report.	publication	NA	NA	NA			NA	UNCLEAR	
GRCh38:17:43076602:G:A	824837	Ser1457Leu	c.4370C>T	2026-08-19	BRCA1 Ser1457Leu	PubMed	42609763		An Unusual Presentation of Dermatofibrosarcoma Protuberans (DFSP): The Role of Advanced Molecular Testing in Collagen Type I Alpha 1 Chain (COL1A1)-Negative Cases.	publication	NA	NA	NA			NA	UNCLEAR	
GRCh38:17:43076602:G:A	824837	Ser1457Leu	c.4370C>T	2026-08-19	BRCA1 c.4370C>T	PubMed	42610144		AI-driven CRISPR strategies in breast cancer: Organoid modeling, adaptive editing, and precision delivery.	publication	NA	NA	NA			NA	UNCLEAR	
GRCh38:17:43076602:G:A	824837	Ser1457Leu	c.4370C>T	2026-08-19	BRCA1 c.4370C>T	PubMed	42609450		Biomarker testing in advanced or metastatic hormone receptor-positive, human epidermal growth factor receptor 2 negative breast cancer: expert recommendations.	publication	NA	NA	NA			NA	UNCLEAR	
GRCh38:17:43076602:G:A	824837	Ser1457Leu	c.4370C>T	2026-08-19	BRCA1 c.4370C>T	PubMed	42597706		Germline BRCA1 pathogenic variants and T cell dysfunction.	publication	NA	NA	NA			NA	UNCLEAR	
GRCh38:17:43076602:G:A	824837	Ser1457Leu	c.4370C>T	2026-08-19	BRCA1 c.4370C>T	PubMed	42581048		A ubiquitin chain-feeding mechanism for BRCA1-A.	publication	NA	NA	NA			NA	UNCLEAR	
GRCh38:17:43076602:G:A	824837	Ser1457Leu	c.4370C>T	2026-08-19	BRCA1 c.4370C>T	PubMed	42580462		Mechanistic Insights into Genomic Basis of Crosstalk Between Metabolic Reprogramming and Immune Dysfunction in Ovarian Cancer.	publication	NA	NA	NA			NA	UNCLEAR	
GRCh38:17:43082417:G:C	824811	Ser1448Arg	c.4344C>G	2026-08-19	Findlay SGE (MaveDB)	MaveDB			Findlay et al. 2018 (PMID 30209399)	saturation genome editing	saturation genome editing (HDR)	Ser1448Arg					HIGH	partial coverage: RING+BRCT domains only
GRCh38:17:43082417:G:C	824811	Ser1448Arg	c.4344C>G	2026-08-19	ClinVar esummary	ClinVar				clinical interpretation	NA	NA	NA		Uncertain significance	current=Uncertain significance; review=criteria provided, single submitter	MODERATE	
GRCh38:17:43082443:C:T	824788	Glu1440Lys	c.4318G>A	2026-08-19	Findlay SGE (MaveDB)	MaveDB			Findlay et al. 2018 (PMID 30209399)	saturation genome editing	saturation genome editing (HDR)	Glu1440Lys					HIGH	partial coverage: RING+BRCT domains only
GRCh38:17:43082443:C:T	824788	Glu1440Lys	c.4318G>A	2026-08-19	ClinVar esummary	ClinVar				clinical interpretation	NA	NA	NA		Uncertain significance	current=Uncertain significance; review=criteria provided, single submitter	MODERATE	
GRCh38:17:43082449:C:T	824782	Ala1438Thr	c.4312G>A	2026-08-19	Findlay SGE (MaveDB)	MaveDB			Findlay et al. 2018 (PMID 30209399)	saturation genome editing	saturation genome editing (HDR)	Ala1438Thr					HIGH	partial coverage: RING+BRCT domains only
GRCh38:17:43082449:C:T	824782	Ala1438Thr	c.4312G>A	2026-08-19	ClinVar esummary	ClinVar				clinical interpretation	NA	NA	NA		Uncertain significance	current=Uncertain significance; review=criteria provided, multiple submitters, no conflicts	MODERATE	
GRCh38:17:43082461:T:C	824773	Ser1434Gly	c.4300A>G	2026-08-19	Findlay SGE (MaveDB)	MaveDB			Findlay et al. 2018 (PMID 30209399)	saturation genome editing	saturation genome editing (HDR)	Ser1434Gly					HIGH	partial coverage: RING+BRCT domains only
GRCh38:17:43082461:T:C	824773	Ser1434Gly	c.4300A>G	2026-08-19	ClinVar esummary	ClinVar				clinical interpretation	NA	NA	NA		Uncertain significance	current=Uncertain significance; review=criteria provided, multiple submitters, no conflicts	MODERATE	
GRCh38:17:43082461:T:C	824773	Ser1434Gly	c.4300A>G	2026-08-19	BRCA1 Ser1434Gly	PubMed	42611417		Hormonal contraceptives and cancer risk in women with a BRCA1 or BRCA2 pathogenic variant.	publication	NA	NA	NA			NA	UNCLEAR	
GRCh38:17:43082461:T:C	824773	Ser1434Gly	c.4300A>G	2026-08-19	BRCA1 Ser1434Gly	PubMed	42610144		AI-driven CRISPR strategies in breast cancer: Organoid modeling, adaptive editing, and precision delivery.	publication	NA	NA	NA			NA	UNCLEAR	
GRCh38:17:43082461:T:C	824773	Ser1434Gly	c.4300A>G	2026-08-19	BRCA1 Ser1434Gly	PubMed	42610096		Alliance A022106: A Phase II/III Trial of Nab-Paclitaxel and Gemcitabine ± Cisplatin as Second-Line Treatment for BRCA1/2 or PALB2 Mutant Metastatic Pancreatic Ductal Adenocarcinoma (PLATINUM).	publication	NA	NA	NA			NA	UNCLEAR	
GRCh38:17:43082461:T:C	824773	Ser1434Gly	c.4300A>G	2026-08-19	BRCA1 Ser1434Gly	PubMed	42609953		Adaptive Surgical Decision-Making for Synchronous Metastatic Pancreatic Cancer and Early Breast Cancer with a BRCA1 Pathogenic Variant: A Case Report.	publication	NA	NA	NA			NA	UNCLEAR	
GRCh38:17:43082461:T:C	824773	Ser1434Gly	c.4300A>G	2026-08-19	BRCA1 Ser1434Gly	PubMed	42609763		An Unusual Presentation of Dermatofibrosarcoma Protuberans (DFSP): The Role of Advanced Molecular Testing in Collagen Type I Alpha 1 Chain (COL1A1)-Negative Cases.	publication	NA	NA	NA			NA	UNCLEAR	
GRCh38:17:43082461:T:C	824773	Ser1434Gly	c.4300A>G	2026-08-19	BRCA1 c.4300A>G	PubMed	42609450		Biomarker testing in advanced or metastatic hormone receptor-positive, human epidermal growth factor receptor 2 negative breast cancer: expert recommendations.	publication	NA	NA	NA			NA	UNCLEAR	
GRCh38:17:43082461:T:C	824773	Ser1434Gly	c.4300A>G	2026-08-19	BRCA1 c.4300A>G	PubMed	42581048		A ubiquitin chain-feeding mechanism for BRCA1-A.	publication	NA	NA	NA			NA	UNCLEAR	
GRCh38:17:43082461:T:C	824773	Ser1434Gly	c.4300A>G	2026-08-19	BRCA1 c.4300A>G	PubMed	42572185		Current Advances of Molecular Biomarkers and Liquid Biopsies Techniques in Ovarian Cancer.	publication	NA	NA	NA			NA	UNCLEAR	
GRCh38:17:43082461:T:C	824773	Ser1434Gly	c.4300A>G	2026-08-19	BRCA1 c.4300A>G	PubMed	42558868		Rewired DDR-TGF-β-β-catenin-PD-L1 axis accelerates progression and shapes therapy in human papillomavirus-driven cancer.	publication	NA	NA	NA			NA	UNCLEAR	
GRCh38:17:43082461:T:C	824773	Ser1434Gly	c.4300A>G	2026-08-19	BRCA1 c.4300A>G	PubMed	42513228		Breast Cancer: Epidemiology, Molecular Classification, Diagnostics and Evolving Treatment Paradigms.	publication	NA	NA	NA			NA	UNCLEAR	
GRCh38:17:43082514:G:C	824716	Ala1416Gly	c.4247C>G	2026-08-19	Findlay SGE (MaveDB)	MaveDB			Findlay et al. 2018 (PMID 30209399)	saturation genome editing	saturation genome editing (HDR)	Ala1416Gly					HIGH	partial coverage: RING+BRCT domains only
GRCh38:17:43082514:G:C	824716	Ala1416Gly	c.4247C>G	2026-08-19	ClinVar esummary	ClinVar				clinical interpretation	NA	NA	NA		Uncertain significance	current=Uncertain significance; review=criteria provided, multiple submitters, no conflicts	MODERATE	
GRCh38:17:43082524:C:T	824708	Glu1413Lys	c.4237G>A	2026-08-19	Findlay SGE (MaveDB)	MaveDB			Findlay et al. 2018 (PMID 30209399)	saturation genome editing	saturation genome editing (HDR)	Glu1413Lys					HIGH	partial coverage: RING+BRCT domains only
GRCh38:17:43082524:C:T	824708	Glu1413Lys	c.4237G>A	2026-08-19	ClinVar esummary	ClinVar				clinical interpretation	NA	NA	NA		Uncertain significance	current=Uncertain significance; review=criteria provided, multiple submitters, no conflicts	MODERATE	
GRCh38:17:43082524:C:T	824708	Glu1413Lys	c.4237G>A	2026-08-19	BRCA1 Glu1413Lys	PubMed	42611417		Hormonal contraceptives and cancer risk in women with a BRCA1 or BRCA2 pathogenic variant.	publication	NA	NA	NA			NA	UNCLEAR	
GRCh38:17:43082524:C:T	824708	Glu1413Lys	c.4237G>A	2026-08-19	BRCA1 Glu1413Lys	PubMed	42610144		AI-driven CRISPR strategies in breast cancer: Organoid modeling, adaptive editing, and precision delivery.	publication	NA	NA	NA			NA	UNCLEAR	
GRCh38:17:43082524:C:T	824708	Glu1413Lys	c.4237G>A	2026-08-19	BRCA1 Glu1413Lys	PubMed	42610096		Alliance A022106: A Phase II/III Trial of Nab-Paclitaxel and Gemcitabine ± Cisplatin as Second-Line Treatment for BRCA1/2 or PALB2 Mutant Metastatic Pancreatic Ductal Adenocarcinoma (PLATINUM).	publication	NA	NA	NA			NA	UNCLEAR	
GRCh38:17:43082524:C:T	824708	Glu1413Lys	c.4237G>A	2026-08-19	BRCA1 Glu1413Lys	PubMed	42609953		Adaptive Surgical Decision-Making for Synchronous Metastatic Pancreatic Cancer and Early Breast Cancer with a BRCA1 Pathogenic Variant: A Case Report.	publication	NA	NA	NA			NA	UNCLEAR	
GRCh38:17:43082524:C:T	824708	Glu1413Lys	c.4237G>A	2026-08-19	BRCA1 Glu1413Lys	PubMed	42609763		An Unusual Presentation of Dermatofibrosarcoma Protuberans (DFSP): The Role of Advanced Molecular Testing in Collagen Type I Alpha 1 Chain (COL1A1)-Negative Cases.	publication	NA	NA	NA			NA	UNCLEAR	
GRCh38:17:43082524:C:T	824708	Glu1413Lys	c.4237G>A	2026-08-19	BRCA1 c.4237G>A	PubMed	42611417		Hormonal contraceptives and cancer risk in women with a BRCA1 or BRCA2 pathogenic variant.	publication	NA	NA	NA			NA	UNCLEAR	
GRCh38:17:43082524:C:T	824708	Glu1413Lys	c.4237G>A	2026-08-19	BRCA1 c.4237G>A	PubMed	42610144		AI-driven CRISPR strategies in breast cancer: Organoid modeling, adaptive editing, and precision delivery.	publication	NA	NA	NA			NA	UNCLEAR	
GRCh38:17:43082524:C:T	824708	Glu1413Lys	c.4237G>A	2026-08-19	BRCA1 c.4237G>A	PubMed	42610096		Alliance A022106: A Phase II/III Trial of Nab-Paclitaxel and Gemcitabine ± Cisplatin as Second-Line Treatment for BRCA1/2 or PALB2 Mutant Metastatic Pancreatic Ductal Adenocarcinoma (PLATINUM).	publication	NA	NA	NA			NA	UNCLEAR	
GRCh38:17:43082524:C:T	824708	Glu1413Lys	c.4237G>A	2026-08-19	BRCA1 c.4237G>A	PubMed	42609953		Adaptive Surgical Decision-Making for Synchronous Metastatic Pancreatic Cancer and Early Breast Cancer with a BRCA1 Pathogenic Variant: A Case Report.	publication	NA	NA	NA			NA	UNCLEAR	
GRCh38:17:43082524:C:T	824708	Glu1413Lys	c.4237G>A	2026-08-19	BRCA1 c.4237G>A	PubMed	42609763		An Unusual Presentation of Dermatofibrosarcoma Protuberans (DFSP): The Role of Advanced Molecular Testing in Collagen Type I Alpha 1 Chain (COL1A1)-Negative Cases.	publication	NA	NA	NA			NA	UNCLEAR	
GRCh38:17:43124029:T:G	826690	Glu23Ala	c.68A>C	2026-08-19	Findlay SGE (MaveDB)	MaveDB			Findlay et al. 2018 (PMID 30209399)	saturation genome editing	saturation genome editing (HDR)	Glu23Ala	-0.608742915773584			-0.608742915773584	HIGH	partial coverage: RING+BRCT domains only
GRCh38:17:43124029:T:G	826690	Glu23Ala	c.68A>C	2026-08-19	ClinVar esummary	ClinVar				clinical interpretation	NA	NA	NA		Uncertain significance	current=Uncertain significance; review=criteria provided, multiple submitters, no conflicts	MODERATE	
GRCh38:17:43124029:T:G	826690	Glu23Ala	c.68A>C	2026-08-19	BRCA1 Glu23Ala	PubMed	42611417		Hormonal contraceptives and cancer risk in women with a BRCA1 or BRCA2 pathogenic variant.	publication	NA	NA	NA			NA	UNCLEAR	
GRCh38:17:43124029:T:G	826690	Glu23Ala	c.68A>C	2026-08-19	BRCA1 Glu23Ala	PubMed	42610144		AI-driven CRISPR strategies in breast cancer: Organoid modeling, adaptive editing, and precision delivery.	publication	NA	NA	NA			NA	UNCLEAR	
GRCh38:17:43124029:T:G	826690	Glu23Ala	c.68A>C	2026-08-19	BRCA1 Glu23Ala	PubMed	42610096		Alliance A022106: A Phase II/III Trial of Nab-Paclitaxel and Gemcitabine ± Cisplatin as Second-Line Treatment for BRCA1/2 or PALB2 Mutant Metastatic Pancreatic Ductal Adenocarcinoma (PLATINUM).	publication	NA	NA	NA			NA	UNCLEAR	
GRCh38:17:43124029:T:G	826690	Glu23Ala	c.68A>C	2026-08-19	BRCA1 Glu23Ala	PubMed	42609953		Adaptive Surgical Decision-Making for Synchronous Metastatic Pancreatic Cancer and Early Breast Cancer with a BRCA1 Pathogenic Variant: A Case Report.	publication	NA	NA	NA			NA	UNCLEAR	
GRCh38:17:43124029:T:G	826690	Glu23Ala	c.68A>C	2026-08-19	BRCA1 Glu23Ala	PubMed	42609763		An Unusual Presentation of Dermatofibrosarcoma Protuberans (DFSP): The Role of Advanced Molecular Testing in Collagen Type I Alpha 1 Chain (COL1A1)-Negative Cases.	publication	NA	NA	NA			NA	UNCLEAR	
GRCh38:17:43076497:C:T	839626	Gly1492Glu	c.4475G>A	2026-08-19	Findlay SGE (MaveDB)	MaveDB			Findlay et al. 2018 (PMID 30209399)	saturation genome editing	saturation genome editing (HDR)	Gly1492Glu					HIGH	partial coverage: RING+BRCT domains only
GRCh38:17:43076497:C:T	839626	Gly1492Glu	c.4475G>A	2026-08-19	ClinVar esummary	ClinVar				clinical interpretation	NA	NA	NA		Uncertain significance	current=Uncertain significance; review=criteria provided, single submitter	MODERATE	
GRCh38:17:43076518:G:C	856839	Thr1485Ser	c.4454C>G	2026-08-19	Findlay SGE (MaveDB)	MaveDB			Findlay et al. 2018 (PMID 30209399)	saturation genome editing	saturation genome editing (HDR)	Thr1485Ser					HIGH	partial coverage: RING+BRCT domains only
GRCh38:17:43076518:G:C	856839	Thr1485Ser	c.4454C>G	2026-08-19	ClinVar esummary	ClinVar				clinical interpretation	NA	NA	NA		Uncertain significance	current=Uncertain significance; review=criteria provided, single submitter	MODERATE	
GRCh38:17:43076543:A:C	850560	Phe1477Val	c.4429T>G	2026-08-19	Findlay SGE (MaveDB)	MaveDB			Findlay et al. 2018 (PMID 30209399)	saturation genome editing	saturation genome editing (HDR)	Phe1477Val					HIGH	partial coverage: RING+BRCT domains only
GRCh38:17:43076543:A:C	850560	Phe1477Val	c.4429T>G	2026-08-19	ClinVar esummary	ClinVar				clinical interpretation	NA	NA	NA		Uncertain significance	current=Uncertain significance; review=criteria provided, single submitter	MODERATE	
GRCh38:17:43076605:G:A	863784	Thr1456Ile	c.4367C>T	2026-08-19	Findlay SGE (MaveDB)	MaveDB			Findlay et al. 2018 (PMID 30209399)	saturation genome editing	saturation genome editing (HDR)	Thr1456Ile					HIGH	partial coverage: RING+BRCT domains only
GRCh38:17:43076605:G:A	863784	Thr1456Ile	c.4367C>T	2026-08-19	ClinVar esummary	ClinVar				clinical interpretation	NA	NA	NA		Uncertain significance	current=Uncertain significance; review=criteria provided, multiple submitters, no conflicts	MODERATE	
GRCh38:17:43045726:C:A	869027	Gln1848His	c.5544G>T	2026-08-19	Findlay SGE (MaveDB)	MaveDB			Findlay et al. 2018 (PMID 30209399)	saturation genome editing	saturation genome editing (HDR)	Gln1848His	-1.1808433092648505			-1.1808433092648505	HIGH	partial coverage: RING+BRCT domains only
GRCh38:17:43045726:C:A	869027	Gln1848His	c.5544G>T	2026-08-19	ClinVar esummary	ClinVar				clinical interpretation	NA	NA	NA		Uncertain significance	current=Uncertain significance; review=criteria provided, single submitter	MODERATE	
GRCh38:17:43045726:C:A	869027	Gln1848His	c.5544G>T	2026-08-19	BRCA1 Gln1848His	PubMed	42611417		Hormonal contraceptives and cancer risk in women with a BRCA1 or BRCA2 pathogenic variant.	publication	NA	NA	NA			NA	UNCLEAR	
GRCh38:17:43045726:C:A	869027	Gln1848His	c.5544G>T	2026-08-19	BRCA1 Gln1848His	PubMed	42610144		AI-driven CRISPR strategies in breast cancer: Organoid modeling, adaptive editing, and precision delivery.	publication	NA	NA	NA			NA	UNCLEAR	
GRCh38:17:43045726:C:A	869027	Gln1848His	c.5544G>T	2026-08-19	BRCA1 Gln1848His	PubMed	42610096		Alliance A022106: A Phase II/III Trial of Nab-Paclitaxel and Gemcitabine ± Cisplatin as Second-Line Treatment for BRCA1/2 or PALB2 Mutant Metastatic Pancreatic Ductal Adenocarcinoma (PLATINUM).	publication	NA	NA	NA			NA	UNCLEAR	
GRCh38:17:43045726:C:A	869027	Gln1848His	c.5544G>T	2026-08-19	BRCA1 Gln1848His	PubMed	42609953		Adaptive Surgical Decision-Making for Synchronous Metastatic Pancreatic Cancer and Early Breast Cancer with a BRCA1 Pathogenic Variant: A Case Report.	publication	NA	NA	NA			NA	UNCLEAR	
GRCh38:17:43045726:C:A	869027	Gln1848His	c.5544G>T	2026-08-19	BRCA1 Gln1848His	PubMed	42609763		An Unusual Presentation of Dermatofibrosarcoma Protuberans (DFSP): The Role of Advanced Molecular Testing in Collagen Type I Alpha 1 Chain (COL1A1)-Negative Cases.	publication	NA	NA	NA			NA	UNCLEAR	
GRCh38:17:43045726:C:A	869027	Gln1848His	c.5544G>T	2026-08-19	BRCA1 c.5544G>T	PubMed	42610144		AI-driven CRISPR strategies in breast cancer: Organoid modeling, adaptive editing, and precision delivery.	publication	NA	NA	NA			NA	UNCLEAR	
GRCh38:17:43045726:C:A	869027	Gln1848His	c.5544G>T	2026-08-19	BRCA1 c.5544G>T	PubMed	42609450		Biomarker testing in advanced or metastatic hormone receptor-positive, human epidermal growth factor receptor 2 negative breast cancer: expert recommendations.	publication	NA	NA	NA			NA	UNCLEAR	
GRCh38:17:43045726:C:A	869027	Gln1848His	c.5544G>T	2026-08-19	BRCA1 c.5544G>T	PubMed	42597706		Germline BRCA1 pathogenic variants and T cell dysfunction.	publication	NA	NA	NA			NA	UNCLEAR	
GRCh38:17:43045726:C:A	869027	Gln1848His	c.5544G>T	2026-08-19	BRCA1 c.5544G>T	PubMed	42581048		A ubiquitin chain-feeding mechanism for BRCA1-A.	publication	NA	NA	NA			NA	UNCLEAR	
GRCh38:17:43045726:C:A	869027	Gln1848His	c.5544G>T	2026-08-19	BRCA1 c.5544G>T	PubMed	42580462		Mechanistic Insights into Genomic Basis of Crosstalk Between Metabolic Reprogramming and Immune Dysfunction in Ovarian Cancer.	publication	NA	NA	NA			NA	UNCLEAR	
GRCh38:17:43045775:A:G	868593	Val1832Ala	c.5495T>C	2026-08-19	Findlay SGE (MaveDB)	MaveDB			Findlay et al. 2018 (PMID 30209399)	saturation genome editing	saturation genome editing (HDR)	Val1832Ala	-0.909867174020695			-0.909867174020695	HIGH	partial coverage: RING+BRCT domains only
GRCh38:17:43045775:A:G	868593	Val1832Ala	c.5495T>C	2026-08-19	ClinVar esummary	ClinVar				clinical interpretation	NA	NA	NA		Uncertain significance	current=Uncertain significance; review=criteria provided, multiple submitters, no conflicts	MODERATE	
GRCh38:17:43045775:A:G	868593	Val1832Ala	c.5495T>C	2026-08-19	BRCA1 Val1832Ala	PubMed	42611417		Hormonal contraceptives and cancer risk in women with a BRCA1 or BRCA2 pathogenic variant.	publication	NA	NA	NA			NA	UNCLEAR	
GRCh38:17:43045775:A:G	868593	Val1832Ala	c.5495T>C	2026-08-19	BRCA1 Val1832Ala	PubMed	42610144		AI-driven CRISPR strategies in breast cancer: Organoid modeling, adaptive editing, and precision delivery.	publication	NA	NA	NA			NA	UNCLEAR	
GRCh38:17:43045775:A:G	868593	Val1832Ala	c.5495T>C	2026-08-19	BRCA1 Val1832Ala	PubMed	42610096		Alliance A022106: A Phase II/III Trial of Nab-Paclitaxel and Gemcitabine ± Cisplatin as Second-Line Treatment for BRCA1/2 or PALB2 Mutant Metastatic Pancreatic Ductal Adenocarcinoma (PLATINUM).	publication	NA	NA	NA			NA	UNCLEAR	
GRCh38:17:43045775:A:G	868593	Val1832Ala	c.5495T>C	2026-08-19	BRCA1 Val1832Ala	PubMed	42609953		Adaptive Surgical Decision-Making for Synchronous Metastatic Pancreatic Cancer and Early Breast Cancer with a BRCA1 Pathogenic Variant: A Case Report.	publication	NA	NA	NA			NA	UNCLEAR	
GRCh38:17:43045775:A:G	868593	Val1832Ala	c.5495T>C	2026-08-19	BRCA1 Val1832Ala	PubMed	42609763		An Unusual Presentation of Dermatofibrosarcoma Protuberans (DFSP): The Role of Advanced Molecular Testing in Collagen Type I Alpha 1 Chain (COL1A1)-Negative Cases.	publication	NA	NA	NA			NA	UNCLEAR	
GRCh38:17:43045775:A:G	868593	Val1832Ala	c.5495T>C	2026-08-19	BRCA1 c.5495T>C	PubMed	42609450		Biomarker testing in advanced or metastatic hormone receptor-positive, human epidermal growth factor receptor 2 negative breast cancer: expert recommendations.	publication	NA	NA	NA			NA	UNCLEAR	
GRCh38:17:43045775:A:G	868593	Val1832Ala	c.5495T>C	2026-08-19	BRCA1 c.5495T>C	PubMed	42584742		Real-world clinical outcomes of patients with early-stage TNBC and BRCAm who were treated with adjuvant capecitabine in the United States.	publication	NA	NA	NA			NA	UNCLEAR	
GRCh38:17:43045775:A:G	868593	Val1832Ala	c.5495T>C	2026-08-19	BRCA1 c.5495T>C	PubMed	42580099		Chemotherapy type and survival in young BRCA1/2 carriers with HER2-negative early breast cancer.	publication	NA	NA	NA			NA	UNCLEAR	
GRCh38:17:43045775:A:G	868593	Val1832Ala	c.5495T>C	2026-08-19	BRCA1 c.5495T>C	PubMed	42560601		BRCA1-derived peptide constructs exhibit sequence-dependent features compatible with modulation of the p53-MDM2 axis.	publication	NA	NA	NA			NA	UNCLEAR	
GRCh38:17:43045775:A:G	868593	Val1832Ala	c.5495T>C	2026-08-19	BRCA1 c.5495T>C	PubMed	42524928		Whole-genome sequencing in Brazilian patients with neurofibromatosis type 1, including novel variants, incidental findings, and dual diagnoses.	publication	NA	NA	NA			NA	UNCLEAR	
GRCh38:17:43047646:G:A	868519	His1822Tyr	c.5464C>T	2026-08-19	Findlay SGE (MaveDB)	MaveDB			Findlay et al. 2018 (PMID 30209399)	saturation genome editing	saturation genome editing (HDR)	His1822Tyr	-0.2424249649628339			-0.2424249649628339	HIGH	partial coverage: RING+BRCT domains only
GRCh38:17:43047646:G:A	868519	His1822Tyr	c.5464C>T	2026-08-19	ClinVar esummary	ClinVar				clinical interpretation	NA	NA	NA		Uncertain significance	current=Uncertain significance; review=criteria provided, single submitter	MODERATE	
GRCh38:17:43047653:A:T	868911	Asn1819Lys	c.5457T>A	2026-08-19	Findlay SGE (MaveDB)	MaveDB			Findlay et al. 2018 (PMID 30209399)	saturation genome editing	saturation genome editing (HDR)	Asn1819Lys	-0.231764896321833			-0.231764896321833	HIGH	partial coverage: RING+BRCT domains only
GRCh38:17:43047653:A:T	868911	Asn1819Lys	c.5457T>A	2026-08-19	ClinVar esummary	ClinVar				clinical interpretation	NA	NA	NA		Uncertain significance	current=Uncertain significance; review=criteria provided, multiple submitters, no conflicts	MODERATE	
GRCh38:17:43047655:T:A	868511	Asn1819Tyr	c.5455A>T	2026-08-19	Findlay SGE (MaveDB)	MaveDB			Findlay et al. 2018 (PMID 30209399)	saturation genome editing	saturation genome editing (HDR)	Asn1819Tyr	-0.449637787239626			-0.449637787239626	HIGH	partial coverage: RING+BRCT domains only
GRCh38:17:43047655:T:A	868511	Asn1819Tyr	c.5455A>T	2026-08-19	ClinVar esummary	ClinVar				clinical interpretation	NA	NA	NA		Uncertain significance	current=Uncertain significance; review=criteria provided, single submitter	MODERATE	
GRCh38:17:43047673:C:G	867389	Asp1813His	c.5437G>C	2026-08-19	Findlay SGE (MaveDB)	MaveDB			Findlay et al. 2018 (PMID 30209399)	saturation genome editing	saturation genome editing (HDR)	Asp1813His	-0.981230415384132			-0.981230415384132	HIGH	partial coverage: RING+BRCT domains only
GRCh38:17:43047673:C:G	867389	Asp1813His	c.5437G>C	2026-08-19	ClinVar esummary	ClinVar				clinical interpretation	NA	NA	NA		Uncertain significance	current=Uncertain significance; review=criteria provided, multiple submitters, no conflicts	MODERATE	
GRCh38:17:43047673:C:G	867389	Asp1813His	c.5437G>C	2026-08-19	BRCA1 Asp1813His	PubMed	42611417		Hormonal contraceptives and cancer risk in women with a BRCA1 or BRCA2 pathogenic variant.	publication	NA	NA	NA			NA	UNCLEAR	
GRCh38:17:43047673:C:G	867389	Asp1813His	c.5437G>C	2026-08-19	BRCA1 Asp1813His	PubMed	42610144		AI-driven CRISPR strategies in breast cancer: Organoid modeling, adaptive editing, and precision delivery.	publication	NA	NA	NA			NA	UNCLEAR	
GRCh38:17:43047673:C:G	867389	Asp1813His	c.5437G>C	2026-08-19	BRCA1 Asp1813His	PubMed	42610096		Alliance A022106: A Phase II/III Trial of Nab-Paclitaxel and Gemcitabine ± Cisplatin as Second-Line Treatment for BRCA1/2 or PALB2 Mutant Metastatic Pancreatic Ductal Adenocarcinoma (PLATINUM).	publication	NA	NA	NA			NA	UNCLEAR	
GRCh38:17:43047673:C:G	867389	Asp1813His	c.5437G>C	2026-08-19	BRCA1 Asp1813His	PubMed	42609953		Adaptive Surgical Decision-Making for Synchronous Metastatic Pancreatic Cancer and Early Breast Cancer with a BRCA1 Pathogenic Variant: A Case Report.	publication	NA	NA	NA			NA	UNCLEAR	
GRCh38:17:43047673:C:G	867389	Asp1813His	c.5437G>C	2026-08-19	BRCA1 Asp1813His	PubMed	42609763		An Unusual Presentation of Dermatofibrosarcoma Protuberans (DFSP): The Role of Advanced Molecular Testing in Collagen Type I Alpha 1 Chain (COL1A1)-Negative Cases.	publication	NA	NA	NA			NA	UNCLEAR	
GRCh38:17:43047673:C:G	867389	Asp1813His	c.5437G>C	2026-08-19	BRCA1 c.5437G>C	PubMed	42609450		Biomarker testing in advanced or metastatic hormone receptor-positive, human epidermal growth factor receptor 2 negative breast cancer: expert recommendations.	publication	NA	NA	NA			NA	UNCLEAR	
GRCh38:17:43047673:C:G	867389	Asp1813His	c.5437G>C	2026-08-19	BRCA1 c.5437G>C	PubMed	42584742		Real-world clinical outcomes of patients with early-stage TNBC and BRCAm who were treated with adjuvant capecitabine in the United States.	publication	NA	NA	NA			NA	UNCLEAR	
GRCh38:17:43047673:C:G	867389	Asp1813His	c.5437G>C	2026-08-19	BRCA1 c.5437G>C	PubMed	42580099		Chemotherapy type and survival in young BRCA1/2 carriers with HER2-negative early breast cancer.	publication	NA	NA	NA			NA	UNCLEAR	
GRCh38:17:43047673:C:G	867389	Asp1813His	c.5437G>C	2026-08-19	BRCA1 c.5437G>C	PubMed	42560601		BRCA1-derived peptide constructs exhibit sequence-dependent features compatible with modulation of the p53-MDM2 axis.	publication	NA	NA	NA			NA	UNCLEAR	
GRCh38:17:43047673:C:G	867389	Asp1813His	c.5437G>C	2026-08-19	BRCA1 c.5437G>C	PubMed	42524928		Whole-genome sequencing in Brazilian patients with neurofibromatosis type 1, including novel variants, incidental findings, and dual diagnoses.	publication	NA	NA	NA			NA	UNCLEAR	
GRCh38:17:43047682:C:G	867386	Val1810Leu	c.5428G>C	2026-08-19	Findlay SGE (MaveDB)	MaveDB			Findlay et al. 2018 (PMID 30209399)	saturation genome editing	saturation genome editing (HDR)	Val1810Leu	-0.135301414304995			-0.135301414304995	HIGH	partial coverage: RING+BRCT domains only
GRCh38:17:43047682:C:G	867386	Val1810Leu	c.5428G>C	2026-08-19	ClinVar esummary	ClinVar				clinical interpretation	NA	NA	NA		Uncertain significance	current=Uncertain significance; review=criteria provided, single submitter	MODERATE	
GRCh38:17:43047682:C:G	867386	Val1810Leu	c.5428G>C	2026-08-19	BRCA1 Val1810Leu	PubMed	42611417		Hormonal contraceptives and cancer risk in women with a BRCA1 or BRCA2 pathogenic variant.	publication	NA	NA	NA			NA	UNCLEAR	
GRCh38:17:43047682:C:G	867386	Val1810Leu	c.5428G>C	2026-08-19	BRCA1 Val1810Leu	PubMed	42610144		AI-driven CRISPR strategies in breast cancer: Organoid modeling, adaptive editing, and precision delivery.	publication	NA	NA	NA			NA	UNCLEAR	
GRCh38:17:43047682:C:G	867386	Val1810Leu	c.5428G>C	2026-08-19	BRCA1 Val1810Leu	PubMed	42610096		Alliance A022106: A Phase II/III Trial of Nab-Paclitaxel and Gemcitabine ± Cisplatin as Second-Line Treatment for BRCA1/2 or PALB2 Mutant Metastatic Pancreatic Ductal Adenocarcinoma (PLATINUM).	publication	NA	NA	NA			NA	UNCLEAR	
GRCh38:17:43047682:C:G	867386	Val1810Leu	c.5428G>C	2026-08-19	BRCA1 Val1810Leu	PubMed	42609953		Adaptive Surgical Decision-Making for Synchronous Metastatic Pancreatic Cancer and Early Breast Cancer with a BRCA1 Pathogenic Variant: A Case Report.	publication	NA	NA	NA			NA	UNCLEAR	
GRCh38:17:43047682:C:G	867386	Val1810Leu	c.5428G>C	2026-08-19	BRCA1 Val1810Leu	PubMed	42609763		An Unusual Presentation of Dermatofibrosarcoma Protuberans (DFSP): The Role of Advanced Molecular Testing in Collagen Type I Alpha 1 Chain (COL1A1)-Negative Cases.	publication	NA	NA	NA			NA	UNCLEAR	
GRCh38:17:43047682:C:G	867386	Val1810Leu	c.5428G>C	2026-08-19	BRCA1 c.5428G>C	PubMed	22684231		BRCA1 and BRCA2 unclassified variants and missense polymorphisms in Algerian breast/ovarian cancer families.	publication	NA	NA	NA			NA	UNCLEAR	
GRCh38:17:43047691:T:G	868476	Ile1807Leu	c.5419A>C	2026-08-19	Findlay SGE (MaveDB)	MaveDB			Findlay et al. 2018 (PMID 30209399)	saturation genome editing	saturation genome editing (HDR)	Ile1807Leu	0.177009280841274			0.177009280841274	HIGH	partial coverage: RING+BRCT domains only
GRCh38:17:43047691:T:G	868476	Ile1807Leu	c.5419A>C	2026-08-19	ClinVar esummary	ClinVar				clinical interpretation	NA	NA	NA		Uncertain significance	current=Uncertain significance; review=criteria provided, multiple submitters, no conflicts	MODERATE	
GRCh38:17:43051086:C:T	867980	Gly1770Glu	c.5309G>A	2026-08-19	Findlay SGE (MaveDB)	MaveDB			Findlay et al. 2018 (PMID 30209399)	saturation genome editing	saturation genome editing (HDR)	Gly1770Glu	-0.2418053402376749			-0.2418053402376749	HIGH	partial coverage: RING+BRCT domains only
GRCh38:17:43051086:C:T	867980	Gly1770Glu	c.5309G>A	2026-08-19	ClinVar esummary	ClinVar				clinical interpretation	NA	NA	NA		Uncertain significance	current=Uncertain significance; review=criteria provided, multiple submitters, no conflicts	MODERATE	
GRCh38:17:43051086:C:T	867980	Gly1770Glu	c.5309G>A	2026-08-19	BRCA1 Gly1770Glu	PubMed	42611417		Hormonal contraceptives and cancer risk in women with a BRCA1 or BRCA2 pathogenic variant.	publication	NA	NA	NA			NA	UNCLEAR	
GRCh38:17:43051086:C:T	867980	Gly1770Glu	c.5309G>A	2026-08-19	BRCA1 Gly1770Glu	PubMed	42610144		AI-driven CRISPR strategies in breast cancer: Organoid modeling, adaptive editing, and precision delivery.	publication	NA	NA	NA			NA	UNCLEAR	
GRCh38:17:43051086:C:T	867980	Gly1770Glu	c.5309G>A	2026-08-19	BRCA1 Gly1770Glu	PubMed	42610096		Alliance A022106: A Phase II/III Trial of Nab-Paclitaxel and Gemcitabine ± Cisplatin as Second-Line Treatment for BRCA1/2 or PALB2 Mutant Metastatic Pancreatic Ductal Adenocarcinoma (PLATINUM).	publication	NA	NA	NA			NA	UNCLEAR	
GRCh38:17:43051086:C:T	867980	Gly1770Glu	c.5309G>A	2026-08-19	BRCA1 Gly1770Glu	PubMed	42609953		Adaptive Surgical Decision-Making for Synchronous Metastatic Pancreatic Cancer and Early Breast Cancer with a BRCA1 Pathogenic Variant: A Case Report.	publication	NA	NA	NA			NA	UNCLEAR	
GRCh38:17:43051086:C:T	867980	Gly1770Glu	c.5309G>A	2026-08-19	BRCA1 Gly1770Glu	PubMed	42609763		An Unusual Presentation of Dermatofibrosarcoma Protuberans (DFSP): The Role of Advanced Molecular Testing in Collagen Type I Alpha 1 Chain (COL1A1)-Negative Cases.	publication	NA	NA	NA			NA	UNCLEAR	
GRCh38:17:43051086:C:T	867980	Gly1770Glu	c.5309G>A	2026-08-19	BRCA1 c.5309G>A	PubMed	41746509		Unexpected double-hit BRCA1/BRCA2 somatic mutations in a sporadic endometrioid ovarian carcinoma.	publication	NA	NA	NA			NA	UNCLEAR	
GRCh38:17:43051086:C:T	867980	Gly1770Glu	c.5309G>A	2026-08-19	BRCA1 c.5309G>A	PubMed	37055759		Increased prevalence of the founder BRCA1 c.5309G>T and recurrent BRCA2 c.1310_1313delAAGA mutations in breast cancer families from Northerstern region of Morocco: evidence of geographical specificity and high relevance for genetic counseling.	publication	NA	NA	NA			NA	UNCLEAR	
GRCh38:17:43051086:C:T	867980	Gly1770Glu	c.5309G>A	2026-08-19	BRCA1 c.5309G>A	PubMed	35216584		Prevalence of specific and recurrent/founder pathogenic variants in BRCA genes in breast and ovarian cancer in North Africa.	publication	NA	NA	NA			NA	UNCLEAR	
GRCh38:17:43051086:C:T	867980	Gly1770Glu	c.5309G>A	2026-08-19	BRCA1 c.5309G>A	PubMed	30105462		Substantial evidence for the clinical significance of missense variant BRCA1 c.5309G>T p.(Gly1770Val).	publication	NA	NA	NA			NA	UNCLEAR	
GRCh38:17:43051086:C:T	867980	Gly1770Glu	c.5309G>A	2026-08-19	BRCA1 c.5309G>A	PubMed	26864382		Identification of a founder BRCA1 mutation in the Moroccan population.	publication	NA	NA	NA			NA	UNCLEAR	
GRCh38:17:43063898:C:G	868692	Gly1710Arg	c.5128G>C	2026-08-19	Findlay SGE (MaveDB)	MaveDB			Findlay et al. 2018 (PMID 30209399)	saturation genome editing	saturation genome editing (HDR)	Gly1710Arg	0.3834514875001129			0.3834514875001129	HIGH	partial coverage: RING+BRCT domains only
GRCh38:17:43063898:C:G	868692	Gly1710Arg	c.5128G>C	2026-08-19	ClinVar esummary	ClinVar				clinical interpretation	NA	NA	NA		Uncertain significance	current=Uncertain significance; review=criteria provided, single submitter	MODERATE	
GRCh38:17:43063898:C:G	868692	Gly1710Arg	c.5128G>C	2026-08-19	BRCA1 Gly1710Arg	PubMed	42611417		Hormonal contraceptives and cancer risk in women with a BRCA1 or BRCA2 pathogenic variant.	publication	NA	NA	NA			NA	UNCLEAR	
GRCh38:17:43063898:C:G	868692	Gly1710Arg	c.5128G>C	2026-08-19	BRCA1 Gly1710Arg	PubMed	42610144		AI-driven CRISPR strategies in breast cancer: Organoid modeling, adaptive editing, and precision delivery.	publication	NA	NA	NA			NA	UNCLEAR	
GRCh38:17:43063898:C:G	868692	Gly1710Arg	c.5128G>C	2026-08-19	BRCA1 Gly1710Arg	PubMed	42610096		Alliance A022106: A Phase II/III Trial of Nab-Paclitaxel and Gemcitabine ± Cisplatin as Second-Line Treatment for BRCA1/2 or PALB2 Mutant Metastatic Pancreatic Ductal Adenocarcinoma (PLATINUM).	publication	NA	NA	NA			NA	UNCLEAR	
GRCh38:17:43063898:C:G	868692	Gly1710Arg	c.5128G>C	2026-08-19	BRCA1 Gly1710Arg	PubMed	42609953		Adaptive Surgical Decision-Making for Synchronous Metastatic Pancreatic Cancer and Early Breast Cancer with a BRCA1 Pathogenic Variant: A Case Report.	publication	NA	NA	NA			NA	UNCLEAR	
GRCh38:17:43063898:C:G	868692	Gly1710Arg	c.5128G>C	2026-08-19	BRCA1 Gly1710Arg	PubMed	42609763		An Unusual Presentation of Dermatofibrosarcoma Protuberans (DFSP): The Role of Advanced Molecular Testing in Collagen Type I Alpha 1 Chain (COL1A1)-Negative Cases.	publication	NA	NA	NA			NA	UNCLEAR	
GRCh38:17:43063898:C:G	868692	Gly1710Arg	c.5128G>C	2026-08-19	BRCA1 c.5128G>C	PubMed	42609450		Biomarker testing in advanced or metastatic hormone receptor-positive, human epidermal growth factor receptor 2 negative breast cancer: expert recommendations.	publication	NA	NA	NA			NA	UNCLEAR	
GRCh38:17:43063898:C:G	868692	Gly1710Arg	c.5128G>C	2026-08-19	BRCA1 c.5128G>C	PubMed	42584742		Real-world clinical outcomes of patients with early-stage TNBC and BRCAm who were treated with adjuvant capecitabine in the United States.	publication	NA	NA	NA			NA	UNCLEAR	
GRCh38:17:43063898:C:G	868692	Gly1710Arg	c.5128G>C	2026-08-19	BRCA1 c.5128G>C	PubMed	42580099		Chemotherapy type and survival in young BRCA1/2 carriers with HER2-negative early breast cancer.	publication	NA	NA	NA			NA	UNCLEAR	
GRCh38:17:43063898:C:G	868692	Gly1710Arg	c.5128G>C	2026-08-19	BRCA1 c.5128G>C	PubMed	42560601		BRCA1-derived peptide constructs exhibit sequence-dependent features compatible with modulation of the p53-MDM2 axis.	publication	NA	NA	NA			NA	UNCLEAR	
GRCh38:17:43063898:C:G	868692	Gly1710Arg	c.5128G>C	2026-08-19	BRCA1 c.5128G>C	PubMed	42524928		Whole-genome sequencing in Brazilian patients with neurofibromatosis type 1, including novel variants, incidental findings, and dual diagnoses.	publication	NA	NA	NA			NA	UNCLEAR	
GRCh38:17:43067614:T:C	867593	Lys1690Glu	c.5068A>G	2026-08-19	Findlay SGE (MaveDB)	MaveDB			Findlay et al. 2018 (PMID 30209399)	saturation genome editing	saturation genome editing (HDR)	Lys1690Glu	-0.629180784542703			-0.629180784542703	HIGH	partial coverage: RING+BRCT domains only
GRCh38:17:43067614:T:C	867593	Lys1690Glu	c.5068A>G	2026-08-19	ClinVar esummary	ClinVar				clinical interpretation	NA	NA	NA		Uncertain significance	current=Uncertain significance; review=criteria provided, single submitter	MODERATE	
GRCh38:17:43067614:T:C	867593	Lys1690Glu	c.5068A>G	2026-08-19	BRCA1 Lys1690Glu	PubMed	42611417		Hormonal contraceptives and cancer risk in women with a BRCA1 or BRCA2 pathogenic variant.	publication	NA	NA	NA			NA	UNCLEAR	
GRCh38:17:43067614:T:C	867593	Lys1690Glu	c.5068A>G	2026-08-19	BRCA1 Lys1690Glu	PubMed	42610144		AI-driven CRISPR strategies in breast cancer: Organoid modeling, adaptive editing, and precision delivery.	publication	NA	NA	NA			NA	UNCLEAR	
GRCh38:17:43067614:T:C	867593	Lys1690Glu	c.5068A>G	2026-08-19	BRCA1 Lys1690Glu	PubMed	42610096		Alliance A022106: A Phase II/III Trial of Nab-Paclitaxel and Gemcitabine ± Cisplatin as Second-Line Treatment for BRCA1/2 or PALB2 Mutant Metastatic Pancreatic Ductal Adenocarcinoma (PLATINUM).	publication	NA	NA	NA			NA	UNCLEAR	
GRCh38:17:43067614:T:C	867593	Lys1690Glu	c.5068A>G	2026-08-19	BRCA1 Lys1690Glu	PubMed	42609953		Adaptive Surgical Decision-Making for Synchronous Metastatic Pancreatic Cancer and Early Breast Cancer with a BRCA1 Pathogenic Variant: A Case Report.	publication	NA	NA	NA			NA	UNCLEAR	
GRCh38:17:43067614:T:C	867593	Lys1690Glu	c.5068A>G	2026-08-19	BRCA1 Lys1690Glu	PubMed	42609763		An Unusual Presentation of Dermatofibrosarcoma Protuberans (DFSP): The Role of Advanced Molecular Testing in Collagen Type I Alpha 1 Chain (COL1A1)-Negative Cases.	publication	NA	NA	NA			NA	UNCLEAR	
GRCh38:17:43067614:T:C	867593	Lys1690Glu	c.5068A>G	2026-08-19	BRCA1 c.5068A>G	PubMed	42609450		Biomarker testing in advanced or metastatic hormone receptor-positive, human epidermal growth factor receptor 2 negative breast cancer: expert recommendations.	publication	NA	NA	NA			NA	UNCLEAR	
GRCh38:17:43067614:T:C	867593	Lys1690Glu	c.5068A>G	2026-08-19	BRCA1 c.5068A>G	PubMed	42581048		A ubiquitin chain-feeding mechanism for BRCA1-A.	publication	NA	NA	NA			NA	UNCLEAR	
GRCh38:17:43067614:T:C	867593	Lys1690Glu	c.5068A>G	2026-08-19	BRCA1 c.5068A>G	PubMed	42572185		Current Advances of Molecular Biomarkers and Liquid Biopsies Techniques in Ovarian Cancer.	publication	NA	NA	NA			NA	UNCLEAR	
GRCh38:17:43067614:T:C	867593	Lys1690Glu	c.5068A>G	2026-08-19	BRCA1 c.5068A>G	PubMed	42558868		Rewired DDR-TGF-β-β-catenin-PD-L1 axis accelerates progression and shapes therapy in human papillomavirus-driven cancer.	publication	NA	NA	NA			NA	UNCLEAR	
GRCh38:17:43067614:T:C	867593	Lys1690Glu	c.5068A>G	2026-08-19	BRCA1 c.5068A>G	PubMed	42513228		Breast Cancer: Epidemiology, Molecular Classification, Diagnostics and Evolving Treatment Paradigms.	publication	NA	NA	NA			NA	UNCLEAR	
GRCh38:17:43067649:T:C	865556	Asn1678Ser	c.5033A>G	2026-08-19	Findlay SGE (MaveDB)	MaveDB			Findlay et al. 2018 (PMID 30209399)	saturation genome editing	saturation genome editing (HDR)	Asn1678Ser	0.2029688968670079			0.2029688968670079	HIGH	partial coverage: RING+BRCT domains only
GRCh38:17:43067649:T:C	865556	Asn1678Ser	c.5033A>G	2026-08-19	ClinVar esummary	ClinVar				clinical interpretation	NA	NA	NA		Uncertain significance	current=Uncertain significance; review=criteria provided, single submitter	MODERATE	
GRCh38:17:43067649:T:C	865556	Asn1678Ser	c.5033A>G	2026-08-19	BRCA1 Asn1678Ser	PubMed	42611417		Hormonal contraceptives and cancer risk in women with a BRCA1 or BRCA2 pathogenic variant.	publication	NA	NA	NA			NA	UNCLEAR	
GRCh38:17:43067649:T:C	865556	Asn1678Ser	c.5033A>G	2026-08-19	BRCA1 Asn1678Ser	PubMed	42610144		AI-driven CRISPR strategies in breast cancer: Organoid modeling, adaptive editing, and precision delivery.	publication	NA	NA	NA			NA	UNCLEAR	
GRCh38:17:43067649:T:C	865556	Asn1678Ser	c.5033A>G	2026-08-19	BRCA1 Asn1678Ser	PubMed	42610096		Alliance A022106: A Phase II/III Trial of Nab-Paclitaxel and Gemcitabine ± Cisplatin as Second-Line Treatment for BRCA1/2 or PALB2 Mutant Metastatic Pancreatic Ductal Adenocarcinoma (PLATINUM).	publication	NA	NA	NA			NA	UNCLEAR	
GRCh38:17:43067649:T:C	865556	Asn1678Ser	c.5033A>G	2026-08-19	BRCA1 Asn1678Ser	PubMed	42609953		Adaptive Surgical Decision-Making for Synchronous Metastatic Pancreatic Cancer and Early Breast Cancer with a BRCA1 Pathogenic Variant: A Case Report.	publication	NA	NA	NA			NA	UNCLEAR	
GRCh38:17:43067649:T:C	865556	Asn1678Ser	c.5033A>G	2026-08-19	BRCA1 Asn1678Ser	PubMed	42609763		An Unusual Presentation of Dermatofibrosarcoma Protuberans (DFSP): The Role of Advanced Molecular Testing in Collagen Type I Alpha 1 Chain (COL1A1)-Negative Cases.	publication	NA	NA	NA			NA	UNCLEAR	
GRCh38:17:43067649:T:C	865556	Asn1678Ser	c.5033A>G	2026-08-19	BRCA1 c.5033A>G	PubMed	42609450		Biomarker testing in advanced or metastatic hormone receptor-positive, human epidermal growth factor receptor 2 negative breast cancer: expert recommendations.	publication	NA	NA	NA			NA	UNCLEAR	
GRCh38:17:43067649:T:C	865556	Asn1678Ser	c.5033A>G	2026-08-19	BRCA1 c.5033A>G	PubMed	42581048		A ubiquitin chain-feeding mechanism for BRCA1-A.	publication	NA	NA	NA			NA	UNCLEAR	
GRCh38:17:43067649:T:C	865556	Asn1678Ser	c.5033A>G	2026-08-19	BRCA1 c.5033A>G	PubMed	42572185		Current Advances of Molecular Biomarkers and Liquid Biopsies Techniques in Ovarian Cancer.	publication	NA	NA	NA			NA	UNCLEAR	
GRCh38:17:43067649:T:C	865556	Asn1678Ser	c.5033A>G	2026-08-19	BRCA1 c.5033A>G	PubMed	42558868		Rewired DDR-TGF-β-β-catenin-PD-L1 axis accelerates progression and shapes therapy in human papillomavirus-driven cancer.	publication	NA	NA	NA			NA	UNCLEAR	
GRCh38:17:43067649:T:C	865556	Asn1678Ser	c.5033A>G	2026-08-19	BRCA1 c.5033A>G	PubMed	42513228		Breast Cancer: Epidemiology, Molecular Classification, Diagnostics and Evolving Treatment Paradigms.	publication	NA	NA	NA			NA	UNCLEAR	
GRCh38:17:43104881:G:T	868828	Asp96Glu	c.288C>A	2026-08-19	Findlay SGE (MaveDB)	MaveDB			Findlay et al. 2018 (PMID 30209399)	saturation genome editing	saturation genome editing (HDR)	Asp96Glu	-3.8443814269126295			-3.8443814269126295	HIGH	partial coverage: RING+BRCT domains only
GRCh38:17:43104881:G:T	868828	Asp96Glu	c.288C>A	2026-08-19	ClinVar esummary	ClinVar				clinical interpretation	NA	NA	NA		Uncertain significance	current=Uncertain significance; review=criteria provided, single submitter	MODERATE	
GRCh38:17:43104888:T:G	865628	Gln94Pro	c.281A>C	2026-08-19	Findlay SGE (MaveDB)	MaveDB			Findlay et al. 2018 (PMID 30209399)	saturation genome editing	saturation genome editing (HDR)	Gln94Pro	-1.2029044729423			-1.2029044729423	HIGH	partial coverage: RING+BRCT domains only
GRCh38:17:43104888:T:G	865628	Gln94Pro	c.281A>C	2026-08-19	ClinVar esummary	ClinVar				clinical interpretation	NA	NA	NA		Uncertain significance	current=Uncertain significance; review=criteria provided, single submitter	MODERATE	
GRCh38:17:43104918:T:C	868310	Glu84Gly	c.251A>G	2026-08-19	Findlay SGE (MaveDB)	MaveDB			Findlay et al. 2018 (PMID 30209399)	saturation genome editing	saturation genome editing (HDR)	Glu84Gly	0.0977008263695057			0.0977008263695057	HIGH	partial coverage: RING+BRCT domains only
GRCh38:17:43104918:T:C	868310	Glu84Gly	c.251A>G	2026-08-19	ClinVar esummary	ClinVar				clinical interpretation	NA	NA	NA		Uncertain significance	current=Uncertain significance; review=criteria provided, single submitter	MODERATE	
GRCh38:17:43104925:G:A	868803	Leu82Phe	c.244C>T	2026-08-19	Findlay SGE (MaveDB)	MaveDB			Findlay et al. 2018 (PMID 30209399)	saturation genome editing	saturation genome editing (HDR)	Leu82Phe	-1.79948636614858			-1.79948636614858	HIGH	partial coverage: RING+BRCT domains only
GRCh38:17:43104925:G:A	868803	Leu82Phe	c.244C>T	2026-08-19	ClinVar esummary	ClinVar				clinical interpretation	NA	NA	NA		Uncertain significance	current=Uncertain significance; review=criteria provided, single submitter	MODERATE	
GRCh38:17:43104925:G:A	868803	Leu82Phe	c.244C>T	2026-08-19	BRCA1 Leu82Phe	PubMed	42611417		Hormonal contraceptives and cancer risk in women with a BRCA1 or BRCA2 pathogenic variant.	publication	NA	NA	NA			NA	UNCLEAR	
GRCh38:17:43104925:G:A	868803	Leu82Phe	c.244C>T	2026-08-19	BRCA1 Leu82Phe	PubMed	42610144		AI-driven CRISPR strategies in breast cancer: Organoid modeling, adaptive editing, and precision delivery.	publication	NA	NA	NA			NA	UNCLEAR	
GRCh38:17:43104925:G:A	868803	Leu82Phe	c.244C>T	2026-08-19	BRCA1 Leu82Phe	PubMed	42610096		Alliance A022106: A Phase II/III Trial of Nab-Paclitaxel and Gemcitabine ± Cisplatin as Second-Line Treatment for BRCA1/2 or PALB2 Mutant Metastatic Pancreatic Ductal Adenocarcinoma (PLATINUM).	publication	NA	NA	NA			NA	UNCLEAR	
GRCh38:17:43104925:G:A	868803	Leu82Phe	c.244C>T	2026-08-19	BRCA1 Leu82Phe	PubMed	42609953		Adaptive Surgical Decision-Making for Synchronous Metastatic Pancreatic Cancer and Early Breast Cancer with a BRCA1 Pathogenic Variant: A Case Report.	publication	NA	NA	NA			NA	UNCLEAR	
GRCh38:17:43104925:G:A	868803	Leu82Phe	c.244C>T	2026-08-19	BRCA1 Leu82Phe	PubMed	42609763		An Unusual Presentation of Dermatofibrosarcoma Protuberans (DFSP): The Role of Advanced Molecular Testing in Collagen Type I Alpha 1 Chain (COL1A1)-Negative Cases.	publication	NA	NA	NA			NA	UNCLEAR	
GRCh38:17:43104956:C:A	867971	Arg71Ser	c.213G>T	2026-08-19	Findlay SGE (MaveDB)	MaveDB			Findlay et al. 2018 (PMID 30209399)	saturation genome editing	saturation genome editing (HDR)	Arg71Ser	-2.40516553009356			-2.40516553009356	HIGH	partial coverage: RING+BRCT domains only
GRCh38:17:43104956:C:A	867971	Arg71Ser	c.213G>T	2026-08-19	ClinVar esummary	ClinVar				clinical interpretation	NA	NA	NA		Uncertain significance	current=Uncertain significance; review=criteria provided, single submitter	MODERATE	
GRCh38:17:43104956:C:A	867971	Arg71Ser	c.213G>T	2026-08-19	BRCA1 Arg71Ser	PubMed	42611417		Hormonal contraceptives and cancer risk in women with a BRCA1 or BRCA2 pathogenic variant.	publication	NA	NA	NA			NA	UNCLEAR	
GRCh38:17:43104956:C:A	867971	Arg71Ser	c.213G>T	2026-08-19	BRCA1 Arg71Ser	PubMed	42610144		AI-driven CRISPR strategies in breast cancer: Organoid modeling, adaptive editing, and precision delivery.	publication	NA	NA	NA			NA	UNCLEAR	
GRCh38:17:43104956:C:A	867971	Arg71Ser	c.213G>T	2026-08-19	BRCA1 Arg71Ser	PubMed	42610096		Alliance A022106: A Phase II/III Trial of Nab-Paclitaxel and Gemcitabine ± Cisplatin as Second-Line Treatment for BRCA1/2 or PALB2 Mutant Metastatic Pancreatic Ductal Adenocarcinoma (PLATINUM).	publication	NA	NA	NA			NA	UNCLEAR	
GRCh38:17:43104956:C:A	867971	Arg71Ser	c.213G>T	2026-08-19	BRCA1 Arg71Ser	PubMed	42609953		Adaptive Surgical Decision-Making for Synchronous Metastatic Pancreatic Cancer and Early Breast Cancer with a BRCA1 Pathogenic Variant: A Case Report.	publication	NA	NA	NA			NA	UNCLEAR	
GRCh38:17:43104956:C:A	867971	Arg71Ser	c.213G>T	2026-08-19	BRCA1 Arg71Ser	PubMed	42609763		An Unusual Presentation of Dermatofibrosarcoma Protuberans (DFSP): The Role of Advanced Molecular Testing in Collagen Type I Alpha 1 Chain (COL1A1)-Negative Cases.	publication	NA	NA	NA			NA	UNCLEAR	
GRCh38:17:43104956:C:A	867971	Arg71Ser	c.213G>T	2026-08-19	BRCA1 c.213G>T	PubMed	42610144		AI-driven CRISPR strategies in breast cancer: Organoid modeling, adaptive editing, and precision delivery.	publication	NA	NA	NA			NA	UNCLEAR	
GRCh38:17:43104956:C:A	867971	Arg71Ser	c.213G>T	2026-08-19	BRCA1 c.213G>T	PubMed	42609450		Biomarker testing in advanced or metastatic hormone receptor-positive, human epidermal growth factor receptor 2 negative breast cancer: expert recommendations.	publication	NA	NA	NA			NA	UNCLEAR	
GRCh38:17:43104956:C:A	867971	Arg71Ser	c.213G>T	2026-08-19	BRCA1 c.213G>T	PubMed	42597706		Germline BRCA1 pathogenic variants and T cell dysfunction.	publication	NA	NA	NA			NA	UNCLEAR	
GRCh38:17:43104956:C:A	867971	Arg71Ser	c.213G>T	2026-08-19	BRCA1 c.213G>T	PubMed	42581048		A ubiquitin chain-feeding mechanism for BRCA1-A.	publication	NA	NA	NA			NA	UNCLEAR	
GRCh38:17:43104956:C:A	867971	Arg71Ser	c.213G>T	2026-08-19	BRCA1 c.213G>T	PubMed	42580462		Mechanistic Insights into Genomic Basis of Crosstalk Between Metabolic Reprogramming and Immune Dysfunction in Ovarian Cancer.	publication	NA	NA	NA			NA	UNCLEAR	
GRCh38:17:43106483:G:A	865233	Pro62Leu	c.185C>T	2026-08-19	Findlay SGE (MaveDB)	MaveDB			Findlay et al. 2018 (PMID 30209399)	saturation genome editing	saturation genome editing (HDR)	Pro62Leu	-0.530946091433252			-0.530946091433252	HIGH	partial coverage: RING+BRCT domains only
GRCh38:17:43106483:G:A	865233	Pro62Leu	c.185C>T	2026-08-19	ClinVar esummary	ClinVar				clinical interpretation	NA	NA	NA		Uncertain significance	current=Uncertain significance; review=criteria provided, multiple submitters, no conflicts	MODERATE	
GRCh38:17:43106486:C:A	867923	Cys61Phe	c.182G>T	2026-08-19	Findlay SGE (MaveDB)	MaveDB			Findlay et al. 2018 (PMID 30209399)	saturation genome editing	saturation genome editing (HDR)	Cys61Phe	-1.93751901318034			-1.93751901318034	HIGH	partial coverage: RING+BRCT domains only
GRCh38:17:43106486:C:A	867923	Cys61Phe	c.182G>T	2026-08-19	ClinVar esummary	ClinVar				clinical interpretation	NA	NA	NA		Uncertain significance	current=Uncertain significance; review=criteria provided, single submitter	MODERATE	
GRCh38:17:43106522:A:G	867886	Leu49Pro	c.146T>C	2026-08-19	Findlay SGE (MaveDB)	MaveDB			Findlay et al. 2018 (PMID 30209399)	saturation genome editing	saturation genome editing (HDR)	Leu49Pro	-1.62451858428158			-1.62451858428158	HIGH	partial coverage: RING+BRCT domains only
GRCh38:17:43106522:A:G	867886	Leu49Pro	c.146T>C	2026-08-19	ClinVar esummary	ClinVar				clinical interpretation	NA	NA	NA		Uncertain significance	current=Uncertain significance; review=criteria provided, single submitter	MODERATE	
GRCh38:17:43106522:A:G	867886	Leu49Pro	c.146T>C	2026-08-19	BRCA1 c.146T>C	PubMed	42609450		Biomarker testing in advanced or metastatic hormone receptor-positive, human epidermal growth factor receptor 2 negative breast cancer: expert recommendations.	publication	NA	NA	NA			NA	UNCLEAR	
GRCh38:17:43106522:A:G	867886	Leu49Pro	c.146T>C	2026-08-19	BRCA1 c.146T>C	PubMed	42584742		Real-world clinical outcomes of patients with early-stage TNBC and BRCAm who were treated with adjuvant capecitabine in the United States.	publication	NA	NA	NA			NA	UNCLEAR	
GRCh38:17:43106522:A:G	867886	Leu49Pro	c.146T>C	2026-08-19	BRCA1 c.146T>C	PubMed	42580099		Chemotherapy type and survival in young BRCA1/2 carriers with HER2-negative early breast cancer.	publication	NA	NA	NA			NA	UNCLEAR	
GRCh38:17:43106522:A:G	867886	Leu49Pro	c.146T>C	2026-08-19	BRCA1 c.146T>C	PubMed	42560601		BRCA1-derived peptide constructs exhibit sequence-dependent features compatible with modulation of the p53-MDM2 axis.	publication	NA	NA	NA			NA	UNCLEAR	
GRCh38:17:43106522:A:G	867886	Leu49Pro	c.146T>C	2026-08-19	BRCA1 c.146T>C	PubMed	42524928		Whole-genome sequencing in Brazilian patients with neurofibromatosis type 1, including novel variants, incidental findings, and dual diagnoses.	publication	NA	NA	NA			NA	UNCLEAR	
GRCh38:17:43071067:G:A	923712	Ala1616Val	c.4847C>T	2026-08-19	Findlay SGE (MaveDB)	MaveDB			Findlay et al. 2018 (PMID 30209399)	saturation genome editing	saturation genome editing (HDR)	Ala1616Val					HIGH	partial coverage: RING+BRCT domains only
GRCh38:17:43071067:G:A	923712	Ala1616Val	c.4847C>T	2026-08-19	ClinVar esummary	ClinVar				clinical interpretation	NA	NA	NA		Uncertain significance	current=Uncertain significance; review=criteria provided, multiple submitters, no conflicts	MODERATE	
GRCh38:17:43071067:G:A	923712	Ala1616Val	c.4847C>T	2026-08-19	BRCA1 Ala1616Val	PubMed	42611417		Hormonal contraceptives and cancer risk in women with a BRCA1 or BRCA2 pathogenic variant.	publication	NA	NA	NA			NA	UNCLEAR	
GRCh38:17:43071067:G:A	923712	Ala1616Val	c.4847C>T	2026-08-19	BRCA1 Ala1616Val	PubMed	42610144		AI-driven CRISPR strategies in breast cancer: Organoid modeling, adaptive editing, and precision delivery.	publication	NA	NA	NA			NA	UNCLEAR	
GRCh38:17:43071067:G:A	923712	Ala1616Val	c.4847C>T	2026-08-19	BRCA1 Ala1616Val	PubMed	42610096		Alliance A022106: A Phase II/III Trial of Nab-Paclitaxel and Gemcitabine ± Cisplatin as Second-Line Treatment for BRCA1/2 or PALB2 Mutant Metastatic Pancreatic Ductal Adenocarcinoma (PLATINUM).	publication	NA	NA	NA			NA	UNCLEAR	
GRCh38:17:43071067:G:A	923712	Ala1616Val	c.4847C>T	2026-08-19	BRCA1 Ala1616Val	PubMed	42609953		Adaptive Surgical Decision-Making for Synchronous Metastatic Pancreatic Cancer and Early Breast Cancer with a BRCA1 Pathogenic Variant: A Case Report.	publication	NA	NA	NA			NA	UNCLEAR	
GRCh38:17:43071067:G:A	923712	Ala1616Val	c.4847C>T	2026-08-19	BRCA1 Ala1616Val	PubMed	42609763		An Unusual Presentation of Dermatofibrosarcoma Protuberans (DFSP): The Role of Advanced Molecular Testing in Collagen Type I Alpha 1 Chain (COL1A1)-Negative Cases.	publication	NA	NA	NA			NA	UNCLEAR	
GRCh38:17:43071067:G:A	923712	Ala1616Val	c.4847C>T	2026-08-19	BRCA1 c.4847C>T	PubMed	42610144		AI-driven CRISPR strategies in breast cancer: Organoid modeling, adaptive editing, and precision delivery.	publication	NA	NA	NA			NA	UNCLEAR	
GRCh38:17:43071067:G:A	923712	Ala1616Val	c.4847C>T	2026-08-19	BRCA1 c.4847C>T	PubMed	42609450		Biomarker testing in advanced or metastatic hormone receptor-positive, human epidermal growth factor receptor 2 negative breast cancer: expert recommendations.	publication	NA	NA	NA			NA	UNCLEAR	
GRCh38:17:43071067:G:A	923712	Ala1616Val	c.4847C>T	2026-08-19	BRCA1 c.4847C>T	PubMed	42597706		Germline BRCA1 pathogenic variants and T cell dysfunction.	publication	NA	NA	NA			NA	UNCLEAR	
GRCh38:17:43071067:G:A	923712	Ala1616Val	c.4847C>T	2026-08-19	BRCA1 c.4847C>T	PubMed	42581048		A ubiquitin chain-feeding mechanism for BRCA1-A.	publication	NA	NA	NA			NA	UNCLEAR	
GRCh38:17:43071067:G:A	923712	Ala1616Val	c.4847C>T	2026-08-19	BRCA1 c.4847C>T	PubMed	42580462		Mechanistic Insights into Genomic Basis of Crosstalk Between Metabolic Reprogramming and Immune Dysfunction in Ovarian Cancer.	publication	NA	NA	NA			NA	UNCLEAR	
GRCh38:17:43076584:T:A	920532	Tyr1463Phe	c.4388A>T	2026-08-19	Findlay SGE (MaveDB)	MaveDB			Findlay et al. 2018 (PMID 30209399)	saturation genome editing	saturation genome editing (HDR)	Tyr1463Phe					HIGH	partial coverage: RING+BRCT domains only
GRCh38:17:43076584:T:A	920532	Tyr1463Phe	c.4388A>T	2026-08-19	ClinVar esummary	ClinVar				clinical interpretation	NA	NA	NA		Uncertain significance	current=Uncertain significance; review=criteria provided, multiple submitters, no conflicts	MODERATE	
GRCh38:17:43082463:A:G	924219	Ile1433Thr	c.4298T>C	2026-08-19	Findlay SGE (MaveDB)	MaveDB			Findlay et al. 2018 (PMID 30209399)	saturation genome editing	saturation genome editing (HDR)	Ile1433Thr					HIGH	partial coverage: RING+BRCT domains only
GRCh38:17:43082463:A:G	924219	Ile1433Thr	c.4298T>C	2026-08-19	ClinVar esummary	ClinVar				clinical interpretation	NA	NA	NA		Uncertain significance	current=Uncertain significance; review=criteria provided, single submitter	MODERATE	
GRCh38:17:43082499:T:G	924853	His1421Pro	c.4262A>C	2026-08-19	Findlay SGE (MaveDB)	MaveDB			Findlay et al. 2018 (PMID 30209399)	saturation genome editing	saturation genome editing (HDR)	His1421Pro					HIGH	partial coverage: RING+BRCT domains only
GRCh38:17:43082499:T:G	924853	His1421Pro	c.4262A>C	2026-08-19	ClinVar esummary	ClinVar				clinical interpretation	NA	NA	NA		Uncertain significance	current=Uncertain significance; review=criteria provided, multiple submitters, no conflicts	MODERATE	
GRCh38:17:43082532:T:A	918553	Glu1410Val	c.4229A>T	2026-08-19	Findlay SGE (MaveDB)	MaveDB			Findlay et al. 2018 (PMID 30209399)	saturation genome editing	saturation genome editing (HDR)	Glu1410Val					HIGH	partial coverage: RING+BRCT domains only
GRCh38:17:43082532:T:A	918553	Glu1410Val	c.4229A>T	2026-08-19	ClinVar esummary	ClinVar				clinical interpretation	NA	NA	NA		Uncertain significance	current=Uncertain significance; review=criteria provided, single submitter	MODERATE	
GRCh38:17:43082535:T:A	921480	Gln1409Leu	c.4226A>T	2026-08-19	Findlay SGE (MaveDB)	MaveDB			Findlay et al. 2018 (PMID 30209399)	saturation genome editing	saturation genome editing (HDR)	Gln1409Leu					HIGH	partial coverage: RING+BRCT domains only
GRCh38:17:43082535:T:A	921480	Gln1409Leu	c.4226A>T	2026-08-19	ClinVar esummary	ClinVar				clinical interpretation	NA	NA	NA		Uncertain significance	current=Uncertain significance; review=criteria provided, multiple submitters, no conflicts	MODERATE	
GRCh38:17:43104870:T:G	920309	Glu100Ala	c.299A>C	2026-08-19	Findlay SGE (MaveDB)	MaveDB			Findlay et al. 2018 (PMID 30209399)	saturation genome editing	saturation genome editing (HDR)	Glu100Ala					HIGH	partial coverage: RING+BRCT domains only
GRCh38:17:43104870:T:G	920309	Glu100Ala	c.299A>C	2026-08-19	ClinVar esummary	ClinVar				clinical interpretation	NA	NA	NA		Uncertain significance	current=Uncertain significance; review=criteria provided, multiple submitters, no conflicts	MODERATE	
GRCh38:17:43076506:T:A	951768	Lys1489Ile	c.4466A>T	2026-08-19	Findlay SGE (MaveDB)	MaveDB			Findlay et al. 2018 (PMID 30209399)	saturation genome editing	saturation genome editing (HDR)	Lys1489Ile					HIGH	partial coverage: RING+BRCT domains only
GRCh38:17:43076506:T:A	951768	Lys1489Ile	c.4466A>T	2026-08-19	ClinVar esummary	ClinVar				clinical interpretation	NA	NA	NA		Uncertain significance	current=Uncertain significance; review=criteria provided, multiple submitters, no conflicts	MODERATE	
GRCh38:17:43076507:T:C	951096	Lys1489Glu	c.4465A>G	2026-08-19	Findlay SGE (MaveDB)	MaveDB			Findlay et al. 2018 (PMID 30209399)	saturation genome editing	saturation genome editing (HDR)	Lys1489Glu					HIGH	partial coverage: RING+BRCT domains only
GRCh38:17:43076507:T:C	951096	Lys1489Glu	c.4465A>G	2026-08-19	ClinVar esummary	ClinVar				clinical interpretation	NA	NA	NA		Uncertain significance	current=Uncertain significance; review=criteria provided, multiple submitters, no conflicts	MODERATE	
GRCh38:17:43076507:T:C	951096	Lys1489Glu	c.4465A>G	2026-08-19	BRCA1 Lys1489Glu	PubMed	42611417		Hormonal contraceptives and cancer risk in women with a BRCA1 or BRCA2 pathogenic variant.	publication	NA	NA	NA			NA	UNCLEAR	
GRCh38:17:43076507:T:C	951096	Lys1489Glu	c.4465A>G	2026-08-19	BRCA1 Lys1489Glu	PubMed	42610144		AI-driven CRISPR strategies in breast cancer: Organoid modeling, adaptive editing, and precision delivery.	publication	NA	NA	NA			NA	UNCLEAR	
GRCh38:17:43076507:T:C	951096	Lys1489Glu	c.4465A>G	2026-08-19	BRCA1 Lys1489Glu	PubMed	42610096		Alliance A022106: A Phase II/III Trial of Nab-Paclitaxel and Gemcitabine ± Cisplatin as Second-Line Treatment for BRCA1/2 or PALB2 Mutant Metastatic Pancreatic Ductal Adenocarcinoma (PLATINUM).	publication	NA	NA	NA			NA	UNCLEAR	
GRCh38:17:43076507:T:C	951096	Lys1489Glu	c.4465A>G	2026-08-19	BRCA1 Lys1489Glu	PubMed	42609953		Adaptive Surgical Decision-Making for Synchronous Metastatic Pancreatic Cancer and Early Breast Cancer with a BRCA1 Pathogenic Variant: A Case Report.	publication	NA	NA	NA			NA	UNCLEAR	
GRCh38:17:43076507:T:C	951096	Lys1489Glu	c.4465A>G	2026-08-19	BRCA1 Lys1489Glu	PubMed	42609763		An Unusual Presentation of Dermatofibrosarcoma Protuberans (DFSP): The Role of Advanced Molecular Testing in Collagen Type I Alpha 1 Chain (COL1A1)-Negative Cases.	publication	NA	NA	NA			NA	UNCLEAR	
GRCh38:17:43076507:T:C	951096	Lys1489Glu	c.4465A>G	2026-08-19	BRCA1 c.4465A>G	PubMed	42609450		Biomarker testing in advanced or metastatic hormone receptor-positive, human epidermal growth factor receptor 2 negative breast cancer: expert recommendations.	publication	NA	NA	NA			NA	UNCLEAR	
GRCh38:17:43076507:T:C	951096	Lys1489Glu	c.4465A>G	2026-08-19	BRCA1 c.4465A>G	PubMed	42581048		A ubiquitin chain-feeding mechanism for BRCA1-A.	publication	NA	NA	NA			NA	UNCLEAR	
GRCh38:17:43076507:T:C	951096	Lys1489Glu	c.4465A>G	2026-08-19	BRCA1 c.4465A>G	PubMed	42572185		Current Advances of Molecular Biomarkers and Liquid Biopsies Techniques in Ovarian Cancer.	publication	NA	NA	NA			NA	UNCLEAR	
GRCh38:17:43076507:T:C	951096	Lys1489Glu	c.4465A>G	2026-08-19	BRCA1 c.4465A>G	PubMed	42558868		Rewired DDR-TGF-β-β-catenin-PD-L1 axis accelerates progression and shapes therapy in human papillomavirus-driven cancer.	publication	NA	NA	NA			NA	UNCLEAR	
GRCh38:17:43076507:T:C	951096	Lys1489Glu	c.4465A>G	2026-08-19	BRCA1 c.4465A>G	PubMed	42513228		Breast Cancer: Epidemiology, Molecular Classification, Diagnostics and Evolving Treatment Paradigms.	publication	NA	NA	NA			NA	UNCLEAR	
GRCh38:17:43076530:G:A	946648	Ala1481Val	c.4442C>T	2026-08-19	Findlay SGE (MaveDB)	MaveDB			Findlay et al. 2018 (PMID 30209399)	saturation genome editing	saturation genome editing (HDR)	Ala1481Val					HIGH	partial coverage: RING+BRCT domains only
GRCh38:17:43076530:G:A	946648	Ala1481Val	c.4442C>T	2026-08-19	ClinVar esummary	ClinVar				clinical interpretation	NA	NA	NA		Uncertain significance	current=Uncertain significance; review=criteria provided, multiple submitters, no conflicts	MODERATE	
GRCh38:17:43076595:T:A	952219	Lys1459Asn	c.4377A>T	2026-08-19	Findlay SGE (MaveDB)	MaveDB			Findlay et al. 2018 (PMID 30209399)	saturation genome editing	saturation genome editing (HDR)	Lys1459Asn					HIGH	partial coverage: RING+BRCT domains only
GRCh38:17:43076595:T:A	952219	Lys1459Asn	c.4377A>T	2026-08-19	ClinVar esummary	ClinVar				clinical interpretation	NA	NA	NA		Uncertain significance	current=Uncertain significance; review=criteria provided, multiple submitters, no conflicts	MODERATE	
GRCh38:17:43082438:G:T	951122	Asp1441Glu	c.4323C>A	2026-08-19	Findlay SGE (MaveDB)	MaveDB			Findlay et al. 2018 (PMID 30209399)	saturation genome editing	saturation genome editing (HDR)	Asp1441Glu					HIGH	partial coverage: RING+BRCT domains only
GRCh38:17:43082438:G:T	951122	Asp1441Glu	c.4323C>A	2026-08-19	ClinVar esummary	ClinVar				clinical interpretation	NA	NA	NA		Uncertain significance	current=Uncertain significance; review=criteria provided, single submitter	MODERATE	
GRCh38:17:43082472:G:A	950626	Pro1430Leu	c.4289C>T	2026-08-19	Findlay SGE (MaveDB)	MaveDB			Findlay et al. 2018 (PMID 30209399)	saturation genome editing	saturation genome editing (HDR)	Pro1430Leu					HIGH	partial coverage: RING+BRCT domains only
GRCh38:17:43082472:G:A	950626	Pro1430Leu	c.4289C>T	2026-08-19	ClinVar esummary	ClinVar				clinical interpretation	NA	NA	NA		Uncertain significance	current=Uncertain significance; review=criteria provided, multiple submitters, no conflicts	MODERATE	
GRCh38:17:43082472:G:A	950626	Pro1430Leu	c.4289C>T	2026-08-19	BRCA1 Pro1430Leu	PubMed	42611417		Hormonal contraceptives and cancer risk in women with a BRCA1 or BRCA2 pathogenic variant.	publication	NA	NA	NA			NA	UNCLEAR	
GRCh38:17:43082472:G:A	950626	Pro1430Leu	c.4289C>T	2026-08-19	BRCA1 Pro1430Leu	PubMed	42610144		AI-driven CRISPR strategies in breast cancer: Organoid modeling, adaptive editing, and precision delivery.	publication	NA	NA	NA			NA	UNCLEAR	
GRCh38:17:43082472:G:A	950626	Pro1430Leu	c.4289C>T	2026-08-19	BRCA1 Pro1430Leu	PubMed	42610096		Alliance A022106: A Phase II/III Trial of Nab-Paclitaxel and Gemcitabine ± Cisplatin as Second-Line Treatment for BRCA1/2 or PALB2 Mutant Metastatic Pancreatic Ductal Adenocarcinoma (PLATINUM).	publication	NA	NA	NA			NA	UNCLEAR	
GRCh38:17:43082472:G:A	950626	Pro1430Leu	c.4289C>T	2026-08-19	BRCA1 Pro1430Leu	PubMed	42609953		Adaptive Surgical Decision-Making for Synchronous Metastatic Pancreatic Cancer and Early Breast Cancer with a BRCA1 Pathogenic Variant: A Case Report.	publication	NA	NA	NA			NA	UNCLEAR	
GRCh38:17:43082472:G:A	950626	Pro1430Leu	c.4289C>T	2026-08-19	BRCA1 Pro1430Leu	PubMed	42609763		An Unusual Presentation of Dermatofibrosarcoma Protuberans (DFSP): The Role of Advanced Molecular Testing in Collagen Type I Alpha 1 Chain (COL1A1)-Negative Cases.	publication	NA	NA	NA			NA	UNCLEAR	
GRCh38:17:43082472:G:A	950626	Pro1430Leu	c.4289C>T	2026-08-19	BRCA1 c.4289C>T	PubMed	42610144		AI-driven CRISPR strategies in breast cancer: Organoid modeling, adaptive editing, and precision delivery.	publication	NA	NA	NA			NA	UNCLEAR	
GRCh38:17:43082472:G:A	950626	Pro1430Leu	c.4289C>T	2026-08-19	BRCA1 c.4289C>T	PubMed	42609450		Biomarker testing in advanced or metastatic hormone receptor-positive, human epidermal growth factor receptor 2 negative breast cancer: expert recommendations.	publication	NA	NA	NA			NA	UNCLEAR	
GRCh38:17:43082472:G:A	950626	Pro1430Leu	c.4289C>T	2026-08-19	BRCA1 c.4289C>T	PubMed	42597706		Germline BRCA1 pathogenic variants and T cell dysfunction.	publication	NA	NA	NA			NA	UNCLEAR	
GRCh38:17:43082472:G:A	950626	Pro1430Leu	c.4289C>T	2026-08-19	BRCA1 c.4289C>T	PubMed	42581048		A ubiquitin chain-feeding mechanism for BRCA1-A.	publication	NA	NA	NA			NA	UNCLEAR	
GRCh38:17:43082472:G:A	950626	Pro1430Leu	c.4289C>T	2026-08-19	BRCA1 c.4289C>T	PubMed	42580462		Mechanistic Insights into Genomic Basis of Crosstalk Between Metabolic Reprogramming and Immune Dysfunction in Ovarian Cancer.	publication	NA	NA	NA			NA	UNCLEAR	
GRCh38:17:43082493:C:T	946942	Ser1423Asn	c.4268G>A	2026-08-19	Findlay SGE (MaveDB)	MaveDB			Findlay et al. 2018 (PMID 30209399)	saturation genome editing	saturation genome editing (HDR)	Ser1423Asn					HIGH	partial coverage: RING+BRCT domains only
GRCh38:17:43082493:C:T	946942	Ser1423Asn	c.4268G>A	2026-08-19	ClinVar esummary	ClinVar				clinical interpretation	NA	NA	NA		Uncertain significance	current=Uncertain significance; review=criteria provided, multiple submitters, no conflicts	MODERATE	
GRCh38:17:43082493:C:T	946942	Ser1423Asn	c.4268G>A	2026-08-19	BRCA1 c.4268G>A	PubMed	42611417		Hormonal contraceptives and cancer risk in women with a BRCA1 or BRCA2 pathogenic variant.	publication	NA	NA	NA			NA	UNCLEAR	
GRCh38:17:43082493:C:T	946942	Ser1423Asn	c.4268G>A	2026-08-19	BRCA1 c.4268G>A	PubMed	42610144		AI-driven CRISPR strategies in breast cancer: Organoid modeling, adaptive editing, and precision delivery.	publication	NA	NA	NA			NA	UNCLEAR	
GRCh38:17:43082493:C:T	946942	Ser1423Asn	c.4268G>A	2026-08-19	BRCA1 c.4268G>A	PubMed	42610096		Alliance A022106: A Phase II/III Trial of Nab-Paclitaxel and Gemcitabine ± Cisplatin as Second-Line Treatment for BRCA1/2 or PALB2 Mutant Metastatic Pancreatic Ductal Adenocarcinoma (PLATINUM).	publication	NA	NA	NA			NA	UNCLEAR	
GRCh38:17:43082493:C:T	946942	Ser1423Asn	c.4268G>A	2026-08-19	BRCA1 c.4268G>A	PubMed	42609953		Adaptive Surgical Decision-Making for Synchronous Metastatic Pancreatic Cancer and Early Breast Cancer with a BRCA1 Pathogenic Variant: A Case Report.	publication	NA	NA	NA			NA	UNCLEAR	
GRCh38:17:43082493:C:T	946942	Ser1423Asn	c.4268G>A	2026-08-19	BRCA1 c.4268G>A	PubMed	42609763		An Unusual Presentation of Dermatofibrosarcoma Protuberans (DFSP): The Role of Advanced Molecular Testing in Collagen Type I Alpha 1 Chain (COL1A1)-Negative Cases.	publication	NA	NA	NA			NA	UNCLEAR	
GRCh38:17:43076585:A:T	938286	Tyr1463Asn	c.4387T>A	2026-08-19	Findlay SGE (MaveDB)	MaveDB			Findlay et al. 2018 (PMID 30209399)	saturation genome editing	saturation genome editing (HDR)	Tyr1463Asn					HIGH	partial coverage: RING+BRCT domains only
GRCh38:17:43076585:A:T	938286	Tyr1463Asn	c.4387T>A	2026-08-19	ClinVar esummary	ClinVar				clinical interpretation	NA	NA	NA		Uncertain significance	current=Uncertain significance; review=criteria provided, multiple submitters, no conflicts	MODERATE	
GRCh38:17:43076599:T:A	934818	Gln1458Leu	c.4373A>T	2026-08-19	Findlay SGE (MaveDB)	MaveDB			Findlay et al. 2018 (PMID 30209399)	saturation genome editing	saturation genome editing (HDR)	Gln1458Leu					HIGH	partial coverage: RING+BRCT domains only
GRCh38:17:43076599:T:A	934818	Gln1458Leu	c.4373A>T	2026-08-19	ClinVar esummary	ClinVar				clinical interpretation	NA	NA	NA		Uncertain significance	current=Uncertain significance; review=criteria provided, multiple submitters, no conflicts	MODERATE	
GRCh38:17:43076599:T:A	934818	Gln1458Leu	c.4373A>T	2026-08-19	BRCA1 Gln1458Leu	PubMed	42611417		Hormonal contraceptives and cancer risk in women with a BRCA1 or BRCA2 pathogenic variant.	publication	NA	NA	NA			NA	UNCLEAR	
GRCh38:17:43076599:T:A	934818	Gln1458Leu	c.4373A>T	2026-08-19	BRCA1 Gln1458Leu	PubMed	42610144		AI-driven CRISPR strategies in breast cancer: Organoid modeling, adaptive editing, and precision delivery.	publication	NA	NA	NA			NA	UNCLEAR	
GRCh38:17:43076599:T:A	934818	Gln1458Leu	c.4373A>T	2026-08-19	BRCA1 Gln1458Leu	PubMed	42610096		Alliance A022106: A Phase II/III Trial of Nab-Paclitaxel and Gemcitabine ± Cisplatin as Second-Line Treatment for BRCA1/2 or PALB2 Mutant Metastatic Pancreatic Ductal Adenocarcinoma (PLATINUM).	publication	NA	NA	NA			NA	UNCLEAR	
GRCh38:17:43076599:T:A	934818	Gln1458Leu	c.4373A>T	2026-08-19	BRCA1 Gln1458Leu	PubMed	42609953		Adaptive Surgical Decision-Making for Synchronous Metastatic Pancreatic Cancer and Early Breast Cancer with a BRCA1 Pathogenic Variant: A Case Report.	publication	NA	NA	NA			NA	UNCLEAR	
GRCh38:17:43076599:T:A	934818	Gln1458Leu	c.4373A>T	2026-08-19	BRCA1 Gln1458Leu	PubMed	42609763		An Unusual Presentation of Dermatofibrosarcoma Protuberans (DFSP): The Role of Advanced Molecular Testing in Collagen Type I Alpha 1 Chain (COL1A1)-Negative Cases.	publication	NA	NA	NA			NA	UNCLEAR	
GRCh38:17:43076599:T:A	934818	Gln1458Leu	c.4373A>T	2026-08-19	BRCA1 c.4373A>T	PubMed	42610144		AI-driven CRISPR strategies in breast cancer: Organoid modeling, adaptive editing, and precision delivery.	publication	NA	NA	NA			NA	UNCLEAR	
GRCh38:17:43076599:T:A	934818	Gln1458Leu	c.4373A>T	2026-08-19	BRCA1 c.4373A>T	PubMed	42609450		Biomarker testing in advanced or metastatic hormone receptor-positive, human epidermal growth factor receptor 2 negative breast cancer: expert recommendations.	publication	NA	NA	NA			NA	UNCLEAR	
GRCh38:17:43076599:T:A	934818	Gln1458Leu	c.4373A>T	2026-08-19	BRCA1 c.4373A>T	PubMed	42597706		Germline BRCA1 pathogenic variants and T cell dysfunction.	publication	NA	NA	NA			NA	UNCLEAR	
GRCh38:17:43076599:T:A	934818	Gln1458Leu	c.4373A>T	2026-08-19	BRCA1 c.4373A>T	PubMed	42581048		A ubiquitin chain-feeding mechanism for BRCA1-A.	publication	NA	NA	NA			NA	UNCLEAR	
GRCh38:17:43076599:T:A	934818	Gln1458Leu	c.4373A>T	2026-08-19	BRCA1 c.4373A>T	PubMed	42580462		Mechanistic Insights into Genomic Basis of Crosstalk Between Metabolic Reprogramming and Immune Dysfunction in Ovarian Cancer.	publication	NA	NA	NA			NA	UNCLEAR	
GRCh38:17:43099869:A:C	937709	Ser151Arg	c.453T>G	2026-08-19	Findlay SGE (MaveDB)	MaveDB			Findlay et al. 2018 (PMID 30209399)	saturation genome editing	saturation genome editing (HDR)	Ser151Arg					HIGH	partial coverage: RING+BRCT domains only
GRCh38:17:43099869:A:C	937709	Ser151Arg	c.453T>G	2026-08-19	ClinVar esummary	ClinVar				clinical interpretation	NA	NA	NA		Uncertain significance	current=Uncertain significance; review=criteria provided, multiple submitters, no conflicts	MODERATE	
GRCh38:17:43076500:G:C	953812	Pro1491Arg	c.4472C>G	2026-08-19	Findlay SGE (MaveDB)	MaveDB			Findlay et al. 2018 (PMID 30209399)	saturation genome editing	saturation genome editing (HDR)	Pro1491Arg					HIGH	partial coverage: RING+BRCT domains only
GRCh38:17:43076500:G:C	953812	Pro1491Arg	c.4472C>G	2026-08-19	ClinVar esummary	ClinVar				clinical interpretation	NA	NA	NA		Uncertain significance	current=Uncertain significance; review=criteria provided, single submitter	MODERATE	
GRCh38:17:43090979:C:A	964444	Gly1384Trp	c.4150G>T	2026-08-19	Findlay SGE (MaveDB)	MaveDB			Findlay et al. 2018 (PMID 30209399)	saturation genome editing	saturation genome editing (HDR)	Gly1384Trp					HIGH	partial coverage: RING+BRCT domains only
GRCh38:17:43090979:C:A	964444	Gly1384Trp	c.4150G>T	2026-08-19	ClinVar esummary	ClinVar				clinical interpretation	NA	NA	NA		Uncertain significance	current=Uncertain significance; review=criteria provided, multiple submitters, no conflicts	MODERATE	
GRCh38:17:43090979:C:A	964444	Gly1384Trp	c.4150G>T	2026-08-19	BRCA1 Gly1384Trp	PubMed	42611417		Hormonal contraceptives and cancer risk in women with a BRCA1 or BRCA2 pathogenic variant.	publication	NA	NA	NA			NA	UNCLEAR	
GRCh38:17:43090979:C:A	964444	Gly1384Trp	c.4150G>T	2026-08-19	BRCA1 Gly1384Trp	PubMed	42610144		AI-driven CRISPR strategies in breast cancer: Organoid modeling, adaptive editing, and precision delivery.	publication	NA	NA	NA			NA	UNCLEAR	
GRCh38:17:43090979:C:A	964444	Gly1384Trp	c.4150G>T	2026-08-19	BRCA1 Gly1384Trp	PubMed	42610096		Alliance A022106: A Phase II/III Trial of Nab-Paclitaxel and Gemcitabine ± Cisplatin as Second-Line Treatment for BRCA1/2 or PALB2 Mutant Metastatic Pancreatic Ductal Adenocarcinoma (PLATINUM).	publication	NA	NA	NA			NA	UNCLEAR	
GRCh38:17:43090979:C:A	964444	Gly1384Trp	c.4150G>T	2026-08-19	BRCA1 Gly1384Trp	PubMed	42609953		Adaptive Surgical Decision-Making for Synchronous Metastatic Pancreatic Cancer and Early Breast Cancer with a BRCA1 Pathogenic Variant: A Case Report.	publication	NA	NA	NA			NA	UNCLEAR	
GRCh38:17:43090979:C:A	964444	Gly1384Trp	c.4150G>T	2026-08-19	BRCA1 Gly1384Trp	PubMed	42609763		An Unusual Presentation of Dermatofibrosarcoma Protuberans (DFSP): The Role of Advanced Molecular Testing in Collagen Type I Alpha 1 Chain (COL1A1)-Negative Cases.	publication	NA	NA	NA			NA	UNCLEAR	
GRCh38:17:43104222:G:A	958403	Ser114Phe	c.341C>T	2026-08-19	Findlay SGE (MaveDB)	MaveDB			Findlay et al. 2018 (PMID 30209399)	saturation genome editing	saturation genome editing (HDR)	Ser114Phe					HIGH	partial coverage: RING+BRCT domains only
GRCh38:17:43104222:G:A	958403	Ser114Phe	c.341C>T	2026-08-19	ClinVar esummary	ClinVar				clinical interpretation	NA	NA	NA		Uncertain significance	current=Uncertain significance; review=criteria provided, multiple submitters, no conflicts	MODERATE	
GRCh38:17:43091017:C:G	993166	Gly1371Ala	c.4112G>C	2026-08-19	Findlay SGE (MaveDB)	MaveDB			Findlay et al. 2018 (PMID 30209399)	saturation genome editing	saturation genome editing (HDR)	Gly1371Ala					HIGH	partial coverage: RING+BRCT domains only
GRCh38:17:43091017:C:G	993166	Gly1371Ala	c.4112G>C	2026-08-19	ClinVar esummary	ClinVar				clinical interpretation	NA	NA	NA		Uncertain significance	current=Uncertain significance; review=criteria provided, multiple submitters, no conflicts	MODERATE	
GRCh38:17:43076527:T:G	1009272	Asp1482Ala	c.4445A>C	2026-08-19	Findlay SGE (MaveDB)	MaveDB			Findlay et al. 2018 (PMID 30209399)	saturation genome editing	saturation genome editing (HDR)	Asp1482Ala					HIGH	partial coverage: RING+BRCT domains only
GRCh38:17:43076527:T:G	1009272	Asp1482Ala	c.4445A>C	2026-08-19	ClinVar esummary	ClinVar				clinical interpretation	NA	NA	NA		Uncertain significance	current=Uncertain significance; review=criteria provided, multiple submitters, no conflicts	MODERATE	
GRCh38:17:43082428:G:A	1005598	Pro1445Ser	c.4333C>T	2026-08-19	Findlay SGE (MaveDB)	MaveDB			Findlay et al. 2018 (PMID 30209399)	saturation genome editing	saturation genome editing (HDR)	Pro1445Ser					HIGH	partial coverage: RING+BRCT domains only
GRCh38:17:43082428:G:A	1005598	Pro1445Ser	c.4333C>T	2026-08-19	ClinVar esummary	ClinVar				clinical interpretation	NA	NA	NA		Uncertain significance	current=Uncertain significance; review=criteria provided, multiple submitters, no conflicts	MODERATE	
GRCh38:17:43076495:C:A	1024428	Val1493Leu	c.4477G>T	2026-08-19	Findlay SGE (MaveDB)	MaveDB			Findlay et al. 2018 (PMID 30209399)	saturation genome editing	saturation genome editing (HDR)	Val1493Leu					HIGH	partial coverage: RING+BRCT domains only
GRCh38:17:43076495:C:A	1024428	Val1493Leu	c.4477G>T	2026-08-19	ClinVar esummary	ClinVar				clinical interpretation	NA	NA	NA		Uncertain significance	current=Uncertain significance; review=criteria provided, multiple submitters, no conflicts	MODERATE	
GRCh38:17:43076569:T:G	1014065	Asn1468Thr	c.4403A>C	2026-08-19	Findlay SGE (MaveDB)	MaveDB			Findlay et al. 2018 (PMID 30209399)	saturation genome editing	saturation genome editing (HDR)	Asn1468Thr					HIGH	partial coverage: RING+BRCT domains only
GRCh38:17:43076569:T:G	1014065	Asn1468Thr	c.4403A>C	2026-08-19	ClinVar esummary	ClinVar				clinical interpretation	NA	NA	NA		Uncertain significance	current=Uncertain significance; review=criteria provided, multiple submitters, no conflicts	MODERATE	
GRCh38:17:43090966:T:C	1020675	Gln1388Arg	c.4163A>G	2026-08-19	Findlay SGE (MaveDB)	MaveDB			Findlay et al. 2018 (PMID 30209399)	saturation genome editing	saturation genome editing (HDR)	Gln1388Arg					HIGH	partial coverage: RING+BRCT domains only
GRCh38:17:43090966:T:C	1020675	Gln1388Arg	c.4163A>G	2026-08-19	ClinVar esummary	ClinVar				clinical interpretation	NA	NA	NA		Uncertain significance	current=Uncertain significance; review=criteria provided, multiple submitters, no conflicts	MODERATE	
GRCh38:17:43090966:T:C	1020675	Gln1388Arg	c.4163A>G	2026-08-19	BRCA1 Gln1388Arg	PubMed	42611417		Hormonal contraceptives and cancer risk in women with a BRCA1 or BRCA2 pathogenic variant.	publication	NA	NA	NA			NA	UNCLEAR	
GRCh38:17:43090966:T:C	1020675	Gln1388Arg	c.4163A>G	2026-08-19	BRCA1 Gln1388Arg	PubMed	42610144		AI-driven CRISPR strategies in breast cancer: Organoid modeling, adaptive editing, and precision delivery.	publication	NA	NA	NA			NA	UNCLEAR	
GRCh38:17:43090966:T:C	1020675	Gln1388Arg	c.4163A>G	2026-08-19	BRCA1 Gln1388Arg	PubMed	42610096		Alliance A022106: A Phase II/III Trial of Nab-Paclitaxel and Gemcitabine ± Cisplatin as Second-Line Treatment for BRCA1/2 or PALB2 Mutant Metastatic Pancreatic Ductal Adenocarcinoma (PLATINUM).	publication	NA	NA	NA			NA	UNCLEAR	
GRCh38:17:43090966:T:C	1020675	Gln1388Arg	c.4163A>G	2026-08-19	BRCA1 Gln1388Arg	PubMed	42609953		Adaptive Surgical Decision-Making for Synchronous Metastatic Pancreatic Cancer and Early Breast Cancer with a BRCA1 Pathogenic Variant: A Case Report.	publication	NA	NA	NA			NA	UNCLEAR	
GRCh38:17:43090966:T:C	1020675	Gln1388Arg	c.4163A>G	2026-08-19	BRCA1 Gln1388Arg	PubMed	42609763		An Unusual Presentation of Dermatofibrosarcoma Protuberans (DFSP): The Role of Advanced Molecular Testing in Collagen Type I Alpha 1 Chain (COL1A1)-Negative Cases.	publication	NA	NA	NA			NA	UNCLEAR	
GRCh38:17:43090966:T:C	1020675	Gln1388Arg	c.4163A>G	2026-08-19	BRCA1 c.4163A>G	PubMed	42609450		Biomarker testing in advanced or metastatic hormone receptor-positive, human epidermal growth factor receptor 2 negative breast cancer: expert recommendations.	publication	NA	NA	NA			NA	UNCLEAR	
GRCh38:17:43090966:T:C	1020675	Gln1388Arg	c.4163A>G	2026-08-19	BRCA1 c.4163A>G	PubMed	42581048		A ubiquitin chain-feeding mechanism for BRCA1-A.	publication	NA	NA	NA			NA	UNCLEAR	
GRCh38:17:43090966:T:C	1020675	Gln1388Arg	c.4163A>G	2026-08-19	BRCA1 c.4163A>G	PubMed	42572185		Current Advances of Molecular Biomarkers and Liquid Biopsies Techniques in Ovarian Cancer.	publication	NA	NA	NA			NA	UNCLEAR	
GRCh38:17:43090966:T:C	1020675	Gln1388Arg	c.4163A>G	2026-08-19	BRCA1 c.4163A>G	PubMed	42558868		Rewired DDR-TGF-β-β-catenin-PD-L1 axis accelerates progression and shapes therapy in human papillomavirus-driven cancer.	publication	NA	NA	NA			NA	UNCLEAR	
GRCh38:17:43090966:T:C	1020675	Gln1388Arg	c.4163A>G	2026-08-19	BRCA1 c.4163A>G	PubMed	42513228		Breast Cancer: Epidemiology, Molecular Classification, Diagnostics and Evolving Treatment Paradigms.	publication	NA	NA	NA			NA	UNCLEAR	
GRCh38:17:43076538:C:A	1035284	Glu1478Asp	c.4434G>T	2026-08-19	Findlay SGE (MaveDB)	MaveDB			Findlay et al. 2018 (PMID 30209399)	saturation genome editing	saturation genome editing (HDR)	Glu1478Asp					HIGH	partial coverage: RING+BRCT domains only
GRCh38:17:43076538:C:A	1035284	Glu1478Asp	c.4434G>T	2026-08-19	ClinVar esummary	ClinVar				clinical interpretation	NA	NA	NA		Uncertain significance	current=Uncertain significance; review=criteria provided, multiple submitters, no conflicts	MODERATE	
GRCh38:17:43076538:C:A	1035284	Glu1478Asp	c.4434G>T	2026-08-19	BRCA1 Glu1478Asp	PubMed	42611417		Hormonal contraceptives and cancer risk in women with a BRCA1 or BRCA2 pathogenic variant.	publication	NA	NA	NA			NA	UNCLEAR	
GRCh38:17:43076538:C:A	1035284	Glu1478Asp	c.4434G>T	2026-08-19	BRCA1 Glu1478Asp	PubMed	42610144		AI-driven CRISPR strategies in breast cancer: Organoid modeling, adaptive editing, and precision delivery.	publication	NA	NA	NA			NA	UNCLEAR	
GRCh38:17:43076538:C:A	1035284	Glu1478Asp	c.4434G>T	2026-08-19	BRCA1 Glu1478Asp	PubMed	42610096		Alliance A022106: A Phase II/III Trial of Nab-Paclitaxel and Gemcitabine ± Cisplatin as Second-Line Treatment for BRCA1/2 or PALB2 Mutant Metastatic Pancreatic Ductal Adenocarcinoma (PLATINUM).	publication	NA	NA	NA			NA	UNCLEAR	
GRCh38:17:43076538:C:A	1035284	Glu1478Asp	c.4434G>T	2026-08-19	BRCA1 Glu1478Asp	PubMed	42609953		Adaptive Surgical Decision-Making for Synchronous Metastatic Pancreatic Cancer and Early Breast Cancer with a BRCA1 Pathogenic Variant: A Case Report.	publication	NA	NA	NA			NA	UNCLEAR	
GRCh38:17:43076538:C:A	1035284	Glu1478Asp	c.4434G>T	2026-08-19	BRCA1 Glu1478Asp	PubMed	42609763		An Unusual Presentation of Dermatofibrosarcoma Protuberans (DFSP): The Role of Advanced Molecular Testing in Collagen Type I Alpha 1 Chain (COL1A1)-Negative Cases.	publication	NA	NA	NA			NA	UNCLEAR	
GRCh38:17:43076538:C:A	1035284	Glu1478Asp	c.4434G>T	2026-08-19	BRCA1 c.4434G>T	PubMed	42610144		AI-driven CRISPR strategies in breast cancer: Organoid modeling, adaptive editing, and precision delivery.	publication	NA	NA	NA			NA	UNCLEAR	
GRCh38:17:43076538:C:A	1035284	Glu1478Asp	c.4434G>T	2026-08-19	BRCA1 c.4434G>T	PubMed	42609450		Biomarker testing in advanced or metastatic hormone receptor-positive, human epidermal growth factor receptor 2 negative breast cancer: expert recommendations.	publication	NA	NA	NA			NA	UNCLEAR	
GRCh38:17:43076538:C:A	1035284	Glu1478Asp	c.4434G>T	2026-08-19	BRCA1 c.4434G>T	PubMed	42597706		Germline BRCA1 pathogenic variants and T cell dysfunction.	publication	NA	NA	NA			NA	UNCLEAR	
GRCh38:17:43076538:C:A	1035284	Glu1478Asp	c.4434G>T	2026-08-19	BRCA1 c.4434G>T	PubMed	42581048		A ubiquitin chain-feeding mechanism for BRCA1-A.	publication	NA	NA	NA			NA	UNCLEAR	
GRCh38:17:43076538:C:A	1035284	Glu1478Asp	c.4434G>T	2026-08-19	BRCA1 c.4434G>T	PubMed	42580462		Mechanistic Insights into Genomic Basis of Crosstalk Between Metabolic Reprogramming and Immune Dysfunction in Ovarian Cancer.	publication	NA	NA	NA			NA	UNCLEAR	
GRCh38:17:43104135:T:C	1044896	Glu143Gly	c.428A>G	2026-08-19	Findlay SGE (MaveDB)	MaveDB			Findlay et al. 2018 (PMID 30209399)	saturation genome editing	saturation genome editing (HDR)	Glu143Gly					HIGH	partial coverage: RING+BRCT domains only
GRCh38:17:43104135:T:C	1044896	Glu143Gly	c.428A>G	2026-08-19	ClinVar esummary	ClinVar				clinical interpretation	NA	NA	NA		Uncertain significance	current=Uncertain significance; review=criteria provided, single submitter	MODERATE	
GRCh38:17:43104135:T:C	1044896	Glu143Gly	c.428A>G	2026-08-19	BRCA1 Glu143Gly	PubMed	42611417		Hormonal contraceptives and cancer risk in women with a BRCA1 or BRCA2 pathogenic variant.	publication	NA	NA	NA			NA	UNCLEAR	
GRCh38:17:43104135:T:C	1044896	Glu143Gly	c.428A>G	2026-08-19	BRCA1 Glu143Gly	PubMed	42610144		AI-driven CRISPR strategies in breast cancer: Organoid modeling, adaptive editing, and precision delivery.	publication	NA	NA	NA			NA	UNCLEAR	
GRCh38:17:43104135:T:C	1044896	Glu143Gly	c.428A>G	2026-08-19	BRCA1 Glu143Gly	PubMed	42610096		Alliance A022106: A Phase II/III Trial of Nab-Paclitaxel and Gemcitabine ± Cisplatin as Second-Line Treatment for BRCA1/2 or PALB2 Mutant Metastatic Pancreatic Ductal Adenocarcinoma (PLATINUM).	publication	NA	NA	NA			NA	UNCLEAR	
GRCh38:17:43104135:T:C	1044896	Glu143Gly	c.428A>G	2026-08-19	BRCA1 Glu143Gly	PubMed	42609953		Adaptive Surgical Decision-Making for Synchronous Metastatic Pancreatic Cancer and Early Breast Cancer with a BRCA1 Pathogenic Variant: A Case Report.	publication	NA	NA	NA			NA	UNCLEAR	
GRCh38:17:43104135:T:C	1044896	Glu143Gly	c.428A>G	2026-08-19	BRCA1 Glu143Gly	PubMed	42609763		An Unusual Presentation of Dermatofibrosarcoma Protuberans (DFSP): The Role of Advanced Molecular Testing in Collagen Type I Alpha 1 Chain (COL1A1)-Negative Cases.	publication	NA	NA	NA			NA	UNCLEAR	
GRCh38:17:43104135:T:C	1044896	Glu143Gly	c.428A>G	2026-08-19	BRCA1 c.428A>G	PubMed	42609450		Biomarker testing in advanced or metastatic hormone receptor-positive, human epidermal growth factor receptor 2 negative breast cancer: expert recommendations.	publication	NA	NA	NA			NA	UNCLEAR	
GRCh38:17:43104135:T:C	1044896	Glu143Gly	c.428A>G	2026-08-19	BRCA1 c.428A>G	PubMed	42581048		A ubiquitin chain-feeding mechanism for BRCA1-A.	publication	NA	NA	NA			NA	UNCLEAR	
GRCh38:17:43104135:T:C	1044896	Glu143Gly	c.428A>G	2026-08-19	BRCA1 c.428A>G	PubMed	42572185		Current Advances of Molecular Biomarkers and Liquid Biopsies Techniques in Ovarian Cancer.	publication	NA	NA	NA			NA	UNCLEAR	
GRCh38:17:43104135:T:C	1044896	Glu143Gly	c.428A>G	2026-08-19	BRCA1 c.428A>G	PubMed	42558868		Rewired DDR-TGF-β-β-catenin-PD-L1 axis accelerates progression and shapes therapy in human papillomavirus-driven cancer.	publication	NA	NA	NA			NA	UNCLEAR	
GRCh38:17:43104135:T:C	1044896	Glu143Gly	c.428A>G	2026-08-19	BRCA1 c.428A>G	PubMed	42513228		Breast Cancer: Epidemiology, Molecular Classification, Diagnostics and Evolving Treatment Paradigms.	publication	NA	NA	NA			NA	UNCLEAR	
GRCh38:17:43082467:T:C	1049902	Ile1432Val	c.4294A>G	2026-08-19	Findlay SGE (MaveDB)	MaveDB			Findlay et al. 2018 (PMID 30209399)	saturation genome editing	saturation genome editing (HDR)	Ile1432Val					HIGH	partial coverage: RING+BRCT domains only
GRCh38:17:43082467:T:C	1049902	Ile1432Val	c.4294A>G	2026-08-19	ClinVar esummary	ClinVar				clinical interpretation	NA	NA	NA		Uncertain significance	current=Uncertain significance; review=criteria provided, multiple submitters, no conflicts	MODERATE	
GRCh38:17:43082467:T:C	1049902	Ile1432Val	c.4294A>G	2026-08-19	BRCA1 Ile1432Val	PubMed	42611417		Hormonal contraceptives and cancer risk in women with a BRCA1 or BRCA2 pathogenic variant.	publication	NA	NA	NA			NA	UNCLEAR	
GRCh38:17:43082467:T:C	1049902	Ile1432Val	c.4294A>G	2026-08-19	BRCA1 Ile1432Val	PubMed	42610144		AI-driven CRISPR strategies in breast cancer: Organoid modeling, adaptive editing, and precision delivery.	publication	NA	NA	NA			NA	UNCLEAR	
GRCh38:17:43082467:T:C	1049902	Ile1432Val	c.4294A>G	2026-08-19	BRCA1 Ile1432Val	PubMed	42610096		Alliance A022106: A Phase II/III Trial of Nab-Paclitaxel and Gemcitabine ± Cisplatin as Second-Line Treatment for BRCA1/2 or PALB2 Mutant Metastatic Pancreatic Ductal Adenocarcinoma (PLATINUM).	publication	NA	NA	NA			NA	UNCLEAR	
GRCh38:17:43082467:T:C	1049902	Ile1432Val	c.4294A>G	2026-08-19	BRCA1 Ile1432Val	PubMed	42609953		Adaptive Surgical Decision-Making for Synchronous Metastatic Pancreatic Cancer and Early Breast Cancer with a BRCA1 Pathogenic Variant: A Case Report.	publication	NA	NA	NA			NA	UNCLEAR	
GRCh38:17:43082467:T:C	1049902	Ile1432Val	c.4294A>G	2026-08-19	BRCA1 Ile1432Val	PubMed	42609763		An Unusual Presentation of Dermatofibrosarcoma Protuberans (DFSP): The Role of Advanced Molecular Testing in Collagen Type I Alpha 1 Chain (COL1A1)-Negative Cases.	publication	NA	NA	NA			NA	UNCLEAR	
GRCh38:17:43082467:T:C	1049902	Ile1432Val	c.4294A>G	2026-08-19	BRCA1 c.4294A>G	PubMed	42609450		Biomarker testing in advanced or metastatic hormone receptor-positive, human epidermal growth factor receptor 2 negative breast cancer: expert recommendations.	publication	NA	NA	NA			NA	UNCLEAR	
GRCh38:17:43082467:T:C	1049902	Ile1432Val	c.4294A>G	2026-08-19	BRCA1 c.4294A>G	PubMed	42581048		A ubiquitin chain-feeding mechanism for BRCA1-A.	publication	NA	NA	NA			NA	UNCLEAR	
GRCh38:17:43082467:T:C	1049902	Ile1432Val	c.4294A>G	2026-08-19	BRCA1 c.4294A>G	PubMed	42572185		Current Advances of Molecular Biomarkers and Liquid Biopsies Techniques in Ovarian Cancer.	publication	NA	NA	NA			NA	UNCLEAR	
GRCh38:17:43082467:T:C	1049902	Ile1432Val	c.4294A>G	2026-08-19	BRCA1 c.4294A>G	PubMed	42558868		Rewired DDR-TGF-β-β-catenin-PD-L1 axis accelerates progression and shapes therapy in human papillomavirus-driven cancer.	publication	NA	NA	NA			NA	UNCLEAR	
GRCh38:17:43082467:T:C	1049902	Ile1432Val	c.4294A>G	2026-08-19	BRCA1 c.4294A>G	PubMed	42513228		Breast Cancer: Epidemiology, Molecular Classification, Diagnostics and Evolving Treatment Paradigms.	publication	NA	NA	NA			NA	UNCLEAR	
GRCh38:17:43082454:G:A	1059740	Ser1436Phe	c.4307C>T	2026-08-19	Findlay SGE (MaveDB)	MaveDB			Findlay et al. 2018 (PMID 30209399)	saturation genome editing	saturation genome editing (HDR)	Ser1436Phe					HIGH	partial coverage: RING+BRCT domains only
GRCh38:17:43082454:G:A	1059740	Ser1436Phe	c.4307C>T	2026-08-19	ClinVar esummary	ClinVar				clinical interpretation	NA	NA	NA		Uncertain significance	current=Uncertain significance; review=criteria provided, single submitter	MODERATE	
GRCh38:17:43082454:G:A	1059740	Ser1436Phe	c.4307C>T	2026-08-19	BRCA1 Ser1436Phe	PubMed	42611417		Hormonal contraceptives and cancer risk in women with a BRCA1 or BRCA2 pathogenic variant.	publication	NA	NA	NA			NA	UNCLEAR	
GRCh38:17:43082454:G:A	1059740	Ser1436Phe	c.4307C>T	2026-08-19	BRCA1 Ser1436Phe	PubMed	42610144		AI-driven CRISPR strategies in breast cancer: Organoid modeling, adaptive editing, and precision delivery.	publication	NA	NA	NA			NA	UNCLEAR	
GRCh38:17:43082454:G:A	1059740	Ser1436Phe	c.4307C>T	2026-08-19	BRCA1 Ser1436Phe	PubMed	42610096		Alliance A022106: A Phase II/III Trial of Nab-Paclitaxel and Gemcitabine ± Cisplatin as Second-Line Treatment for BRCA1/2 or PALB2 Mutant Metastatic Pancreatic Ductal Adenocarcinoma (PLATINUM).	publication	NA	NA	NA			NA	UNCLEAR	
GRCh38:17:43082454:G:A	1059740	Ser1436Phe	c.4307C>T	2026-08-19	BRCA1 Ser1436Phe	PubMed	42609953		Adaptive Surgical Decision-Making for Synchronous Metastatic Pancreatic Cancer and Early Breast Cancer with a BRCA1 Pathogenic Variant: A Case Report.	publication	NA	NA	NA			NA	UNCLEAR	
GRCh38:17:43082454:G:A	1059740	Ser1436Phe	c.4307C>T	2026-08-19	BRCA1 Ser1436Phe	PubMed	42609763		An Unusual Presentation of Dermatofibrosarcoma Protuberans (DFSP): The Role of Advanced Molecular Testing in Collagen Type I Alpha 1 Chain (COL1A1)-Negative Cases.	publication	NA	NA	NA			NA	UNCLEAR	
GRCh38:17:43082454:G:A	1059740	Ser1436Phe	c.4307C>T	2026-08-19	BRCA1 c.4307C>T	PubMed	42610144		AI-driven CRISPR strategies in breast cancer: Organoid modeling, adaptive editing, and precision delivery.	publication	NA	NA	NA			NA	UNCLEAR	
GRCh38:17:43082454:G:A	1059740	Ser1436Phe	c.4307C>T	2026-08-19	BRCA1 c.4307C>T	PubMed	42609450		Biomarker testing in advanced or metastatic hormone receptor-positive, human epidermal growth factor receptor 2 negative breast cancer: expert recommendations.	publication	NA	NA	NA			NA	UNCLEAR	
GRCh38:17:43082454:G:A	1059740	Ser1436Phe	c.4307C>T	2026-08-19	BRCA1 c.4307C>T	PubMed	42597706		Germline BRCA1 pathogenic variants and T cell dysfunction.	publication	NA	NA	NA			NA	UNCLEAR	
GRCh38:17:43082454:G:A	1059740	Ser1436Phe	c.4307C>T	2026-08-19	BRCA1 c.4307C>T	PubMed	42581048		A ubiquitin chain-feeding mechanism for BRCA1-A.	publication	NA	NA	NA			NA	UNCLEAR	
GRCh38:17:43082454:G:A	1059740	Ser1436Phe	c.4307C>T	2026-08-19	BRCA1 c.4307C>T	PubMed	42580462		Mechanistic Insights into Genomic Basis of Crosstalk Between Metabolic Reprogramming and Immune Dysfunction in Ovarian Cancer.	publication	NA	NA	NA			NA	UNCLEAR	
GRCh38:17:43082568:T:A	1064293	Asp1398Val	c.4193A>T	2026-08-19	Findlay SGE (MaveDB)	MaveDB			Findlay et al. 2018 (PMID 30209399)	saturation genome editing	saturation genome editing (HDR)	Asp1398Val					HIGH	partial coverage: RING+BRCT domains only
GRCh38:17:43082568:T:A	1064293	Asp1398Val	c.4193A>T	2026-08-19	ClinVar esummary	ClinVar				clinical interpretation	NA	NA	NA		Uncertain significance	current=Uncertain significance; review=criteria provided, multiple submitters, no conflicts	MODERATE	
GRCh38:17:43082568:T:A	1064293	Asp1398Val	c.4193A>T	2026-08-19	BRCA1 Asp1398Val	PubMed	42611417		Hormonal contraceptives and cancer risk in women with a BRCA1 or BRCA2 pathogenic variant.	publication	NA	NA	NA			NA	UNCLEAR	
GRCh38:17:43082568:T:A	1064293	Asp1398Val	c.4193A>T	2026-08-19	BRCA1 Asp1398Val	PubMed	42610144		AI-driven CRISPR strategies in breast cancer: Organoid modeling, adaptive editing, and precision delivery.	publication	NA	NA	NA			NA	UNCLEAR	
GRCh38:17:43082568:T:A	1064293	Asp1398Val	c.4193A>T	2026-08-19	BRCA1 Asp1398Val	PubMed	42610096		Alliance A022106: A Phase II/III Trial of Nab-Paclitaxel and Gemcitabine ± Cisplatin as Second-Line Treatment for BRCA1/2 or PALB2 Mutant Metastatic Pancreatic Ductal Adenocarcinoma (PLATINUM).	publication	NA	NA	NA			NA	UNCLEAR	
GRCh38:17:43082568:T:A	1064293	Asp1398Val	c.4193A>T	2026-08-19	BRCA1 Asp1398Val	PubMed	42609953		Adaptive Surgical Decision-Making for Synchronous Metastatic Pancreatic Cancer and Early Breast Cancer with a BRCA1 Pathogenic Variant: A Case Report.	publication	NA	NA	NA			NA	UNCLEAR	
GRCh38:17:43082568:T:A	1064293	Asp1398Val	c.4193A>T	2026-08-19	BRCA1 Asp1398Val	PubMed	42609763		An Unusual Presentation of Dermatofibrosarcoma Protuberans (DFSP): The Role of Advanced Molecular Testing in Collagen Type I Alpha 1 Chain (COL1A1)-Negative Cases.	publication	NA	NA	NA			NA	UNCLEAR	
GRCh38:17:43082568:T:A	1064293	Asp1398Val	c.4193A>T	2026-08-19	BRCA1 c.4193A>T	PubMed	42610144		AI-driven CRISPR strategies in breast cancer: Organoid modeling, adaptive editing, and precision delivery.	publication	NA	NA	NA			NA	UNCLEAR	
GRCh38:17:43082568:T:A	1064293	Asp1398Val	c.4193A>T	2026-08-19	BRCA1 c.4193A>T	PubMed	42609450		Biomarker testing in advanced or metastatic hormone receptor-positive, human epidermal growth factor receptor 2 negative breast cancer: expert recommendations.	publication	NA	NA	NA			NA	UNCLEAR	
GRCh38:17:43082568:T:A	1064293	Asp1398Val	c.4193A>T	2026-08-19	BRCA1 c.4193A>T	PubMed	42597706		Germline BRCA1 pathogenic variants and T cell dysfunction.	publication	NA	NA	NA			NA	UNCLEAR	
GRCh38:17:43082568:T:A	1064293	Asp1398Val	c.4193A>T	2026-08-19	BRCA1 c.4193A>T	PubMed	42581048		A ubiquitin chain-feeding mechanism for BRCA1-A.	publication	NA	NA	NA			NA	UNCLEAR	
GRCh38:17:43082568:T:A	1064293	Asp1398Val	c.4193A>T	2026-08-19	BRCA1 c.4193A>T	PubMed	42580462		Mechanistic Insights into Genomic Basis of Crosstalk Between Metabolic Reprogramming and Immune Dysfunction in Ovarian Cancer.	publication	NA	NA	NA			NA	UNCLEAR	
GRCh38:17:43076497:C:A	1172378	Gly1492Val	c.4475G>T	2026-08-19	Findlay SGE (MaveDB)	MaveDB			Findlay et al. 2018 (PMID 30209399)	saturation genome editing	saturation genome editing (HDR)	Gly1492Val					HIGH	partial coverage: RING+BRCT domains only
GRCh38:17:43076497:C:A	1172378	Gly1492Val	c.4475G>T	2026-08-19	ClinVar esummary	ClinVar				clinical interpretation	NA	NA	NA		Uncertain significance	current=Uncertain significance; review=criteria provided, single submitter	MODERATE	
GRCh38:17:43099863:A:T	1330109	Ser153Arg	c.459T>A	2026-08-19	Findlay SGE (MaveDB)	MaveDB			Findlay et al. 2018 (PMID 30209399)	saturation genome editing	saturation genome editing (HDR)	Ser153Arg					HIGH	partial coverage: RING+BRCT domains only
GRCh38:17:43099863:A:T	1330109	Ser153Arg	c.459T>A	2026-08-19	ClinVar esummary	ClinVar				clinical interpretation	NA	NA	NA		Uncertain significance	current=Uncertain significance; review=criteria provided, multiple submitters, no conflicts	MODERATE	
GRCh38:17:43082404:C:T	1491600	Ala1453Thr	c.4357G>A	2026-08-19	Findlay SGE (MaveDB)	MaveDB			Findlay et al. 2018 (PMID 30209399)	saturation genome editing	saturation genome editing (HDR)	Ala1453Thr					HIGH	partial coverage: RING+BRCT domains only
GRCh38:17:43082404:C:T	1491600	Ala1453Thr	c.4357G>A	2026-08-19	ClinVar esummary	ClinVar				clinical interpretation	NA	NA	NA		Uncertain significance	current=Uncertain significance; review=criteria provided, multiple submitters, no conflicts	MODERATE	
GRCh38:17:43082404:C:T	1491600	Ala1453Thr	c.4357G>A	2026-08-19	BRCA1 Ala1453Thr	PubMed	42611417		Hormonal contraceptives and cancer risk in women with a BRCA1 or BRCA2 pathogenic variant.	publication	NA	NA	NA			NA	UNCLEAR	
GRCh38:17:43082404:C:T	1491600	Ala1453Thr	c.4357G>A	2026-08-19	BRCA1 Ala1453Thr	PubMed	42610144		AI-driven CRISPR strategies in breast cancer: Organoid modeling, adaptive editing, and precision delivery.	publication	NA	NA	NA			NA	UNCLEAR	
GRCh38:17:43082404:C:T	1491600	Ala1453Thr	c.4357G>A	2026-08-19	BRCA1 Ala1453Thr	PubMed	42610096		Alliance A022106: A Phase II/III Trial of Nab-Paclitaxel and Gemcitabine ± Cisplatin as Second-Line Treatment for BRCA1/2 or PALB2 Mutant Metastatic Pancreatic Ductal Adenocarcinoma (PLATINUM).	publication	NA	NA	NA			NA	UNCLEAR	
GRCh38:17:43082404:C:T	1491600	Ala1453Thr	c.4357G>A	2026-08-19	BRCA1 Ala1453Thr	PubMed	42609953		Adaptive Surgical Decision-Making for Synchronous Metastatic Pancreatic Cancer and Early Breast Cancer with a BRCA1 Pathogenic Variant: A Case Report.	publication	NA	NA	NA			NA	UNCLEAR	
GRCh38:17:43082404:C:T	1491600	Ala1453Thr	c.4357G>A	2026-08-19	BRCA1 Ala1453Thr	PubMed	42609763		An Unusual Presentation of Dermatofibrosarcoma Protuberans (DFSP): The Role of Advanced Molecular Testing in Collagen Type I Alpha 1 Chain (COL1A1)-Negative Cases.	publication	NA	NA	NA			NA	UNCLEAR	
GRCh38:17:43082404:C:T	1491600	Ala1453Thr	c.4357G>A	2026-08-19	BRCA1 c.4357G>A	PubMed	42611417		Hormonal contraceptives and cancer risk in women with a BRCA1 or BRCA2 pathogenic variant.	publication	NA	NA	NA			NA	UNCLEAR	
GRCh38:17:43082404:C:T	1491600	Ala1453Thr	c.4357G>A	2026-08-19	BRCA1 c.4357G>A	PubMed	42610144		AI-driven CRISPR strategies in breast cancer: Organoid modeling, adaptive editing, and precision delivery.	publication	NA	NA	NA			NA	UNCLEAR	
GRCh38:17:43082404:C:T	1491600	Ala1453Thr	c.4357G>A	2026-08-19	BRCA1 c.4357G>A	PubMed	42610096		Alliance A022106: A Phase II/III Trial of Nab-Paclitaxel and Gemcitabine ± Cisplatin as Second-Line Treatment for BRCA1/2 or PALB2 Mutant Metastatic Pancreatic Ductal Adenocarcinoma (PLATINUM).	publication	NA	NA	NA			NA	UNCLEAR	
GRCh38:17:43082404:C:T	1491600	Ala1453Thr	c.4357G>A	2026-08-19	BRCA1 c.4357G>A	PubMed	42609953		Adaptive Surgical Decision-Making for Synchronous Metastatic Pancreatic Cancer and Early Breast Cancer with a BRCA1 Pathogenic Variant: A Case Report.	publication	NA	NA	NA			NA	UNCLEAR	
GRCh38:17:43082404:C:T	1491600	Ala1453Thr	c.4357G>A	2026-08-19	BRCA1 c.4357G>A	PubMed	42609763		An Unusual Presentation of Dermatofibrosarcoma Protuberans (DFSP): The Role of Advanced Molecular Testing in Collagen Type I Alpha 1 Chain (COL1A1)-Negative Cases.	publication	NA	NA	NA			NA	UNCLEAR	
GRCh38:17:43076614:G:T	1479797	Ala1453Glu	c.4358C>A	2026-08-19	Findlay SGE (MaveDB)	MaveDB			Findlay et al. 2018 (PMID 30209399)	saturation genome editing	saturation genome editing (HDR)	Ala1453Glu					HIGH	partial coverage: RING+BRCT domains only
GRCh38:17:43076614:G:T	1479797	Ala1453Glu	c.4358C>A	2026-08-19	ClinVar esummary	ClinVar				clinical interpretation	NA	NA	NA		Uncertain significance	current=Uncertain significance; review=criteria provided, multiple submitters, no conflicts	MODERATE	
GRCh38:17:43076614:G:T	1479797	Ala1453Glu	c.4358C>A	2026-08-19	BRCA1 Ala1453Glu	PubMed	42611417		Hormonal contraceptives and cancer risk in women with a BRCA1 or BRCA2 pathogenic variant.	publication	NA	NA	NA			NA	UNCLEAR	
GRCh38:17:43076614:G:T	1479797	Ala1453Glu	c.4358C>A	2026-08-19	BRCA1 Ala1453Glu	PubMed	42610144		AI-driven CRISPR strategies in breast cancer: Organoid modeling, adaptive editing, and precision delivery.	publication	NA	NA	NA			NA	UNCLEAR	
GRCh38:17:43076614:G:T	1479797	Ala1453Glu	c.4358C>A	2026-08-19	BRCA1 Ala1453Glu	PubMed	42610096		Alliance A022106: A Phase II/III Trial of Nab-Paclitaxel and Gemcitabine ± Cisplatin as Second-Line Treatment for BRCA1/2 or PALB2 Mutant Metastatic Pancreatic Ductal Adenocarcinoma (PLATINUM).	publication	NA	NA	NA			NA	UNCLEAR	
GRCh38:17:43076614:G:T	1479797	Ala1453Glu	c.4358C>A	2026-08-19	BRCA1 Ala1453Glu	PubMed	42609953		Adaptive Surgical Decision-Making for Synchronous Metastatic Pancreatic Cancer and Early Breast Cancer with a BRCA1 Pathogenic Variant: A Case Report.	publication	NA	NA	NA			NA	UNCLEAR	
GRCh38:17:43076614:G:T	1479797	Ala1453Glu	c.4358C>A	2026-08-19	BRCA1 Ala1453Glu	PubMed	42609763		An Unusual Presentation of Dermatofibrosarcoma Protuberans (DFSP): The Role of Advanced Molecular Testing in Collagen Type I Alpha 1 Chain (COL1A1)-Negative Cases.	publication	NA	NA	NA			NA	UNCLEAR	
GRCh38:17:43076614:G:T	1479797	Ala1453Glu	c.4358C>A	2026-08-19	BRCA1 c.4358C>A	PubMed	42611417		Hormonal contraceptives and cancer risk in women with a BRCA1 or BRCA2 pathogenic variant.	publication	NA	NA	NA			NA	UNCLEAR	
GRCh38:17:43076614:G:T	1479797	Ala1453Glu	c.4358C>A	2026-08-19	BRCA1 c.4358C>A	PubMed	42610144		AI-driven CRISPR strategies in breast cancer: Organoid modeling, adaptive editing, and precision delivery.	publication	NA	NA	NA			NA	UNCLEAR	
GRCh38:17:43076614:G:T	1479797	Ala1453Glu	c.4358C>A	2026-08-19	BRCA1 c.4358C>A	PubMed	42610096		Alliance A022106: A Phase II/III Trial of Nab-Paclitaxel and Gemcitabine ± Cisplatin as Second-Line Treatment for BRCA1/2 or PALB2 Mutant Metastatic Pancreatic Ductal Adenocarcinoma (PLATINUM).	publication	NA	NA	NA			NA	UNCLEAR	
GRCh38:17:43076614:G:T	1479797	Ala1453Glu	c.4358C>A	2026-08-19	BRCA1 c.4358C>A	PubMed	42609953		Adaptive Surgical Decision-Making for Synchronous Metastatic Pancreatic Cancer and Early Breast Cancer with a BRCA1 Pathogenic Variant: A Case Report.	publication	NA	NA	NA			NA	UNCLEAR	
GRCh38:17:43076614:G:T	1479797	Ala1453Glu	c.4358C>A	2026-08-19	BRCA1 c.4358C>A	PubMed	42609763		An Unusual Presentation of Dermatofibrosarcoma Protuberans (DFSP): The Role of Advanced Molecular Testing in Collagen Type I Alpha 1 Chain (COL1A1)-Negative Cases.	publication	NA	NA	NA			NA	UNCLEAR	
GRCh38:17:43082406:T:G	1346271	Lys1452Thr	c.4355A>C	2026-08-19	Findlay SGE (MaveDB)	MaveDB			Findlay et al. 2018 (PMID 30209399)	saturation genome editing	saturation genome editing (HDR)	Lys1452Thr					HIGH	partial coverage: RING+BRCT domains only
GRCh38:17:43082406:T:G	1346271	Lys1452Thr	c.4355A>C	2026-08-19	ClinVar esummary	ClinVar				clinical interpretation	NA	NA	NA		Uncertain significance	current=Uncertain significance; review=criteria provided, single submitter	MODERATE	
GRCh38:17:43076528:C:T	1500055	Asp1482Asn	c.4444G>A	2026-08-19	Findlay SGE (MaveDB)	MaveDB			Findlay et al. 2018 (PMID 30209399)	saturation genome editing	saturation genome editing (HDR)	Asp1482Asn					HIGH	partial coverage: RING+BRCT domains only
GRCh38:17:43076528:C:T	1500055	Asp1482Asn	c.4444G>A	2026-08-19	ClinVar esummary	ClinVar				clinical interpretation	NA	NA	NA		Uncertain significance	current=Uncertain significance; review=criteria provided, multiple submitters, no conflicts	MODERATE	
GRCh38:17:43071121:G:A	1446083	Ser1598Phe	c.4793C>T	2026-08-19	Findlay SGE (MaveDB)	MaveDB			Findlay et al. 2018 (PMID 30209399)	saturation genome editing	saturation genome editing (HDR)	Ser1598Phe					HIGH	partial coverage: RING+BRCT domains only
GRCh38:17:43071121:G:A	1446083	Ser1598Phe	c.4793C>T	2026-08-19	ClinVar esummary	ClinVar				clinical interpretation	NA	NA	NA		Uncertain significance	current=Uncertain significance; review=criteria provided, single submitter	MODERATE	
GRCh38:17:43071121:G:A	1446083	Ser1598Phe	c.4793C>T	2026-08-19	BRCA1 Ser1598Phe	PubMed	42611417		Hormonal contraceptives and cancer risk in women with a BRCA1 or BRCA2 pathogenic variant.	publication	NA	NA	NA			NA	UNCLEAR	
GRCh38:17:43071121:G:A	1446083	Ser1598Phe	c.4793C>T	2026-08-19	BRCA1 Ser1598Phe	PubMed	42610144		AI-driven CRISPR strategies in breast cancer: Organoid modeling, adaptive editing, and precision delivery.	publication	NA	NA	NA			NA	UNCLEAR	
GRCh38:17:43071121:G:A	1446083	Ser1598Phe	c.4793C>T	2026-08-19	BRCA1 Ser1598Phe	PubMed	42610096		Alliance A022106: A Phase II/III Trial of Nab-Paclitaxel and Gemcitabine ± Cisplatin as Second-Line Treatment for BRCA1/2 or PALB2 Mutant Metastatic Pancreatic Ductal Adenocarcinoma (PLATINUM).	publication	NA	NA	NA			NA	UNCLEAR	
GRCh38:17:43071121:G:A	1446083	Ser1598Phe	c.4793C>T	2026-08-19	BRCA1 Ser1598Phe	PubMed	42609953		Adaptive Surgical Decision-Making for Synchronous Metastatic Pancreatic Cancer and Early Breast Cancer with a BRCA1 Pathogenic Variant: A Case Report.	publication	NA	NA	NA			NA	UNCLEAR	
GRCh38:17:43071121:G:A	1446083	Ser1598Phe	c.4793C>T	2026-08-19	BRCA1 Ser1598Phe	PubMed	42609763		An Unusual Presentation of Dermatofibrosarcoma Protuberans (DFSP): The Role of Advanced Molecular Testing in Collagen Type I Alpha 1 Chain (COL1A1)-Negative Cases.	publication	NA	NA	NA			NA	UNCLEAR	
GRCh38:17:43071121:G:A	1446083	Ser1598Phe	c.4793C>T	2026-08-19	BRCA1 c.4793C>T	PubMed	42610144		AI-driven CRISPR strategies in breast cancer: Organoid modeling, adaptive editing, and precision delivery.	publication	NA	NA	NA			NA	UNCLEAR	
GRCh38:17:43071121:G:A	1446083	Ser1598Phe	c.4793C>T	2026-08-19	BRCA1 c.4793C>T	PubMed	42609450		Biomarker testing in advanced or metastatic hormone receptor-positive, human epidermal growth factor receptor 2 negative breast cancer: expert recommendations.	publication	NA	NA	NA			NA	UNCLEAR	
GRCh38:17:43071121:G:A	1446083	Ser1598Phe	c.4793C>T	2026-08-19	BRCA1 c.4793C>T	PubMed	42597706		Germline BRCA1 pathogenic variants and T cell dysfunction.	publication	NA	NA	NA			NA	UNCLEAR	
GRCh38:17:43071121:G:A	1446083	Ser1598Phe	c.4793C>T	2026-08-19	BRCA1 c.4793C>T	PubMed	42581048		A ubiquitin chain-feeding mechanism for BRCA1-A.	publication	NA	NA	NA			NA	UNCLEAR	
GRCh38:17:43071121:G:A	1446083	Ser1598Phe	c.4793C>T	2026-08-19	BRCA1 c.4793C>T	PubMed	42580462		Mechanistic Insights into Genomic Basis of Crosstalk Between Metabolic Reprogramming and Immune Dysfunction in Ovarian Cancer.	publication	NA	NA	NA			NA	UNCLEAR	
GRCh38:17:43076581:G:A	1481377	Pro1464Leu	c.4391C>T	2026-08-19	Findlay SGE (MaveDB)	MaveDB			Findlay et al. 2018 (PMID 30209399)	saturation genome editing	saturation genome editing (HDR)	Pro1464Leu					HIGH	partial coverage: RING+BRCT domains only
GRCh38:17:43076581:G:A	1481377	Pro1464Leu	c.4391C>T	2026-08-19	ClinVar esummary	ClinVar				clinical interpretation	NA	NA	NA		Uncertain significance	current=Uncertain significance; review=criteria provided, single submitter	MODERATE	
GRCh38:17:43076581:G:A	1481377	Pro1464Leu	c.4391C>T	2026-08-19	BRCA1 Pro1464Leu	PubMed	42611417		Hormonal contraceptives and cancer risk in women with a BRCA1 or BRCA2 pathogenic variant.	publication	NA	NA	NA			NA	UNCLEAR	
GRCh38:17:43076581:G:A	1481377	Pro1464Leu	c.4391C>T	2026-08-19	BRCA1 Pro1464Leu	PubMed	42610144		AI-driven CRISPR strategies in breast cancer: Organoid modeling, adaptive editing, and precision delivery.	publication	NA	NA	NA			NA	UNCLEAR	
GRCh38:17:43076581:G:A	1481377	Pro1464Leu	c.4391C>T	2026-08-19	BRCA1 Pro1464Leu	PubMed	42610096		Alliance A022106: A Phase II/III Trial of Nab-Paclitaxel and Gemcitabine ± Cisplatin as Second-Line Treatment for BRCA1/2 or PALB2 Mutant Metastatic Pancreatic Ductal Adenocarcinoma (PLATINUM).	publication	NA	NA	NA			NA	UNCLEAR	
GRCh38:17:43076581:G:A	1481377	Pro1464Leu	c.4391C>T	2026-08-19	BRCA1 Pro1464Leu	PubMed	42609953		Adaptive Surgical Decision-Making for Synchronous Metastatic Pancreatic Cancer and Early Breast Cancer with a BRCA1 Pathogenic Variant: A Case Report.	publication	NA	NA	NA			NA	UNCLEAR	
GRCh38:17:43076581:G:A	1481377	Pro1464Leu	c.4391C>T	2026-08-19	BRCA1 Pro1464Leu	PubMed	42609763		An Unusual Presentation of Dermatofibrosarcoma Protuberans (DFSP): The Role of Advanced Molecular Testing in Collagen Type I Alpha 1 Chain (COL1A1)-Negative Cases.	publication	NA	NA	NA			NA	UNCLEAR	
GRCh38:17:43076581:G:A	1481377	Pro1464Leu	c.4391C>T	2026-08-19	BRCA1 c.4391C>T	PubMed	42610144		AI-driven CRISPR strategies in breast cancer: Organoid modeling, adaptive editing, and precision delivery.	publication	NA	NA	NA			NA	UNCLEAR	
GRCh38:17:43076581:G:A	1481377	Pro1464Leu	c.4391C>T	2026-08-19	BRCA1 c.4391C>T	PubMed	42609450		Biomarker testing in advanced or metastatic hormone receptor-positive, human epidermal growth factor receptor 2 negative breast cancer: expert recommendations.	publication	NA	NA	NA			NA	UNCLEAR	
GRCh38:17:43076581:G:A	1481377	Pro1464Leu	c.4391C>T	2026-08-19	BRCA1 c.4391C>T	PubMed	42597706		Germline BRCA1 pathogenic variants and T cell dysfunction.	publication	NA	NA	NA			NA	UNCLEAR	
GRCh38:17:43076581:G:A	1481377	Pro1464Leu	c.4391C>T	2026-08-19	BRCA1 c.4391C>T	PubMed	42581048		A ubiquitin chain-feeding mechanism for BRCA1-A.	publication	NA	NA	NA			NA	UNCLEAR	
GRCh38:17:43076581:G:A	1481377	Pro1464Leu	c.4391C>T	2026-08-19	BRCA1 c.4391C>T	PubMed	42580462		Mechanistic Insights into Genomic Basis of Crosstalk Between Metabolic Reprogramming and Immune Dysfunction in Ovarian Cancer.	publication	NA	NA	NA			NA	UNCLEAR	
GRCh38:17:43091005:T:C	1432384	Glu1375Gly	c.4124A>G	2026-08-19	Findlay SGE (MaveDB)	MaveDB			Findlay et al. 2018 (PMID 30209399)	saturation genome editing	saturation genome editing (HDR)	Glu1375Gly					HIGH	partial coverage: RING+BRCT domains only
GRCh38:17:43091005:T:C	1432384	Glu1375Gly	c.4124A>G	2026-08-19	ClinVar esummary	ClinVar				clinical interpretation	NA	NA	NA		Uncertain significance	current=Uncertain significance; review=criteria provided, single submitter	MODERATE	
GRCh38:17:43076585:A:G	1416615	Tyr1463His	c.4387T>C	2026-08-19	Findlay SGE (MaveDB)	MaveDB			Findlay et al. 2018 (PMID 30209399)	saturation genome editing	saturation genome editing (HDR)	Tyr1463His					HIGH	partial coverage: RING+BRCT domains only
GRCh38:17:43076585:A:G	1416615	Tyr1463His	c.4387T>C	2026-08-19	ClinVar esummary	ClinVar				clinical interpretation	NA	NA	NA		Uncertain significance	current=Uncertain significance; review=criteria provided, single submitter	MODERATE	
GRCh38:17:43076585:A:G	1416615	Tyr1463His	c.4387T>C	2026-08-19	BRCA1 Tyr1463His	PubMed	42611417		Hormonal contraceptives and cancer risk in women with a BRCA1 or BRCA2 pathogenic variant.	publication	NA	NA	NA			NA	UNCLEAR	
GRCh38:17:43076585:A:G	1416615	Tyr1463His	c.4387T>C	2026-08-19	BRCA1 Tyr1463His	PubMed	42610144		AI-driven CRISPR strategies in breast cancer: Organoid modeling, adaptive editing, and precision delivery.	publication	NA	NA	NA			NA	UNCLEAR	
GRCh38:17:43076585:A:G	1416615	Tyr1463His	c.4387T>C	2026-08-19	BRCA1 Tyr1463His	PubMed	42610096		Alliance A022106: A Phase II/III Trial of Nab-Paclitaxel and Gemcitabine ± Cisplatin as Second-Line Treatment for BRCA1/2 or PALB2 Mutant Metastatic Pancreatic Ductal Adenocarcinoma (PLATINUM).	publication	NA	NA	NA			NA	UNCLEAR	
GRCh38:17:43076585:A:G	1416615	Tyr1463His	c.4387T>C	2026-08-19	BRCA1 Tyr1463His	PubMed	42609953		Adaptive Surgical Decision-Making for Synchronous Metastatic Pancreatic Cancer and Early Breast Cancer with a BRCA1 Pathogenic Variant: A Case Report.	publication	NA	NA	NA			NA	UNCLEAR	
GRCh38:17:43076585:A:G	1416615	Tyr1463His	c.4387T>C	2026-08-19	BRCA1 Tyr1463His	PubMed	42609763		An Unusual Presentation of Dermatofibrosarcoma Protuberans (DFSP): The Role of Advanced Molecular Testing in Collagen Type I Alpha 1 Chain (COL1A1)-Negative Cases.	publication	NA	NA	NA			NA	UNCLEAR	
GRCh38:17:43076585:A:G	1416615	Tyr1463His	c.4387T>C	2026-08-19	BRCA1 c.4387T>C	PubMed	42609450		Biomarker testing in advanced or metastatic hormone receptor-positive, human epidermal growth factor receptor 2 negative breast cancer: expert recommendations.	publication	NA	NA	NA			NA	UNCLEAR	
GRCh38:17:43076585:A:G	1416615	Tyr1463His	c.4387T>C	2026-08-19	BRCA1 c.4387T>C	PubMed	42584742		Real-world clinical outcomes of patients with early-stage TNBC and BRCAm who were treated with adjuvant capecitabine in the United States.	publication	NA	NA	NA			NA	UNCLEAR	
GRCh38:17:43076585:A:G	1416615	Tyr1463His	c.4387T>C	2026-08-19	BRCA1 c.4387T>C	PubMed	42580099		Chemotherapy type and survival in young BRCA1/2 carriers with HER2-negative early breast cancer.	publication	NA	NA	NA			NA	UNCLEAR	
GRCh38:17:43076585:A:G	1416615	Tyr1463His	c.4387T>C	2026-08-19	BRCA1 c.4387T>C	PubMed	42560601		BRCA1-derived peptide constructs exhibit sequence-dependent features compatible with modulation of the p53-MDM2 axis.	publication	NA	NA	NA			NA	UNCLEAR	
GRCh38:17:43076585:A:G	1416615	Tyr1463His	c.4387T>C	2026-08-19	BRCA1 c.4387T>C	PubMed	42524928		Whole-genome sequencing in Brazilian patients with neurofibromatosis type 1, including novel variants, incidental findings, and dual diagnoses.	publication	NA	NA	NA			NA	UNCLEAR	
GRCh38:17:43090944:C:A	1410374	Gln1395His	c.4185G>T	2026-08-19	Findlay SGE (MaveDB)	MaveDB			Findlay et al. 2018 (PMID 30209399)	saturation genome editing	saturation genome editing (HDR)	Gln1395His					HIGH	partial coverage: RING+BRCT domains only
GRCh38:17:43090944:C:A	1410374	Gln1395His	c.4185G>T	2026-08-19	ClinVar esummary	ClinVar				clinical interpretation	NA	NA	NA		Uncertain significance	current=Uncertain significance; review=criteria provided, single submitter	MODERATE	
GRCh38:17:43090944:C:A	1410374	Gln1395His	c.4185G>T	2026-08-19	BRCA1 Gln1395His	PubMed	42611417		Hormonal contraceptives and cancer risk in women with a BRCA1 or BRCA2 pathogenic variant.	publication	NA	NA	NA			NA	UNCLEAR	
GRCh38:17:43090944:C:A	1410374	Gln1395His	c.4185G>T	2026-08-19	BRCA1 Gln1395His	PubMed	42610144		AI-driven CRISPR strategies in breast cancer: Organoid modeling, adaptive editing, and precision delivery.	publication	NA	NA	NA			NA	UNCLEAR	
GRCh38:17:43090944:C:A	1410374	Gln1395His	c.4185G>T	2026-08-19	BRCA1 Gln1395His	PubMed	42610096		Alliance A022106: A Phase II/III Trial of Nab-Paclitaxel and Gemcitabine ± Cisplatin as Second-Line Treatment for BRCA1/2 or PALB2 Mutant Metastatic Pancreatic Ductal Adenocarcinoma (PLATINUM).	publication	NA	NA	NA			NA	UNCLEAR	
GRCh38:17:43090944:C:A	1410374	Gln1395His	c.4185G>T	2026-08-19	BRCA1 Gln1395His	PubMed	42609953		Adaptive Surgical Decision-Making for Synchronous Metastatic Pancreatic Cancer and Early Breast Cancer with a BRCA1 Pathogenic Variant: A Case Report.	publication	NA	NA	NA			NA	UNCLEAR	
GRCh38:17:43090944:C:A	1410374	Gln1395His	c.4185G>T	2026-08-19	BRCA1 Gln1395His	PubMed	42609763		An Unusual Presentation of Dermatofibrosarcoma Protuberans (DFSP): The Role of Advanced Molecular Testing in Collagen Type I Alpha 1 Chain (COL1A1)-Negative Cases.	publication	NA	NA	NA			NA	UNCLEAR	
GRCh38:17:43090944:C:A	1410374	Gln1395His	c.4185G>T	2026-08-19	BRCA1 c.4185G>T	PubMed	42610144		AI-driven CRISPR strategies in breast cancer: Organoid modeling, adaptive editing, and precision delivery.	publication	NA	NA	NA			NA	UNCLEAR	
GRCh38:17:43090944:C:A	1410374	Gln1395His	c.4185G>T	2026-08-19	BRCA1 c.4185G>T	PubMed	42609450		Biomarker testing in advanced or metastatic hormone receptor-positive, human epidermal growth factor receptor 2 negative breast cancer: expert recommendations.	publication	NA	NA	NA			NA	UNCLEAR	
GRCh38:17:43090944:C:A	1410374	Gln1395His	c.4185G>T	2026-08-19	BRCA1 c.4185G>T	PubMed	42597706		Germline BRCA1 pathogenic variants and T cell dysfunction.	publication	NA	NA	NA			NA	UNCLEAR	
GRCh38:17:43090944:C:A	1410374	Gln1395His	c.4185G>T	2026-08-19	BRCA1 c.4185G>T	PubMed	42581048		A ubiquitin chain-feeding mechanism for BRCA1-A.	publication	NA	NA	NA			NA	UNCLEAR	
GRCh38:17:43090944:C:A	1410374	Gln1395His	c.4185G>T	2026-08-19	BRCA1 c.4185G>T	PubMed	42580462		Mechanistic Insights into Genomic Basis of Crosstalk Between Metabolic Reprogramming and Immune Dysfunction in Ovarian Cancer.	publication	NA	NA	NA			NA	UNCLEAR	
GRCh38:17:43104141:T:A	1692970	Glu141Val	c.422A>T	2026-08-19	Findlay SGE (MaveDB)	MaveDB			Findlay et al. 2018 (PMID 30209399)	saturation genome editing	saturation genome editing (HDR)	Glu141Val					HIGH	partial coverage: RING+BRCT domains only
GRCh38:17:43104141:T:A	1692970	Glu141Val	c.422A>T	2026-08-19	ClinVar esummary	ClinVar				clinical interpretation	NA	NA	NA		Uncertain significance	current=Uncertain significance; review=criteria provided, multiple submitters, no conflicts	MODERATE	
GRCh38:17:43104212:A:T	1697608	His117Gln	c.351T>A	2026-08-19	Findlay SGE (MaveDB)	MaveDB			Findlay et al. 2018 (PMID 30209399)	saturation genome editing	saturation genome editing (HDR)	His117Gln					HIGH	partial coverage: RING+BRCT domains only
GRCh38:17:43104212:A:T	1697608	His117Gln	c.351T>A	2026-08-19	ClinVar esummary	ClinVar				clinical interpretation	NA	NA	NA		Uncertain significance	current=Uncertain significance; review=criteria provided, multiple submitters, no conflicts	MODERATE	
GRCh38:17:43104212:A:T	1697608	His117Gln	c.351T>A	2026-08-19	BRCA1 c.351T>A	PubMed	42611417		Hormonal contraceptives and cancer risk in women with a BRCA1 or BRCA2 pathogenic variant.	publication	NA	NA	NA			NA	UNCLEAR	
GRCh38:17:43104212:A:T	1697608	His117Gln	c.351T>A	2026-08-19	BRCA1 c.351T>A	PubMed	42610144		AI-driven CRISPR strategies in breast cancer: Organoid modeling, adaptive editing, and precision delivery.	publication	NA	NA	NA			NA	UNCLEAR	
GRCh38:17:43104212:A:T	1697608	His117Gln	c.351T>A	2026-08-19	BRCA1 c.351T>A	PubMed	42610096		Alliance A022106: A Phase II/III Trial of Nab-Paclitaxel and Gemcitabine ± Cisplatin as Second-Line Treatment for BRCA1/2 or PALB2 Mutant Metastatic Pancreatic Ductal Adenocarcinoma (PLATINUM).	publication	NA	NA	NA			NA	UNCLEAR	
GRCh38:17:43104212:A:T	1697608	His117Gln	c.351T>A	2026-08-19	BRCA1 c.351T>A	PubMed	42609953		Adaptive Surgical Decision-Making for Synchronous Metastatic Pancreatic Cancer and Early Breast Cancer with a BRCA1 Pathogenic Variant: A Case Report.	publication	NA	NA	NA			NA	UNCLEAR	
GRCh38:17:43104212:A:T	1697608	His117Gln	c.351T>A	2026-08-19	BRCA1 c.351T>A	PubMed	42609763		An Unusual Presentation of Dermatofibrosarcoma Protuberans (DFSP): The Role of Advanced Molecular Testing in Collagen Type I Alpha 1 Chain (COL1A1)-Negative Cases.	publication	NA	NA	NA			NA	UNCLEAR	
GRCh38:17:43091024:C:A	1737880	Ala1369Ser	c.4105G>T	2026-08-19	Findlay SGE (MaveDB)	MaveDB			Findlay et al. 2018 (PMID 30209399)	saturation genome editing	saturation genome editing (HDR)	Ala1369Ser					HIGH	partial coverage: RING+BRCT domains only
GRCh38:17:43091024:C:A	1737880	Ala1369Ser	c.4105G>T	2026-08-19	ClinVar esummary	ClinVar				clinical interpretation	NA	NA	NA		Uncertain significance	current=Uncertain significance; review=criteria provided, single submitter	MODERATE	
GRCh38:17:43082524:C:G	1738950	Glu1413Gln	c.4237G>C	2026-08-19	Findlay SGE (MaveDB)	MaveDB			Findlay et al. 2018 (PMID 30209399)	saturation genome editing	saturation genome editing (HDR)	Glu1413Gln					HIGH	partial coverage: RING+BRCT domains only
GRCh38:17:43082524:C:G	1738950	Glu1413Gln	c.4237G>C	2026-08-19	ClinVar esummary	ClinVar				clinical interpretation	NA	NA	NA		Uncertain significance	current=Uncertain significance; review=criteria provided, multiple submitters, no conflicts	MODERATE	
GRCh38:17:43082524:C:G	1738950	Glu1413Gln	c.4237G>C	2026-08-19	BRCA1 Glu1413Gln	PubMed	42611417		Hormonal contraceptives and cancer risk in women with a BRCA1 or BRCA2 pathogenic variant.	publication	NA	NA	NA			NA	UNCLEAR	
GRCh38:17:43082524:C:G	1738950	Glu1413Gln	c.4237G>C	2026-08-19	BRCA1 Glu1413Gln	PubMed	42610144		AI-driven CRISPR strategies in breast cancer: Organoid modeling, adaptive editing, and precision delivery.	publication	NA	NA	NA			NA	UNCLEAR	
GRCh38:17:43082524:C:G	1738950	Glu1413Gln	c.4237G>C	2026-08-19	BRCA1 Glu1413Gln	PubMed	42610096		Alliance A022106: A Phase II/III Trial of Nab-Paclitaxel and Gemcitabine ± Cisplatin as Second-Line Treatment for BRCA1/2 or PALB2 Mutant Metastatic Pancreatic Ductal Adenocarcinoma (PLATINUM).	publication	NA	NA	NA			NA	UNCLEAR	
GRCh38:17:43082524:C:G	1738950	Glu1413Gln	c.4237G>C	2026-08-19	BRCA1 Glu1413Gln	PubMed	42609953		Adaptive Surgical Decision-Making for Synchronous Metastatic Pancreatic Cancer and Early Breast Cancer with a BRCA1 Pathogenic Variant: A Case Report.	publication	NA	NA	NA			NA	UNCLEAR	
GRCh38:17:43082524:C:G	1738950	Glu1413Gln	c.4237G>C	2026-08-19	BRCA1 Glu1413Gln	PubMed	42609763		An Unusual Presentation of Dermatofibrosarcoma Protuberans (DFSP): The Role of Advanced Molecular Testing in Collagen Type I Alpha 1 Chain (COL1A1)-Negative Cases.	publication	NA	NA	NA			NA	UNCLEAR	
GRCh38:17:43082524:C:G	1738950	Glu1413Gln	c.4237G>C	2026-08-19	BRCA1 c.4237G>C	PubMed	42609450		Biomarker testing in advanced or metastatic hormone receptor-positive, human epidermal growth factor receptor 2 negative breast cancer: expert recommendations.	publication	NA	NA	NA			NA	UNCLEAR	
GRCh38:17:43082524:C:G	1738950	Glu1413Gln	c.4237G>C	2026-08-19	BRCA1 c.4237G>C	PubMed	42584742		Real-world clinical outcomes of patients with early-stage TNBC and BRCAm who were treated with adjuvant capecitabine in the United States.	publication	NA	NA	NA			NA	UNCLEAR	
GRCh38:17:43082524:C:G	1738950	Glu1413Gln	c.4237G>C	2026-08-19	BRCA1 c.4237G>C	PubMed	42580099		Chemotherapy type and survival in young BRCA1/2 carriers with HER2-negative early breast cancer.	publication	NA	NA	NA			NA	UNCLEAR	
GRCh38:17:43082524:C:G	1738950	Glu1413Gln	c.4237G>C	2026-08-19	BRCA1 c.4237G>C	PubMed	42560601		BRCA1-derived peptide constructs exhibit sequence-dependent features compatible with modulation of the p53-MDM2 axis.	publication	NA	NA	NA			NA	UNCLEAR	
GRCh38:17:43082524:C:G	1738950	Glu1413Gln	c.4237G>C	2026-08-19	BRCA1 c.4237G>C	PubMed	42524928		Whole-genome sequencing in Brazilian patients with neurofibromatosis type 1, including novel variants, incidental findings, and dual diagnoses.	publication	NA	NA	NA			NA	UNCLEAR	
GRCh38:17:43082512:C:A	1739051	Val1417Leu	c.4249G>T	2026-08-19	Findlay SGE (MaveDB)	MaveDB			Findlay et al. 2018 (PMID 30209399)	saturation genome editing	saturation genome editing (HDR)	Val1417Leu					HIGH	partial coverage: RING+BRCT domains only
GRCh38:17:43082512:C:A	1739051	Val1417Leu	c.4249G>T	2026-08-19	ClinVar esummary	ClinVar				clinical interpretation	NA	NA	NA		Uncertain significance	current=Uncertain significance; review=criteria provided, single submitter	MODERATE	
GRCh38:17:43104138:G:A	1739155	Pro142Leu	c.425C>T	2026-08-19	Findlay SGE (MaveDB)	MaveDB			Findlay et al. 2018 (PMID 30209399)	saturation genome editing	saturation genome editing (HDR)	Pro142Leu					HIGH	partial coverage: RING+BRCT domains only
GRCh38:17:43104138:G:A	1739155	Pro142Leu	c.425C>T	2026-08-19	ClinVar esummary	ClinVar				clinical interpretation	NA	NA	NA		Uncertain significance	current=Uncertain significance; review=criteria provided, multiple submitters, no conflicts	MODERATE	
GRCh38:17:43090965:C:A	1738365	Gln1388His	c.4164G>T	2026-08-19	Findlay SGE (MaveDB)	MaveDB			Findlay et al. 2018 (PMID 30209399)	saturation genome editing	saturation genome editing (HDR)	Gln1388His					HIGH	partial coverage: RING+BRCT domains only
GRCh38:17:43090965:C:A	1738365	Gln1388His	c.4164G>T	2026-08-19	ClinVar esummary	ClinVar				clinical interpretation	NA	NA	NA		Uncertain significance	current=Uncertain significance; review=criteria provided, multiple submitters, no conflicts	MODERATE	
GRCh38:17:43104144:C:G	1738622	Ser140Thr	c.419G>C	2026-08-19	Findlay SGE (MaveDB)	MaveDB			Findlay et al. 2018 (PMID 30209399)	saturation genome editing	saturation genome editing (HDR)	Ser140Thr					HIGH	partial coverage: RING+BRCT domains only
GRCh38:17:43104144:C:G	1738622	Ser140Thr	c.419G>C	2026-08-19	ClinVar esummary	ClinVar				clinical interpretation	NA	NA	NA		Uncertain significance	current=Uncertain significance; review=criteria provided, single submitter	MODERATE	
GRCh38:17:43076578:A:T	1740251	Ile1465Lys	c.4394T>A	2026-08-19	Findlay SGE (MaveDB)	MaveDB			Findlay et al. 2018 (PMID 30209399)	saturation genome editing	saturation genome editing (HDR)	Ile1465Lys					HIGH	partial coverage: RING+BRCT domains only
GRCh38:17:43076578:A:T	1740251	Ile1465Lys	c.4394T>A	2026-08-19	ClinVar esummary	ClinVar				clinical interpretation	NA	NA	NA		Uncertain significance	current=Uncertain significance; review=criteria provided, single submitter	MODERATE	
GRCh38:17:43076551:G:T	1740486	Ala1474Asp	c.4421C>A	2026-08-19	Findlay SGE (MaveDB)	MaveDB			Findlay et al. 2018 (PMID 30209399)	saturation genome editing	saturation genome editing (HDR)	Ala1474Asp					HIGH	partial coverage: RING+BRCT domains only
GRCh38:17:43076551:G:T	1740486	Ala1474Asp	c.4421C>A	2026-08-19	ClinVar esummary	ClinVar				clinical interpretation	NA	NA	NA		Uncertain significance	current=Uncertain significance; review=criteria provided, single submitter	MODERATE	
GRCh38:17:43082416:T:G	1739880	Thr1449Pro	c.4345A>C	2026-08-19	Findlay SGE (MaveDB)	MaveDB			Findlay et al. 2018 (PMID 30209399)	saturation genome editing	saturation genome editing (HDR)	Thr1449Pro					HIGH	partial coverage: RING+BRCT domains only
GRCh38:17:43082416:T:G	1739880	Thr1449Pro	c.4345A>C	2026-08-19	ClinVar esummary	ClinVar				clinical interpretation	NA	NA	NA		Uncertain significance	current=Uncertain significance; review=criteria provided, single submitter	MODERATE	
GRCh38:17:43076614:G:C	1739973	Ala1453Gly	c.4358C>G	2026-08-19	Findlay SGE (MaveDB)	MaveDB			Findlay et al. 2018 (PMID 30209399)	saturation genome editing	saturation genome editing (HDR)	Ala1453Gly					HIGH	partial coverage: RING+BRCT domains only
GRCh38:17:43076614:G:C	1739973	Ala1453Gly	c.4358C>G	2026-08-19	ClinVar esummary	ClinVar				clinical interpretation	NA	NA	NA		Uncertain significance	current=Uncertain significance; review=criteria provided, single submitter	MODERATE	
GRCh38:17:43104186:T:C	1734826	Gln126Arg	c.377A>G	2026-08-19	Findlay SGE (MaveDB)	MaveDB			Findlay et al. 2018 (PMID 30209399)	saturation genome editing	saturation genome editing (HDR)	Gln126Arg					HIGH	partial coverage: RING+BRCT domains only
GRCh38:17:43104186:T:C	1734826	Gln126Arg	c.377A>G	2026-08-19	ClinVar esummary	ClinVar				clinical interpretation	NA	NA	NA		Uncertain significance	current=Uncertain significance; review=criteria provided, multiple submitters, no conflicts	MODERATE	
GRCh38:17:43104186:T:C	1734826	Gln126Arg	c.377A>G	2026-08-19	BRCA1 c.377A>G	PubMed	42609450		Biomarker testing in advanced or metastatic hormone receptor-positive, human epidermal growth factor receptor 2 negative breast cancer: expert recommendations.	publication	NA	NA	NA			NA	UNCLEAR	
GRCh38:17:43104186:T:C	1734826	Gln126Arg	c.377A>G	2026-08-19	BRCA1 c.377A>G	PubMed	42581048		A ubiquitin chain-feeding mechanism for BRCA1-A.	publication	NA	NA	NA			NA	UNCLEAR	
GRCh38:17:43104186:T:C	1734826	Gln126Arg	c.377A>G	2026-08-19	BRCA1 c.377A>G	PubMed	42572185		Current Advances of Molecular Biomarkers and Liquid Biopsies Techniques in Ovarian Cancer.	publication	NA	NA	NA			NA	UNCLEAR	
GRCh38:17:43104186:T:C	1734826	Gln126Arg	c.377A>G	2026-08-19	BRCA1 c.377A>G	PubMed	42558868		Rewired DDR-TGF-β-β-catenin-PD-L1 axis accelerates progression and shapes therapy in human papillomavirus-driven cancer.	publication	NA	NA	NA			NA	UNCLEAR	
GRCh38:17:43104186:T:C	1734826	Gln126Arg	c.377A>G	2026-08-19	BRCA1 c.377A>G	PubMed	42513228		Breast Cancer: Epidemiology, Molecular Classification, Diagnostics and Evolving Treatment Paradigms.	publication	NA	NA	NA			NA	UNCLEAR	
GRCh38:17:43091014:C:A	1737955	Cys1372Phe	c.4115G>T	2026-08-19	Findlay SGE (MaveDB)	MaveDB			Findlay et al. 2018 (PMID 30209399)	saturation genome editing	saturation genome editing (HDR)	Cys1372Phe					HIGH	partial coverage: RING+BRCT domains only
GRCh38:17:43091014:C:A	1737955	Cys1372Phe	c.4115G>T	2026-08-19	ClinVar esummary	ClinVar				clinical interpretation	NA	NA	NA		Uncertain significance	current=Uncertain significance; review=criteria provided, multiple submitters, no conflicts	MODERATE	
GRCh38:17:43090986:G:T	1738179	Asp1381Glu	c.4143C>A	2026-08-19	Findlay SGE (MaveDB)	MaveDB			Findlay et al. 2018 (PMID 30209399)	saturation genome editing	saturation genome editing (HDR)	Asp1381Glu					HIGH	partial coverage: RING+BRCT domains only
GRCh38:17:43090986:G:T	1738179	Asp1381Glu	c.4143C>A	2026-08-19	ClinVar esummary	ClinVar				clinical interpretation	NA	NA	NA		Uncertain significance	current=Uncertain significance; review=criteria provided, single submitter	MODERATE	
GRCh38:17:43090975:A:T	1738287	Leu1385Gln	c.4154T>A	2026-08-19	Findlay SGE (MaveDB)	MaveDB			Findlay et al. 2018 (PMID 30209399)	saturation genome editing	saturation genome editing (HDR)	Leu1385Gln					HIGH	partial coverage: RING+BRCT domains only
GRCh38:17:43090975:A:T	1738287	Leu1385Gln	c.4154T>A	2026-08-19	ClinVar esummary	ClinVar				clinical interpretation	NA	NA	NA		Uncertain significance	current=Uncertain significance; review=criteria provided, single submitter	MODERATE	
GRCh38:17:43082487:G:A	1739278	Pro1425Leu	c.4274C>T	2026-08-19	Findlay SGE (MaveDB)	MaveDB			Findlay et al. 2018 (PMID 30209399)	saturation genome editing	saturation genome editing (HDR)	Pro1425Leu					HIGH	partial coverage: RING+BRCT domains only
GRCh38:17:43082487:G:A	1739278	Pro1425Leu	c.4274C>T	2026-08-19	ClinVar esummary	ClinVar				clinical interpretation	NA	NA	NA		Uncertain significance	current=Uncertain significance; review=criteria provided, multiple submitters, no conflicts	MODERATE	
GRCh38:17:43082480:G:C	1739351	Asn1427Lys	c.4281C>G	2026-08-19	Findlay SGE (MaveDB)	MaveDB			Findlay et al. 2018 (PMID 30209399)	saturation genome editing	saturation genome editing (HDR)	Asn1427Lys					HIGH	partial coverage: RING+BRCT domains only
GRCh38:17:43082480:G:C	1739351	Asn1427Lys	c.4281C>G	2026-08-19	ClinVar esummary	ClinVar				clinical interpretation	NA	NA	NA		Uncertain significance	current=Uncertain significance; review=criteria provided, single submitter	MODERATE	
GRCh38:17:43082476:A:G	1739379	Tyr1429His	c.4285T>C	2026-08-19	Findlay SGE (MaveDB)	MaveDB			Findlay et al. 2018 (PMID 30209399)	saturation genome editing	saturation genome editing (HDR)	Tyr1429His					HIGH	partial coverage: RING+BRCT domains only
GRCh38:17:43082476:A:G	1739379	Tyr1429His	c.4285T>C	2026-08-19	ClinVar esummary	ClinVar				clinical interpretation	NA	NA	NA		Uncertain significance	current=Uncertain significance; review=criteria provided, single submitter	MODERATE	
GRCh38:17:43082472:G:C	1739401	Pro1430Arg	c.4289C>G	2026-08-19	Findlay SGE (MaveDB)	MaveDB			Findlay et al. 2018 (PMID 30209399)	saturation genome editing	saturation genome editing (HDR)	Pro1430Arg					HIGH	partial coverage: RING+BRCT domains only
GRCh38:17:43082472:G:C	1739401	Pro1430Arg	c.4289C>G	2026-08-19	ClinVar esummary	ClinVar				clinical interpretation	NA	NA	NA		Uncertain significance	current=Uncertain significance; review=criteria provided, single submitter	MODERATE	
GRCh38:17:43076547:G:C	1740509	Asp1475Glu	c.4425C>G	2026-08-19	Findlay SGE (MaveDB)	MaveDB			Findlay et al. 2018 (PMID 30209399)	saturation genome editing	saturation genome editing (HDR)	Asp1475Glu					HIGH	partial coverage: RING+BRCT domains only
GRCh38:17:43076547:G:C	1740509	Asp1475Glu	c.4425C>G	2026-08-19	ClinVar esummary	ClinVar				clinical interpretation	NA	NA	NA		Uncertain significance	current=Uncertain significance; review=criteria provided, single submitter	MODERATE	
GRCh38:17:43076533:G:C	1740602	Ser1480Cys	c.4439C>G	2026-08-19	Findlay SGE (MaveDB)	MaveDB			Findlay et al. 2018 (PMID 30209399)	saturation genome editing	saturation genome editing (HDR)	Ser1480Cys					HIGH	partial coverage: RING+BRCT domains only
GRCh38:17:43076533:G:C	1740602	Ser1480Cys	c.4439C>G	2026-08-19	ClinVar esummary	ClinVar				clinical interpretation	NA	NA	NA		Uncertain significance	current=Uncertain significance; review=criteria provided, single submitter	MODERATE	
GRCh38:17:43076519:T:C	1740719	Thr1485Ala	c.4453A>G	2026-08-19	Findlay SGE (MaveDB)	MaveDB			Findlay et al. 2018 (PMID 30209399)	saturation genome editing	saturation genome editing (HDR)	Thr1485Ala					HIGH	partial coverage: RING+BRCT domains only
GRCh38:17:43076519:T:C	1740719	Thr1485Ala	c.4453A>G	2026-08-19	ClinVar esummary	ClinVar				clinical interpretation	NA	NA	NA		Uncertain significance	current=Uncertain significance; review=criteria provided, multiple submitters, no conflicts	MODERATE	
GRCh38:17:43076519:T:C	1740719	Thr1485Ala	c.4453A>G	2026-08-19	BRCA1 Thr1485Ala	PubMed	42611417		Hormonal contraceptives and cancer risk in women with a BRCA1 or BRCA2 pathogenic variant.	publication	NA	NA	NA			NA	UNCLEAR	
GRCh38:17:43076519:T:C	1740719	Thr1485Ala	c.4453A>G	2026-08-19	BRCA1 Thr1485Ala	PubMed	42610144		AI-driven CRISPR strategies in breast cancer: Organoid modeling, adaptive editing, and precision delivery.	publication	NA	NA	NA			NA	UNCLEAR	
GRCh38:17:43076519:T:C	1740719	Thr1485Ala	c.4453A>G	2026-08-19	BRCA1 Thr1485Ala	PubMed	42610096		Alliance A022106: A Phase II/III Trial of Nab-Paclitaxel and Gemcitabine ± Cisplatin as Second-Line Treatment for BRCA1/2 or PALB2 Mutant Metastatic Pancreatic Ductal Adenocarcinoma (PLATINUM).	publication	NA	NA	NA			NA	UNCLEAR	
GRCh38:17:43076519:T:C	1740719	Thr1485Ala	c.4453A>G	2026-08-19	BRCA1 Thr1485Ala	PubMed	42609953		Adaptive Surgical Decision-Making for Synchronous Metastatic Pancreatic Cancer and Early Breast Cancer with a BRCA1 Pathogenic Variant: A Case Report.	publication	NA	NA	NA			NA	UNCLEAR	
GRCh38:17:43076519:T:C	1740719	Thr1485Ala	c.4453A>G	2026-08-19	BRCA1 Thr1485Ala	PubMed	42609763		An Unusual Presentation of Dermatofibrosarcoma Protuberans (DFSP): The Role of Advanced Molecular Testing in Collagen Type I Alpha 1 Chain (COL1A1)-Negative Cases.	publication	NA	NA	NA			NA	UNCLEAR	
GRCh38:17:43076519:T:C	1740719	Thr1485Ala	c.4453A>G	2026-08-19	BRCA1 c.4453A>G	PubMed	42609450		Biomarker testing in advanced or metastatic hormone receptor-positive, human epidermal growth factor receptor 2 negative breast cancer: expert recommendations.	publication	NA	NA	NA			NA	UNCLEAR	
GRCh38:17:43076519:T:C	1740719	Thr1485Ala	c.4453A>G	2026-08-19	BRCA1 c.4453A>G	PubMed	42581048		A ubiquitin chain-feeding mechanism for BRCA1-A.	publication	NA	NA	NA			NA	UNCLEAR	
GRCh38:17:43076519:T:C	1740719	Thr1485Ala	c.4453A>G	2026-08-19	BRCA1 c.4453A>G	PubMed	42572185		Current Advances of Molecular Biomarkers and Liquid Biopsies Techniques in Ovarian Cancer.	publication	NA	NA	NA			NA	UNCLEAR	
GRCh38:17:43076519:T:C	1740719	Thr1485Ala	c.4453A>G	2026-08-19	BRCA1 c.4453A>G	PubMed	42558868		Rewired DDR-TGF-β-β-catenin-PD-L1 axis accelerates progression and shapes therapy in human papillomavirus-driven cancer.	publication	NA	NA	NA			NA	UNCLEAR	
GRCh38:17:43076519:T:C	1740719	Thr1485Ala	c.4453A>G	2026-08-19	BRCA1 c.4453A>G	PubMed	42513228		Breast Cancer: Epidemiology, Molecular Classification, Diagnostics and Evolving Treatment Paradigms.	publication	NA	NA	NA			NA	UNCLEAR	
GRCh38:17:43076513:T:C	1740750	Lys1487Glu	c.4459A>G	2026-08-19	Findlay SGE (MaveDB)	MaveDB			Findlay et al. 2018 (PMID 30209399)	saturation genome editing	saturation genome editing (HDR)	Lys1487Glu					HIGH	partial coverage: RING+BRCT domains only
GRCh38:17:43076513:T:C	1740750	Lys1487Glu	c.4459A>G	2026-08-19	ClinVar esummary	ClinVar				clinical interpretation	NA	NA	NA		Uncertain significance	current=Uncertain significance; review=criteria provided, multiple submitters, no conflicts	MODERATE	
GRCh38:17:43099876:T:C	1740809	Glu149Gly	c.446A>G	2026-08-19	Findlay SGE (MaveDB)	MaveDB			Findlay et al. 2018 (PMID 30209399)	saturation genome editing	saturation genome editing (HDR)	Glu149Gly					HIGH	partial coverage: RING+BRCT domains only
GRCh38:17:43099876:T:C	1740809	Glu149Gly	c.446A>G	2026-08-19	ClinVar esummary	ClinVar				clinical interpretation	NA	NA	NA		Uncertain significance	current=Uncertain significance; review=criteria provided, single submitter	MODERATE	
GRCh38:17:43099876:T:C	1740809	Glu149Gly	c.446A>G	2026-08-19	BRCA1 Glu149Gly	PubMed	42611417		Hormonal contraceptives and cancer risk in women with a BRCA1 or BRCA2 pathogenic variant.	publication	NA	NA	NA			NA	UNCLEAR	
GRCh38:17:43099876:T:C	1740809	Glu149Gly	c.446A>G	2026-08-19	BRCA1 Glu149Gly	PubMed	42610144		AI-driven CRISPR strategies in breast cancer: Organoid modeling, adaptive editing, and precision delivery.	publication	NA	NA	NA			NA	UNCLEAR	
GRCh38:17:43099876:T:C	1740809	Glu149Gly	c.446A>G	2026-08-19	BRCA1 Glu149Gly	PubMed	42610096		Alliance A022106: A Phase II/III Trial of Nab-Paclitaxel and Gemcitabine ± Cisplatin as Second-Line Treatment for BRCA1/2 or PALB2 Mutant Metastatic Pancreatic Ductal Adenocarcinoma (PLATINUM).	publication	NA	NA	NA			NA	UNCLEAR	
GRCh38:17:43099876:T:C	1740809	Glu149Gly	c.446A>G	2026-08-19	BRCA1 Glu149Gly	PubMed	42609953		Adaptive Surgical Decision-Making for Synchronous Metastatic Pancreatic Cancer and Early Breast Cancer with a BRCA1 Pathogenic Variant: A Case Report.	publication	NA	NA	NA			NA	UNCLEAR	
GRCh38:17:43099876:T:C	1740809	Glu149Gly	c.446A>G	2026-08-19	BRCA1 Glu149Gly	PubMed	42609763		An Unusual Presentation of Dermatofibrosarcoma Protuberans (DFSP): The Role of Advanced Molecular Testing in Collagen Type I Alpha 1 Chain (COL1A1)-Negative Cases.	publication	NA	NA	NA			NA	UNCLEAR	
GRCh38:17:43099876:T:C	1740809	Glu149Gly	c.446A>G	2026-08-19	BRCA1 c.446A>G	PubMed	42609450		Biomarker testing in advanced or metastatic hormone receptor-positive, human epidermal growth factor receptor 2 negative breast cancer: expert recommendations.	publication	NA	NA	NA			NA	UNCLEAR	
GRCh38:17:43099876:T:C	1740809	Glu149Gly	c.446A>G	2026-08-19	BRCA1 c.446A>G	PubMed	42581048		A ubiquitin chain-feeding mechanism for BRCA1-A.	publication	NA	NA	NA			NA	UNCLEAR	
GRCh38:17:43099876:T:C	1740809	Glu149Gly	c.446A>G	2026-08-19	BRCA1 c.446A>G	PubMed	42572185		Current Advances of Molecular Biomarkers and Liquid Biopsies Techniques in Ovarian Cancer.	publication	NA	NA	NA			NA	UNCLEAR	
GRCh38:17:43099876:T:C	1740809	Glu149Gly	c.446A>G	2026-08-19	BRCA1 c.446A>G	PubMed	42558868		Rewired DDR-TGF-β-β-catenin-PD-L1 axis accelerates progression and shapes therapy in human papillomavirus-driven cancer.	publication	NA	NA	NA			NA	UNCLEAR	
GRCh38:17:43099876:T:C	1740809	Glu149Gly	c.446A>G	2026-08-19	BRCA1 c.446A>G	PubMed	42513228		Breast Cancer: Epidemiology, Molecular Classification, Diagnostics and Evolving Treatment Paradigms.	publication	NA	NA	NA			NA	UNCLEAR	
GRCh38:17:43076495:C:G	1740863	Val1493Leu	c.4477G>C	2026-08-19	Findlay SGE (MaveDB)	MaveDB			Findlay et al. 2018 (PMID 30209399)	saturation genome editing	saturation genome editing (HDR)	Val1493Leu					HIGH	partial coverage: RING+BRCT domains only
GRCh38:17:43076495:C:G	1740863	Val1493Leu	c.4477G>C	2026-08-19	ClinVar esummary	ClinVar				clinical interpretation	NA	NA	NA		Uncertain significance	current=Uncertain significance; review=criteria provided, single submitter	MODERATE	
GRCh38:17:43071170:C:T	1742791	Asp1582Asn	c.4744G>A	2026-08-19	Findlay SGE (MaveDB)	MaveDB			Findlay et al. 2018 (PMID 30209399)	saturation genome editing	saturation genome editing (HDR)	Asp1582Asn					HIGH	partial coverage: RING+BRCT domains only
GRCh38:17:43071170:C:T	1742791	Asp1582Asn	c.4744G>A	2026-08-19	ClinVar esummary	ClinVar				clinical interpretation	NA	NA	NA		Uncertain significance	current=Uncertain significance; review=criteria provided, multiple submitters, no conflicts	MODERATE	
GRCh38:17:43106498:C:T	1778531	Gly57Glu	c.170G>A	2026-08-19	Findlay SGE (MaveDB)	MaveDB			Findlay et al. 2018 (PMID 30209399)	saturation genome editing	saturation genome editing (HDR)	Gly57Glu					HIGH	partial coverage: RING+BRCT domains only
GRCh38:17:43106498:C:T	1778531	Gly57Glu	c.170G>A	2026-08-19	ClinVar esummary	ClinVar				clinical interpretation	NA	NA	NA		Uncertain significance	current=Uncertain significance; review=criteria provided, multiple submitters, no conflicts	MODERATE	
GRCh38:17:43104234:T:C	1804789	Lys110Arg	c.329A>G	2026-08-19	Findlay SGE (MaveDB)	MaveDB			Findlay et al. 2018 (PMID 30209399)	saturation genome editing	saturation genome editing (HDR)	Lys110Arg					HIGH	partial coverage: RING+BRCT domains only
GRCh38:17:43104234:T:C	1804789	Lys110Arg	c.329A>G	2026-08-19	ClinVar esummary	ClinVar				clinical interpretation	NA	NA	NA		Uncertain significance	current=Uncertain significance; review=criteria provided, multiple submitters, no conflicts	MODERATE	
GRCh38:17:43104234:T:C	1804789	Lys110Arg	c.329A>G	2026-08-19	BRCA1 Lys110Arg	PubMed	42611417		Hormonal contraceptives and cancer risk in women with a BRCA1 or BRCA2 pathogenic variant.	publication	NA	NA	NA			NA	UNCLEAR	
GRCh38:17:43104234:T:C	1804789	Lys110Arg	c.329A>G	2026-08-19	BRCA1 Lys110Arg	PubMed	42610144		AI-driven CRISPR strategies in breast cancer: Organoid modeling, adaptive editing, and precision delivery.	publication	NA	NA	NA			NA	UNCLEAR	
GRCh38:17:43104234:T:C	1804789	Lys110Arg	c.329A>G	2026-08-19	BRCA1 Lys110Arg	PubMed	42610096		Alliance A022106: A Phase II/III Trial of Nab-Paclitaxel and Gemcitabine ± Cisplatin as Second-Line Treatment for BRCA1/2 or PALB2 Mutant Metastatic Pancreatic Ductal Adenocarcinoma (PLATINUM).	publication	NA	NA	NA			NA	UNCLEAR	
GRCh38:17:43104234:T:C	1804789	Lys110Arg	c.329A>G	2026-08-19	BRCA1 Lys110Arg	PubMed	42609953		Adaptive Surgical Decision-Making for Synchronous Metastatic Pancreatic Cancer and Early Breast Cancer with a BRCA1 Pathogenic Variant: A Case Report.	publication	NA	NA	NA			NA	UNCLEAR	
GRCh38:17:43104234:T:C	1804789	Lys110Arg	c.329A>G	2026-08-19	BRCA1 Lys110Arg	PubMed	42609763		An Unusual Presentation of Dermatofibrosarcoma Protuberans (DFSP): The Role of Advanced Molecular Testing in Collagen Type I Alpha 1 Chain (COL1A1)-Negative Cases.	publication	NA	NA	NA			NA	UNCLEAR	
GRCh38:17:43104234:T:C	1804789	Lys110Arg	c.329A>G	2026-08-19	BRCA1 c.329A>G	PubMed	42609450		Biomarker testing in advanced or metastatic hormone receptor-positive, human epidermal growth factor receptor 2 negative breast cancer: expert recommendations.	publication	NA	NA	NA			NA	UNCLEAR	
GRCh38:17:43104234:T:C	1804789	Lys110Arg	c.329A>G	2026-08-19	BRCA1 c.329A>G	PubMed	42581048		A ubiquitin chain-feeding mechanism for BRCA1-A.	publication	NA	NA	NA			NA	UNCLEAR	
GRCh38:17:43104234:T:C	1804789	Lys110Arg	c.329A>G	2026-08-19	BRCA1 c.329A>G	PubMed	42572185		Current Advances of Molecular Biomarkers and Liquid Biopsies Techniques in Ovarian Cancer.	publication	NA	NA	NA			NA	UNCLEAR	
GRCh38:17:43104234:T:C	1804789	Lys110Arg	c.329A>G	2026-08-19	BRCA1 c.329A>G	PubMed	42558868		Rewired DDR-TGF-β-β-catenin-PD-L1 axis accelerates progression and shapes therapy in human papillomavirus-driven cancer.	publication	NA	NA	NA			NA	UNCLEAR	
GRCh38:17:43104234:T:C	1804789	Lys110Arg	c.329A>G	2026-08-19	BRCA1 c.329A>G	PubMed	42513228		Breast Cancer: Epidemiology, Molecular Classification, Diagnostics and Evolving Treatment Paradigms.	publication	NA	NA	NA			NA	UNCLEAR	
GRCh38:17:43099870:C:T	1988377	Ser151Asn	c.452G>A	2026-08-19	Findlay SGE (MaveDB)	MaveDB			Findlay et al. 2018 (PMID 30209399)	saturation genome editing	saturation genome editing (HDR)	Ser151Asn					HIGH	partial coverage: RING+BRCT domains only
GRCh38:17:43099870:C:T	1988377	Ser151Asn	c.452G>A	2026-08-19	ClinVar esummary	ClinVar				clinical interpretation	NA	NA	NA		Uncertain significance	current=Uncertain significance; review=criteria provided, single submitter	MODERATE	
GRCh38:17:43082535:T:G	1992376	Gln1409Pro	c.4226A>C	2026-08-19	Findlay SGE (MaveDB)	MaveDB			Findlay et al. 2018 (PMID 30209399)	saturation genome editing	saturation genome editing (HDR)	Gln1409Pro					HIGH	partial coverage: RING+BRCT domains only
GRCh38:17:43082535:T:G	1992376	Gln1409Pro	c.4226A>C	2026-08-19	ClinVar esummary	ClinVar				clinical interpretation	NA	NA	NA		Uncertain significance	current=Uncertain significance; review=criteria provided, single submitter	MODERATE	
GRCh38:17:43082535:T:G	1992376	Gln1409Pro	c.4226A>C	2026-08-19	BRCA1 Gln1409Pro	PubMed	42611417		Hormonal contraceptives and cancer risk in women with a BRCA1 or BRCA2 pathogenic variant.	publication	NA	NA	NA			NA	UNCLEAR	
GRCh38:17:43082535:T:G	1992376	Gln1409Pro	c.4226A>C	2026-08-19	BRCA1 Gln1409Pro	PubMed	42610144		AI-driven CRISPR strategies in breast cancer: Organoid modeling, adaptive editing, and precision delivery.	publication	NA	NA	NA			NA	UNCLEAR	
GRCh38:17:43082535:T:G	1992376	Gln1409Pro	c.4226A>C	2026-08-19	BRCA1 Gln1409Pro	PubMed	42610096		Alliance A022106: A Phase II/III Trial of Nab-Paclitaxel and Gemcitabine ± Cisplatin as Second-Line Treatment for BRCA1/2 or PALB2 Mutant Metastatic Pancreatic Ductal Adenocarcinoma (PLATINUM).	publication	NA	NA	NA			NA	UNCLEAR	
GRCh38:17:43082535:T:G	1992376	Gln1409Pro	c.4226A>C	2026-08-19	BRCA1 Gln1409Pro	PubMed	42609953		Adaptive Surgical Decision-Making for Synchronous Metastatic Pancreatic Cancer and Early Breast Cancer with a BRCA1 Pathogenic Variant: A Case Report.	publication	NA	NA	NA			NA	UNCLEAR	
GRCh38:17:43082535:T:G	1992376	Gln1409Pro	c.4226A>C	2026-08-19	BRCA1 Gln1409Pro	PubMed	42609763		An Unusual Presentation of Dermatofibrosarcoma Protuberans (DFSP): The Role of Advanced Molecular Testing in Collagen Type I Alpha 1 Chain (COL1A1)-Negative Cases.	publication	NA	NA	NA			NA	UNCLEAR	
GRCh38:17:43082535:T:G	1992376	Gln1409Pro	c.4226A>C	2026-08-19	BRCA1 c.4226A>C	PubMed	42609450		Biomarker testing in advanced or metastatic hormone receptor-positive, human epidermal growth factor receptor 2 negative breast cancer: expert recommendations.	publication	NA	NA	NA			NA	UNCLEAR	
GRCh38:17:43082535:T:G	1992376	Gln1409Pro	c.4226A>C	2026-08-19	BRCA1 c.4226A>C	PubMed	42584742		Real-world clinical outcomes of patients with early-stage TNBC and BRCAm who were treated with adjuvant capecitabine in the United States.	publication	NA	NA	NA			NA	UNCLEAR	
GRCh38:17:43082535:T:G	1992376	Gln1409Pro	c.4226A>C	2026-08-19	BRCA1 c.4226A>C	PubMed	42580099		Chemotherapy type and survival in young BRCA1/2 carriers with HER2-negative early breast cancer.	publication	NA	NA	NA			NA	UNCLEAR	
GRCh38:17:43082535:T:G	1992376	Gln1409Pro	c.4226A>C	2026-08-19	BRCA1 c.4226A>C	PubMed	42560601		BRCA1-derived peptide constructs exhibit sequence-dependent features compatible with modulation of the p53-MDM2 axis.	publication	NA	NA	NA			NA	UNCLEAR	
GRCh38:17:43082535:T:G	1992376	Gln1409Pro	c.4226A>C	2026-08-19	BRCA1 c.4226A>C	PubMed	42524928		Whole-genome sequencing in Brazilian patients with neurofibromatosis type 1, including novel variants, incidental findings, and dual diagnoses.	publication	NA	NA	NA			NA	UNCLEAR	
GRCh38:17:43076500:G:A	1999192	Pro1491Leu	c.4472C>T	2026-08-19	Findlay SGE (MaveDB)	MaveDB			Findlay et al. 2018 (PMID 30209399)	saturation genome editing	saturation genome editing (HDR)	Pro1491Leu					HIGH	partial coverage: RING+BRCT domains only
GRCh38:17:43076500:G:A	1999192	Pro1491Leu	c.4472C>T	2026-08-19	ClinVar esummary	ClinVar				clinical interpretation	NA	NA	NA		Uncertain significance	current=Uncertain significance; review=criteria provided, single submitter	MODERATE	
GRCh38:17:43076591:T:C	2009627	Ser1461Gly	c.4381A>G	2026-08-19	Findlay SGE (MaveDB)	MaveDB			Findlay et al. 2018 (PMID 30209399)	saturation genome editing	saturation genome editing (HDR)	Ser1461Gly					HIGH	partial coverage: RING+BRCT domains only
GRCh38:17:43076591:T:C	2009627	Ser1461Gly	c.4381A>G	2026-08-19	ClinVar esummary	ClinVar				clinical interpretation	NA	NA	NA		Uncertain significance	current=Uncertain significance; review=criteria provided, multiple submitters, no conflicts	MODERATE	
GRCh38:17:43076597:T:C	2111745	Lys1459Glu	c.4375A>G	2026-08-19	Findlay SGE (MaveDB)	MaveDB			Findlay et al. 2018 (PMID 30209399)	saturation genome editing	saturation genome editing (HDR)	Lys1459Glu					HIGH	partial coverage: RING+BRCT domains only
GRCh38:17:43076597:T:C	2111745	Lys1459Glu	c.4375A>G	2026-08-19	ClinVar esummary	ClinVar				clinical interpretation	NA	NA	NA		Uncertain significance	current=Uncertain significance; review=criteria provided, single submitter	MODERATE	
GRCh38:17:43076597:T:C	2111745	Lys1459Glu	c.4375A>G	2026-08-19	BRCA1 Lys1459Glu	PubMed	42611417		Hormonal contraceptives and cancer risk in women with a BRCA1 or BRCA2 pathogenic variant.	publication	NA	NA	NA			NA	UNCLEAR	
GRCh38:17:43076597:T:C	2111745	Lys1459Glu	c.4375A>G	2026-08-19	BRCA1 Lys1459Glu	PubMed	42610144		AI-driven CRISPR strategies in breast cancer: Organoid modeling, adaptive editing, and precision delivery.	publication	NA	NA	NA			NA	UNCLEAR	
GRCh38:17:43076597:T:C	2111745	Lys1459Glu	c.4375A>G	2026-08-19	BRCA1 Lys1459Glu	PubMed	42610096		Alliance A022106: A Phase II/III Trial of Nab-Paclitaxel and Gemcitabine ± Cisplatin as Second-Line Treatment for BRCA1/2 or PALB2 Mutant Metastatic Pancreatic Ductal Adenocarcinoma (PLATINUM).	publication	NA	NA	NA			NA	UNCLEAR	
GRCh38:17:43076597:T:C	2111745	Lys1459Glu	c.4375A>G	2026-08-19	BRCA1 Lys1459Glu	PubMed	42609953		Adaptive Surgical Decision-Making for Synchronous Metastatic Pancreatic Cancer and Early Breast Cancer with a BRCA1 Pathogenic Variant: A Case Report.	publication	NA	NA	NA			NA	UNCLEAR	
GRCh38:17:43076597:T:C	2111745	Lys1459Glu	c.4375A>G	2026-08-19	BRCA1 Lys1459Glu	PubMed	42609763		An Unusual Presentation of Dermatofibrosarcoma Protuberans (DFSP): The Role of Advanced Molecular Testing in Collagen Type I Alpha 1 Chain (COL1A1)-Negative Cases.	publication	NA	NA	NA			NA	UNCLEAR	
GRCh38:17:43076597:T:C	2111745	Lys1459Glu	c.4375A>G	2026-08-19	BRCA1 c.4375A>G	PubMed	42609450		Biomarker testing in advanced or metastatic hormone receptor-positive, human epidermal growth factor receptor 2 negative breast cancer: expert recommendations.	publication	NA	NA	NA			NA	UNCLEAR	
GRCh38:17:43076597:T:C	2111745	Lys1459Glu	c.4375A>G	2026-08-19	BRCA1 c.4375A>G	PubMed	42581048		A ubiquitin chain-feeding mechanism for BRCA1-A.	publication	NA	NA	NA			NA	UNCLEAR	
GRCh38:17:43076597:T:C	2111745	Lys1459Glu	c.4375A>G	2026-08-19	BRCA1 c.4375A>G	PubMed	42572185		Current Advances of Molecular Biomarkers and Liquid Biopsies Techniques in Ovarian Cancer.	publication	NA	NA	NA			NA	UNCLEAR	
GRCh38:17:43076597:T:C	2111745	Lys1459Glu	c.4375A>G	2026-08-19	BRCA1 c.4375A>G	PubMed	42558868		Rewired DDR-TGF-β-β-catenin-PD-L1 axis accelerates progression and shapes therapy in human papillomavirus-driven cancer.	publication	NA	NA	NA			NA	UNCLEAR	
GRCh38:17:43076597:T:C	2111745	Lys1459Glu	c.4375A>G	2026-08-19	BRCA1 c.4375A>G	PubMed	42513228		Breast Cancer: Epidemiology, Molecular Classification, Diagnostics and Evolving Treatment Paradigms.	publication	NA	NA	NA			NA	UNCLEAR	
GRCh38:17:43076537:C:T	2129609	Val1479Met	c.4435G>A	2026-08-19	Findlay SGE (MaveDB)	MaveDB			Findlay et al. 2018 (PMID 30209399)	saturation genome editing	saturation genome editing (HDR)	Val1479Met					HIGH	partial coverage: RING+BRCT domains only
GRCh38:17:43076537:C:T	2129609	Val1479Met	c.4435G>A	2026-08-19	ClinVar esummary	ClinVar				clinical interpretation	NA	NA	NA		Uncertain significance	current=Uncertain significance; review=criteria provided, multiple submitters, no conflicts	MODERATE	
GRCh38:17:43094220:A:C	2450665	His437Gln	c.1311T>G	2026-08-19	Findlay SGE (MaveDB)	MaveDB			Findlay et al. 2018 (PMID 30209399)	saturation genome editing	saturation genome editing (HDR)	His437Gln					HIGH	partial coverage: RING+BRCT domains only
GRCh38:17:43094220:A:C	2450665	His437Gln	c.1311T>G	2026-08-19	ClinVar esummary	ClinVar				clinical interpretation	NA	NA	NA		Uncertain significance	current=Uncertain significance; review=criteria provided, single submitter	MODERATE	
GRCh38:17:43094014:C:T	2450667	Arg506Lys	c.1517G>A	2026-08-19	Findlay SGE (MaveDB)	MaveDB			Findlay et al. 2018 (PMID 30209399)	saturation genome editing	saturation genome editing (HDR)	Arg506Lys					HIGH	partial coverage: RING+BRCT domains only
GRCh38:17:43094014:C:T	2450667	Arg506Lys	c.1517G>A	2026-08-19	ClinVar esummary	ClinVar				clinical interpretation	NA	NA	NA		Uncertain significance	current=Uncertain significance; review=criteria provided, single submitter	MODERATE	
GRCh38:17:43094014:C:T	2450667	Arg506Lys	c.1517G>A	2026-08-19	BRCA1 Arg506Lys	PubMed	42611417		Hormonal contraceptives and cancer risk in women with a BRCA1 or BRCA2 pathogenic variant.	publication	NA	NA	NA			NA	UNCLEAR	
GRCh38:17:43094014:C:T	2450667	Arg506Lys	c.1517G>A	2026-08-19	BRCA1 Arg506Lys	PubMed	42610144		AI-driven CRISPR strategies in breast cancer: Organoid modeling, adaptive editing, and precision delivery.	publication	NA	NA	NA			NA	UNCLEAR	
GRCh38:17:43094014:C:T	2450667	Arg506Lys	c.1517G>A	2026-08-19	BRCA1 Arg506Lys	PubMed	42610096		Alliance A022106: A Phase II/III Trial of Nab-Paclitaxel and Gemcitabine ± Cisplatin as Second-Line Treatment for BRCA1/2 or PALB2 Mutant Metastatic Pancreatic Ductal Adenocarcinoma (PLATINUM).	publication	NA	NA	NA			NA	UNCLEAR	
GRCh38:17:43094014:C:T	2450667	Arg506Lys	c.1517G>A	2026-08-19	BRCA1 Arg506Lys	PubMed	42609953		Adaptive Surgical Decision-Making for Synchronous Metastatic Pancreatic Cancer and Early Breast Cancer with a BRCA1 Pathogenic Variant: A Case Report.	publication	NA	NA	NA			NA	UNCLEAR	
GRCh38:17:43094014:C:T	2450667	Arg506Lys	c.1517G>A	2026-08-19	BRCA1 Arg506Lys	PubMed	42609763		An Unusual Presentation of Dermatofibrosarcoma Protuberans (DFSP): The Role of Advanced Molecular Testing in Collagen Type I Alpha 1 Chain (COL1A1)-Negative Cases.	publication	NA	NA	NA			NA	UNCLEAR	
GRCh38:17:43091788:G:C	2450668	Ala1248Gly	c.3743C>G	2026-08-19	Findlay SGE (MaveDB)	MaveDB			Findlay et al. 2018 (PMID 30209399)	saturation genome editing	saturation genome editing (HDR)	Ala1248Gly					HIGH	partial coverage: RING+BRCT domains only
GRCh38:17:43091788:G:C	2450668	Ala1248Gly	c.3743C>G	2026-08-19	ClinVar esummary	ClinVar				clinical interpretation	NA	NA	NA		Uncertain significance	current=Uncertain significance; review=criteria provided, multiple submitters, no conflicts	MODERATE	
GRCh38:17:43094690:T:A	2450671	Ser281Cys	c.841A>T	2026-08-19	Findlay SGE (MaveDB)	MaveDB			Findlay et al. 2018 (PMID 30209399)	saturation genome editing	saturation genome editing (HDR)	Ser281Cys					HIGH	partial coverage: RING+BRCT domains only
GRCh38:17:43094690:T:A	2450671	Ser281Cys	c.841A>T	2026-08-19	ClinVar esummary	ClinVar				clinical interpretation	NA	NA	NA		Uncertain significance	current=Uncertain significance; review=criteria provided, multiple submitters, no conflicts	MODERATE	
GRCh38:17:43094690:T:A	2450671	Ser281Cys	c.841A>T	2026-08-19	BRCA1 Ser281Cys	PubMed	42611417		Hormonal contraceptives and cancer risk in women with a BRCA1 or BRCA2 pathogenic variant.	publication	NA	NA	NA			NA	UNCLEAR	
GRCh38:17:43094690:T:A	2450671	Ser281Cys	c.841A>T	2026-08-19	BRCA1 Ser281Cys	PubMed	42610144		AI-driven CRISPR strategies in breast cancer: Organoid modeling, adaptive editing, and precision delivery.	publication	NA	NA	NA			NA	UNCLEAR	
GRCh38:17:43094690:T:A	2450671	Ser281Cys	c.841A>T	2026-08-19	BRCA1 Ser281Cys	PubMed	42610096		Alliance A022106: A Phase II/III Trial of Nab-Paclitaxel and Gemcitabine ± Cisplatin as Second-Line Treatment for BRCA1/2 or PALB2 Mutant Metastatic Pancreatic Ductal Adenocarcinoma (PLATINUM).	publication	NA	NA	NA			NA	UNCLEAR	
GRCh38:17:43094690:T:A	2450671	Ser281Cys	c.841A>T	2026-08-19	BRCA1 Ser281Cys	PubMed	42609953		Adaptive Surgical Decision-Making for Synchronous Metastatic Pancreatic Cancer and Early Breast Cancer with a BRCA1 Pathogenic Variant: A Case Report.	publication	NA	NA	NA			NA	UNCLEAR	
GRCh38:17:43094690:T:A	2450671	Ser281Cys	c.841A>T	2026-08-19	BRCA1 Ser281Cys	PubMed	42609763		An Unusual Presentation of Dermatofibrosarcoma Protuberans (DFSP): The Role of Advanced Molecular Testing in Collagen Type I Alpha 1 Chain (COL1A1)-Negative Cases.	publication	NA	NA	NA			NA	UNCLEAR	
GRCh38:17:43094690:T:A	2450671	Ser281Cys	c.841A>T	2026-08-19	BRCA1 c.841A>T	PubMed	42610144		AI-driven CRISPR strategies in breast cancer: Organoid modeling, adaptive editing, and precision delivery.	publication	NA	NA	NA			NA	UNCLEAR	
GRCh38:17:43094690:T:A	2450671	Ser281Cys	c.841A>T	2026-08-19	BRCA1 c.841A>T	PubMed	42609450		Biomarker testing in advanced or metastatic hormone receptor-positive, human epidermal growth factor receptor 2 negative breast cancer: expert recommendations.	publication	NA	NA	NA			NA	UNCLEAR	
GRCh38:17:43094690:T:A	2450671	Ser281Cys	c.841A>T	2026-08-19	BRCA1 c.841A>T	PubMed	42597706		Germline BRCA1 pathogenic variants and T cell dysfunction.	publication	NA	NA	NA			NA	UNCLEAR	
GRCh38:17:43094690:T:A	2450671	Ser281Cys	c.841A>T	2026-08-19	BRCA1 c.841A>T	PubMed	42581048		A ubiquitin chain-feeding mechanism for BRCA1-A.	publication	NA	NA	NA			NA	UNCLEAR	
GRCh38:17:43094690:T:A	2450671	Ser281Cys	c.841A>T	2026-08-19	BRCA1 c.841A>T	PubMed	42580462		Mechanistic Insights into Genomic Basis of Crosstalk Between Metabolic Reprogramming and Immune Dysfunction in Ovarian Cancer.	publication	NA	NA	NA			NA	UNCLEAR	
GRCh38:17:43091726:C:A	2450697	Asp1269Tyr	c.3805G>T	2026-08-19	Findlay SGE (MaveDB)	MaveDB			Findlay et al. 2018 (PMID 30209399)	saturation genome editing	saturation genome editing (HDR)	Asp1269Tyr					HIGH	partial coverage: RING+BRCT domains only
GRCh38:17:43091726:C:A	2450697	Asp1269Tyr	c.3805G>T	2026-08-19	ClinVar esummary	ClinVar				clinical interpretation	NA	NA	NA		Uncertain significance	current=Uncertain significance; review=criteria provided, single submitter	MODERATE	
GRCh38:17:43091726:C:A	2450697	Asp1269Tyr	c.3805G>T	2026-08-19	BRCA1 Asp1269Tyr	PubMed	42611417		Hormonal contraceptives and cancer risk in women with a BRCA1 or BRCA2 pathogenic variant.	publication	NA	NA	NA			NA	UNCLEAR	
GRCh38:17:43091726:C:A	2450697	Asp1269Tyr	c.3805G>T	2026-08-19	BRCA1 Asp1269Tyr	PubMed	42610144		AI-driven CRISPR strategies in breast cancer: Organoid modeling, adaptive editing, and precision delivery.	publication	NA	NA	NA			NA	UNCLEAR	
GRCh38:17:43091726:C:A	2450697	Asp1269Tyr	c.3805G>T	2026-08-19	BRCA1 Asp1269Tyr	PubMed	42610096		Alliance A022106: A Phase II/III Trial of Nab-Paclitaxel and Gemcitabine ± Cisplatin as Second-Line Treatment for BRCA1/2 or PALB2 Mutant Metastatic Pancreatic Ductal Adenocarcinoma (PLATINUM).	publication	NA	NA	NA			NA	UNCLEAR	
GRCh38:17:43091726:C:A	2450697	Asp1269Tyr	c.3805G>T	2026-08-19	BRCA1 Asp1269Tyr	PubMed	42609953		Adaptive Surgical Decision-Making for Synchronous Metastatic Pancreatic Cancer and Early Breast Cancer with a BRCA1 Pathogenic Variant: A Case Report.	publication	NA	NA	NA			NA	UNCLEAR	
GRCh38:17:43091726:C:A	2450697	Asp1269Tyr	c.3805G>T	2026-08-19	BRCA1 Asp1269Tyr	PubMed	42609763		An Unusual Presentation of Dermatofibrosarcoma Protuberans (DFSP): The Role of Advanced Molecular Testing in Collagen Type I Alpha 1 Chain (COL1A1)-Negative Cases.	publication	NA	NA	NA			NA	UNCLEAR	
GRCh38:17:43091726:C:A	2450697	Asp1269Tyr	c.3805G>T	2026-08-19	BRCA1 c.3805G>T	PubMed	42610144		AI-driven CRISPR strategies in breast cancer: Organoid modeling, adaptive editing, and precision delivery.	publication	NA	NA	NA			NA	UNCLEAR	
GRCh38:17:43091726:C:A	2450697	Asp1269Tyr	c.3805G>T	2026-08-19	BRCA1 c.3805G>T	PubMed	42609450		Biomarker testing in advanced or metastatic hormone receptor-positive, human epidermal growth factor receptor 2 negative breast cancer: expert recommendations.	publication	NA	NA	NA			NA	UNCLEAR	
GRCh38:17:43091726:C:A	2450697	Asp1269Tyr	c.3805G>T	2026-08-19	BRCA1 c.3805G>T	PubMed	42597706		Germline BRCA1 pathogenic variants and T cell dysfunction.	publication	NA	NA	NA			NA	UNCLEAR	
GRCh38:17:43091726:C:A	2450697	Asp1269Tyr	c.3805G>T	2026-08-19	BRCA1 c.3805G>T	PubMed	42581048		A ubiquitin chain-feeding mechanism for BRCA1-A.	publication	NA	NA	NA			NA	UNCLEAR	
GRCh38:17:43091726:C:A	2450697	Asp1269Tyr	c.3805G>T	2026-08-19	BRCA1 c.3805G>T	PubMed	42580462		Mechanistic Insights into Genomic Basis of Crosstalk Between Metabolic Reprogramming and Immune Dysfunction in Ovarian Cancer.	publication	NA	NA	NA			NA	UNCLEAR	
GRCh38:17:43094520:T:G	2507342	Glu337Asp	c.1011A>C	2026-08-19	Findlay SGE (MaveDB)	MaveDB			Findlay et al. 2018 (PMID 30209399)	saturation genome editing	saturation genome editing (HDR)	Glu337Asp					HIGH	partial coverage: RING+BRCT domains only
GRCh38:17:43094520:T:G	2507342	Glu337Asp	c.1011A>C	2026-08-19	ClinVar esummary	ClinVar				clinical interpretation	NA	NA	NA		Uncertain significance	current=Uncertain significance; review=criteria provided, single submitter	MODERATE	
GRCh38:17:43082431:T:G	2565340	Asn1444His	c.4330A>C	2026-08-19	Findlay SGE (MaveDB)	MaveDB			Findlay et al. 2018 (PMID 30209399)	saturation genome editing	saturation genome editing (HDR)	Asn1444His					HIGH	partial coverage: RING+BRCT domains only
GRCh38:17:43082431:T:G	2565340	Asn1444His	c.4330A>C	2026-08-19	ClinVar esummary	ClinVar				clinical interpretation	NA	NA	NA		Uncertain significance	current=Uncertain significance; review=criteria provided, multiple submitters, no conflicts	MODERATE	
GRCh38:17:43092757:A:C	2565342	Ile925Ser	c.2774T>G	2026-08-19	Findlay SGE (MaveDB)	MaveDB			Findlay et al. 2018 (PMID 30209399)	saturation genome editing	saturation genome editing (HDR)	Ile925Ser					HIGH	partial coverage: RING+BRCT domains only
GRCh38:17:43092757:A:C	2565342	Ile925Ser	c.2774T>G	2026-08-19	ClinVar esummary	ClinVar				clinical interpretation	NA	NA	NA		Uncertain significance	current=Uncertain significance; review=criteria provided, multiple submitters, no conflicts	MODERATE	
GRCh38:17:43094311:G:C	2565345	Ala407Gly	c.1220C>G	2026-08-19	Findlay SGE (MaveDB)	MaveDB			Findlay et al. 2018 (PMID 30209399)	saturation genome editing	saturation genome editing (HDR)	Ala407Gly					HIGH	partial coverage: RING+BRCT domains only
GRCh38:17:43094311:G:C	2565345	Ala407Gly	c.1220C>G	2026-08-19	ClinVar esummary	ClinVar				clinical interpretation	NA	NA	NA		Uncertain significance	current=Uncertain significance; review=criteria provided, single submitter	MODERATE	
GRCh38:17:43092876:G:C	2565359	Phe885Leu	c.2655C>G	2026-08-19	Findlay SGE (MaveDB)	MaveDB			Findlay et al. 2018 (PMID 30209399)	saturation genome editing	saturation genome editing (HDR)	Phe885Leu					HIGH	partial coverage: RING+BRCT domains only
GRCh38:17:43092876:G:C	2565359	Phe885Leu	c.2655C>G	2026-08-19	ClinVar esummary	ClinVar				clinical interpretation	NA	NA	NA		Uncertain significance	current=Uncertain significance; review=criteria provided, single submitter	MODERATE	
GRCh38:17:43092876:G:C	2565359	Phe885Leu	c.2655C>G	2026-08-19	BRCA1 Phe885Leu	PubMed	42611417		Hormonal contraceptives and cancer risk in women with a BRCA1 or BRCA2 pathogenic variant.	publication	NA	NA	NA			NA	UNCLEAR	
GRCh38:17:43092876:G:C	2565359	Phe885Leu	c.2655C>G	2026-08-19	BRCA1 Phe885Leu	PubMed	42610144		AI-driven CRISPR strategies in breast cancer: Organoid modeling, adaptive editing, and precision delivery.	publication	NA	NA	NA			NA	UNCLEAR	
GRCh38:17:43092876:G:C	2565359	Phe885Leu	c.2655C>G	2026-08-19	BRCA1 Phe885Leu	PubMed	42610096		Alliance A022106: A Phase II/III Trial of Nab-Paclitaxel and Gemcitabine ± Cisplatin as Second-Line Treatment for BRCA1/2 or PALB2 Mutant Metastatic Pancreatic Ductal Adenocarcinoma (PLATINUM).	publication	NA	NA	NA			NA	UNCLEAR	
GRCh38:17:43092876:G:C	2565359	Phe885Leu	c.2655C>G	2026-08-19	BRCA1 Phe885Leu	PubMed	42609953		Adaptive Surgical Decision-Making for Synchronous Metastatic Pancreatic Cancer and Early Breast Cancer with a BRCA1 Pathogenic Variant: A Case Report.	publication	NA	NA	NA			NA	UNCLEAR	
GRCh38:17:43092876:G:C	2565359	Phe885Leu	c.2655C>G	2026-08-19	BRCA1 Phe885Leu	PubMed	42609763		An Unusual Presentation of Dermatofibrosarcoma Protuberans (DFSP): The Role of Advanced Molecular Testing in Collagen Type I Alpha 1 Chain (COL1A1)-Negative Cases.	publication	NA	NA	NA			NA	UNCLEAR	
GRCh38:17:43092876:G:C	2565359	Phe885Leu	c.2655C>G	2026-08-19	BRCA1 c.2655C>G	PubMed	42609450		Biomarker testing in advanced or metastatic hormone receptor-positive, human epidermal growth factor receptor 2 negative breast cancer: expert recommendations.	publication	NA	NA	NA			NA	UNCLEAR	
GRCh38:17:43092876:G:C	2565359	Phe885Leu	c.2655C>G	2026-08-19	BRCA1 c.2655C>G	PubMed	42581048		A ubiquitin chain-feeding mechanism for BRCA1-A.	publication	NA	NA	NA			NA	UNCLEAR	
GRCh38:17:43092876:G:C	2565359	Phe885Leu	c.2655C>G	2026-08-19	BRCA1 c.2655C>G	PubMed	42572185		Current Advances of Molecular Biomarkers and Liquid Biopsies Techniques in Ovarian Cancer.	publication	NA	NA	NA			NA	UNCLEAR	
GRCh38:17:43092876:G:C	2565359	Phe885Leu	c.2655C>G	2026-08-19	BRCA1 c.2655C>G	PubMed	42558868		Rewired DDR-TGF-β-β-catenin-PD-L1 axis accelerates progression and shapes therapy in human papillomavirus-driven cancer.	publication	NA	NA	NA			NA	UNCLEAR	
GRCh38:17:43092876:G:C	2565359	Phe885Leu	c.2655C>G	2026-08-19	BRCA1 c.2655C>G	PubMed	42513228		Breast Cancer: Epidemiology, Molecular Classification, Diagnostics and Evolving Treatment Paradigms.	publication	NA	NA	NA			NA	UNCLEAR	
GRCh38:17:43093486:T:C	2570989	Asn682Ser	c.2045A>G	2026-08-19	Findlay SGE (MaveDB)	MaveDB			Findlay et al. 2018 (PMID 30209399)	saturation genome editing	saturation genome editing (HDR)	Asn682Ser					HIGH	partial coverage: RING+BRCT domains only
GRCh38:17:43093486:T:C	2570989	Asn682Ser	c.2045A>G	2026-08-19	ClinVar esummary	ClinVar				clinical interpretation	NA	NA	NA		Uncertain significance	current=Uncertain significance; review=criteria provided, multiple submitters, no conflicts	MODERATE	
GRCh38:17:43092433:T:C	2574388	Glu1033Gly	c.3098A>G	2026-08-19	Findlay SGE (MaveDB)	MaveDB			Findlay et al. 2018 (PMID 30209399)	saturation genome editing	saturation genome editing (HDR)	Glu1033Gly					HIGH	partial coverage: RING+BRCT domains only
GRCh38:17:43092433:T:C	2574388	Glu1033Gly	c.3098A>G	2026-08-19	ClinVar esummary	ClinVar				clinical interpretation	NA	NA	NA		Uncertain significance	current=Uncertain significance; review=criteria provided, multiple submitters, no conflicts	MODERATE	
GRCh38:17:43092670:A:G	2585820	Leu954Pro	c.2861T>C	2026-08-19	Findlay SGE (MaveDB)	MaveDB			Findlay et al. 2018 (PMID 30209399)	saturation genome editing	saturation genome editing (HDR)	Leu954Pro					HIGH	partial coverage: RING+BRCT domains only
GRCh38:17:43092670:A:G	2585820	Leu954Pro	c.2861T>C	2026-08-19	ClinVar esummary	ClinVar				clinical interpretation	NA	NA	NA		Uncertain significance	current=Uncertain significance; review=criteria provided, multiple submitters, no conflicts	MODERATE	
GRCh38:17:43094557:T:C	2585822	Lys325Arg	c.974A>G	2026-08-19	Findlay SGE (MaveDB)	MaveDB			Findlay et al. 2018 (PMID 30209399)	saturation genome editing	saturation genome editing (HDR)	Lys325Arg					HIGH	partial coverage: RING+BRCT domains only
GRCh38:17:43094557:T:C	2585822	Lys325Arg	c.974A>G	2026-08-19	ClinVar esummary	ClinVar				clinical interpretation	NA	NA	NA		Uncertain significance	current=Uncertain significance; review=criteria provided, single submitter	MODERATE	
GRCh38:17:43094557:T:C	2585822	Lys325Arg	c.974A>G	2026-08-19	BRCA1 Lys325Arg	PubMed	42611417		Hormonal contraceptives and cancer risk in women with a BRCA1 or BRCA2 pathogenic variant.	publication	NA	NA	NA			NA	UNCLEAR	
GRCh38:17:43094557:T:C	2585822	Lys325Arg	c.974A>G	2026-08-19	BRCA1 Lys325Arg	PubMed	42610144		AI-driven CRISPR strategies in breast cancer: Organoid modeling, adaptive editing, and precision delivery.	publication	NA	NA	NA			NA	UNCLEAR	
GRCh38:17:43094557:T:C	2585822	Lys325Arg	c.974A>G	2026-08-19	BRCA1 Lys325Arg	PubMed	42610096		Alliance A022106: A Phase II/III Trial of Nab-Paclitaxel and Gemcitabine ± Cisplatin as Second-Line Treatment for BRCA1/2 or PALB2 Mutant Metastatic Pancreatic Ductal Adenocarcinoma (PLATINUM).	publication	NA	NA	NA			NA	UNCLEAR	
GRCh38:17:43094557:T:C	2585822	Lys325Arg	c.974A>G	2026-08-19	BRCA1 Lys325Arg	PubMed	42609953		Adaptive Surgical Decision-Making for Synchronous Metastatic Pancreatic Cancer and Early Breast Cancer with a BRCA1 Pathogenic Variant: A Case Report.	publication	NA	NA	NA			NA	UNCLEAR	
GRCh38:17:43094557:T:C	2585822	Lys325Arg	c.974A>G	2026-08-19	BRCA1 Lys325Arg	PubMed	42609763		An Unusual Presentation of Dermatofibrosarcoma Protuberans (DFSP): The Role of Advanced Molecular Testing in Collagen Type I Alpha 1 Chain (COL1A1)-Negative Cases.	publication	NA	NA	NA			NA	UNCLEAR	
GRCh38:17:43094557:T:C	2585822	Lys325Arg	c.974A>G	2026-08-19	BRCA1 c.974A>G	PubMed	42609450		Biomarker testing in advanced or metastatic hormone receptor-positive, human epidermal growth factor receptor 2 negative breast cancer: expert recommendations.	publication	NA	NA	NA			NA	UNCLEAR	
GRCh38:17:43094557:T:C	2585822	Lys325Arg	c.974A>G	2026-08-19	BRCA1 c.974A>G	PubMed	42581048		A ubiquitin chain-feeding mechanism for BRCA1-A.	publication	NA	NA	NA			NA	UNCLEAR	
GRCh38:17:43094557:T:C	2585822	Lys325Arg	c.974A>G	2026-08-19	BRCA1 c.974A>G	PubMed	42572185		Current Advances of Molecular Biomarkers and Liquid Biopsies Techniques in Ovarian Cancer.	publication	NA	NA	NA			NA	UNCLEAR	
GRCh38:17:43094557:T:C	2585822	Lys325Arg	c.974A>G	2026-08-19	BRCA1 c.974A>G	PubMed	42558868		Rewired DDR-TGF-β-β-catenin-PD-L1 axis accelerates progression and shapes therapy in human papillomavirus-driven cancer.	publication	NA	NA	NA			NA	UNCLEAR	
GRCh38:17:43094557:T:C	2585822	Lys325Arg	c.974A>G	2026-08-19	BRCA1 c.974A>G	PubMed	42513228		Breast Cancer: Epidemiology, Molecular Classification, Diagnostics and Evolving Treatment Paradigms.	publication	NA	NA	NA			NA	UNCLEAR	
GRCh38:17:43094459:G:C	2585832	Leu358Val	c.1072C>G	2026-08-19	Findlay SGE (MaveDB)	MaveDB			Findlay et al. 2018 (PMID 30209399)	saturation genome editing	saturation genome editing (HDR)	Leu358Val					HIGH	partial coverage: RING+BRCT domains only
GRCh38:17:43094459:G:C	2585832	Leu358Val	c.1072C>G	2026-08-19	ClinVar esummary	ClinVar				clinical interpretation	NA	NA	NA		Uncertain significance	current=Uncertain significance; review=criteria provided, single submitter	MODERATE	
GRCh38:17:43076608:A:G	2585837	Leu1455Ser	c.4364T>C	2026-08-19	Findlay SGE (MaveDB)	MaveDB			Findlay et al. 2018 (PMID 30209399)	saturation genome editing	saturation genome editing (HDR)	Leu1455Ser					HIGH	partial coverage: RING+BRCT domains only
GRCh38:17:43076608:A:G	2585837	Leu1455Ser	c.4364T>C	2026-08-19	ClinVar esummary	ClinVar				clinical interpretation	NA	NA	NA		Uncertain significance	current=Uncertain significance; review=criteria provided, single submitter	MODERATE	
GRCh38:17:43091760:C:G	2591721	Glu1257Asp	c.3771G>C	2026-08-19	Findlay SGE (MaveDB)	MaveDB			Findlay et al. 2018 (PMID 30209399)	saturation genome editing	saturation genome editing (HDR)	Glu1257Asp					HIGH	partial coverage: RING+BRCT domains only
GRCh38:17:43091760:C:G	2591721	Glu1257Asp	c.3771G>C	2026-08-19	ClinVar esummary	ClinVar				clinical interpretation	NA	NA	NA		Uncertain significance	current=Uncertain significance; review=criteria provided, multiple submitters, no conflicts	MODERATE	
GRCh38:17:43104255:T:C	2680208	Asn103Ser	c.308A>G	2026-08-19	Findlay SGE (MaveDB)	MaveDB			Findlay et al. 2018 (PMID 30209399)	saturation genome editing	saturation genome editing (HDR)	Asn103Ser					HIGH	partial coverage: RING+BRCT domains only
GRCh38:17:43104255:T:C	2680208	Asn103Ser	c.308A>G	2026-08-19	ClinVar esummary	ClinVar				clinical interpretation	NA	NA	NA		Uncertain significance	current=Uncertain significance; review=criteria provided, multiple submitters, no conflicts	MODERATE	
GRCh38:17:43082408:T:A	2680222	Glu1451Asp	c.4353A>T	2026-08-19	Findlay SGE (MaveDB)	MaveDB			Findlay et al. 2018 (PMID 30209399)	saturation genome editing	saturation genome editing (HDR)	Glu1451Asp					HIGH	partial coverage: RING+BRCT domains only
GRCh38:17:43082408:T:A	2680222	Glu1451Asp	c.4353A>T	2026-08-19	ClinVar esummary	ClinVar				clinical interpretation	NA	NA	NA		Uncertain significance	current=Uncertain significance; review=criteria provided, single submitter	MODERATE	
GRCh38:17:43091697:C:G	2672697	Lys1278Asn	c.3834G>C	2026-08-19	Findlay SGE (MaveDB)	MaveDB			Findlay et al. 2018 (PMID 30209399)	saturation genome editing	saturation genome editing (HDR)	Lys1278Asn					HIGH	partial coverage: RING+BRCT domains only
GRCh38:17:43091697:C:G	2672697	Lys1278Asn	c.3834G>C	2026-08-19	ClinVar esummary	ClinVar				clinical interpretation	NA	NA	NA		Uncertain significance	current=Uncertain significance; review=criteria provided, single submitter	MODERATE	
GRCh38:17:43091697:C:G	2672697	Lys1278Asn	c.3834G>C	2026-08-19	BRCA1 Lys1278Asn	PubMed	42611417		Hormonal contraceptives and cancer risk in women with a BRCA1 or BRCA2 pathogenic variant.	publication	NA	NA	NA			NA	UNCLEAR	
GRCh38:17:43091697:C:G	2672697	Lys1278Asn	c.3834G>C	2026-08-19	BRCA1 Lys1278Asn	PubMed	42610144		AI-driven CRISPR strategies in breast cancer: Organoid modeling, adaptive editing, and precision delivery.	publication	NA	NA	NA			NA	UNCLEAR	
GRCh38:17:43091697:C:G	2672697	Lys1278Asn	c.3834G>C	2026-08-19	BRCA1 Lys1278Asn	PubMed	42610096		Alliance A022106: A Phase II/III Trial of Nab-Paclitaxel and Gemcitabine ± Cisplatin as Second-Line Treatment for BRCA1/2 or PALB2 Mutant Metastatic Pancreatic Ductal Adenocarcinoma (PLATINUM).	publication	NA	NA	NA			NA	UNCLEAR	
GRCh38:17:43091697:C:G	2672697	Lys1278Asn	c.3834G>C	2026-08-19	BRCA1 Lys1278Asn	PubMed	42609953		Adaptive Surgical Decision-Making for Synchronous Metastatic Pancreatic Cancer and Early Breast Cancer with a BRCA1 Pathogenic Variant: A Case Report.	publication	NA	NA	NA			NA	UNCLEAR	
GRCh38:17:43091697:C:G	2672697	Lys1278Asn	c.3834G>C	2026-08-19	BRCA1 Lys1278Asn	PubMed	42609763		An Unusual Presentation of Dermatofibrosarcoma Protuberans (DFSP): The Role of Advanced Molecular Testing in Collagen Type I Alpha 1 Chain (COL1A1)-Negative Cases.	publication	NA	NA	NA			NA	UNCLEAR	
GRCh38:17:43091697:C:G	2672697	Lys1278Asn	c.3834G>C	2026-08-19	BRCA1 c.3834G>C	PubMed	42609450		Biomarker testing in advanced or metastatic hormone receptor-positive, human epidermal growth factor receptor 2 negative breast cancer: expert recommendations.	publication	NA	NA	NA			NA	UNCLEAR	
GRCh38:17:43091697:C:G	2672697	Lys1278Asn	c.3834G>C	2026-08-19	BRCA1 c.3834G>C	PubMed	42584742		Real-world clinical outcomes of patients with early-stage TNBC and BRCAm who were treated with adjuvant capecitabine in the United States.	publication	NA	NA	NA			NA	UNCLEAR	
GRCh38:17:43091697:C:G	2672697	Lys1278Asn	c.3834G>C	2026-08-19	BRCA1 c.3834G>C	PubMed	42580099		Chemotherapy type and survival in young BRCA1/2 carriers with HER2-negative early breast cancer.	publication	NA	NA	NA			NA	UNCLEAR	
GRCh38:17:43091697:C:G	2672697	Lys1278Asn	c.3834G>C	2026-08-19	BRCA1 c.3834G>C	PubMed	42560601		BRCA1-derived peptide constructs exhibit sequence-dependent features compatible with modulation of the p53-MDM2 axis.	publication	NA	NA	NA			NA	UNCLEAR	
GRCh38:17:43091697:C:G	2672697	Lys1278Asn	c.3834G>C	2026-08-19	BRCA1 c.3834G>C	PubMed	42524928		Whole-genome sequencing in Brazilian patients with neurofibromatosis type 1, including novel variants, incidental findings, and dual diagnoses.	publication	NA	NA	NA			NA	UNCLEAR	
GRCh38:17:43076494:A:G	2698834	Val1493Ala	c.4478T>C	2026-08-19	Findlay SGE (MaveDB)	MaveDB			Findlay et al. 2018 (PMID 30209399)	saturation genome editing	saturation genome editing (HDR)	Val1493Ala					HIGH	partial coverage: RING+BRCT domains only
GRCh38:17:43076494:A:G	2698834	Val1493Ala	c.4478T>C	2026-08-19	ClinVar esummary	ClinVar				clinical interpretation	NA	NA	NA		Uncertain significance	current=Uncertain significance; review=criteria provided, single submitter	MODERATE	
GRCh38:17:43093304:T:C	2696704	Asn743Asp	c.2227A>G	2026-08-19	Findlay SGE (MaveDB)	MaveDB			Findlay et al. 2018 (PMID 30209399)	saturation genome editing	saturation genome editing (HDR)	Asn743Asp					HIGH	partial coverage: RING+BRCT domains only
GRCh38:17:43093304:T:C	2696704	Asn743Asp	c.2227A>G	2026-08-19	ClinVar esummary	ClinVar				clinical interpretation	NA	NA	NA		Uncertain significance	current=Uncertain significance; review=criteria provided, multiple submitters, no conflicts	MODERATE	
GRCh38:17:43093304:T:C	2696704	Asn743Asp	c.2227A>G	2026-08-19	BRCA1 Asn743Asp	PubMed	42611417		Hormonal contraceptives and cancer risk in women with a BRCA1 or BRCA2 pathogenic variant.	publication	NA	NA	NA			NA	UNCLEAR	
GRCh38:17:43093304:T:C	2696704	Asn743Asp	c.2227A>G	2026-08-19	BRCA1 Asn743Asp	PubMed	42610144		AI-driven CRISPR strategies in breast cancer: Organoid modeling, adaptive editing, and precision delivery.	publication	NA	NA	NA			NA	UNCLEAR	
GRCh38:17:43093304:T:C	2696704	Asn743Asp	c.2227A>G	2026-08-19	BRCA1 Asn743Asp	PubMed	42610096		Alliance A022106: A Phase II/III Trial of Nab-Paclitaxel and Gemcitabine ± Cisplatin as Second-Line Treatment for BRCA1/2 or PALB2 Mutant Metastatic Pancreatic Ductal Adenocarcinoma (PLATINUM).	publication	NA	NA	NA			NA	UNCLEAR	
GRCh38:17:43093304:T:C	2696704	Asn743Asp	c.2227A>G	2026-08-19	BRCA1 Asn743Asp	PubMed	42609953		Adaptive Surgical Decision-Making for Synchronous Metastatic Pancreatic Cancer and Early Breast Cancer with a BRCA1 Pathogenic Variant: A Case Report.	publication	NA	NA	NA			NA	UNCLEAR	
GRCh38:17:43093304:T:C	2696704	Asn743Asp	c.2227A>G	2026-08-19	BRCA1 Asn743Asp	PubMed	42609763		An Unusual Presentation of Dermatofibrosarcoma Protuberans (DFSP): The Role of Advanced Molecular Testing in Collagen Type I Alpha 1 Chain (COL1A1)-Negative Cases.	publication	NA	NA	NA			NA	UNCLEAR	
GRCh38:17:43093304:T:C	2696704	Asn743Asp	c.2227A>G	2026-08-19	BRCA1 c.2227A>G	PubMed	42609450		Biomarker testing in advanced or metastatic hormone receptor-positive, human epidermal growth factor receptor 2 negative breast cancer: expert recommendations.	publication	NA	NA	NA			NA	UNCLEAR	
GRCh38:17:43093304:T:C	2696704	Asn743Asp	c.2227A>G	2026-08-19	BRCA1 c.2227A>G	PubMed	42581048		A ubiquitin chain-feeding mechanism for BRCA1-A.	publication	NA	NA	NA			NA	UNCLEAR	
GRCh38:17:43093304:T:C	2696704	Asn743Asp	c.2227A>G	2026-08-19	BRCA1 c.2227A>G	PubMed	42572185		Current Advances of Molecular Biomarkers and Liquid Biopsies Techniques in Ovarian Cancer.	publication	NA	NA	NA			NA	UNCLEAR	
GRCh38:17:43093304:T:C	2696704	Asn743Asp	c.2227A>G	2026-08-19	BRCA1 c.2227A>G	PubMed	42558868		Rewired DDR-TGF-β-β-catenin-PD-L1 axis accelerates progression and shapes therapy in human papillomavirus-driven cancer.	publication	NA	NA	NA			NA	UNCLEAR	
GRCh38:17:43093304:T:C	2696704	Asn743Asp	c.2227A>G	2026-08-19	BRCA1 c.2227A>G	PubMed	42513228		Breast Cancer: Epidemiology, Molecular Classification, Diagnostics and Evolving Treatment Paradigms.	publication	NA	NA	NA			NA	UNCLEAR	
GRCh38:17:43093982:A:T	2716815	Phe517Ile	c.1549T>A	2026-08-19	Findlay SGE (MaveDB)	MaveDB			Findlay et al. 2018 (PMID 30209399)	saturation genome editing	saturation genome editing (HDR)	Phe517Ile					HIGH	partial coverage: RING+BRCT domains only
GRCh38:17:43093982:A:T	2716815	Phe517Ile	c.1549T>A	2026-08-19	ClinVar esummary	ClinVar				clinical interpretation	NA	NA	NA		Uncertain significance	current=Uncertain significance; review=criteria provided, single submitter	MODERATE	
GRCh38:17:43093982:A:T	2716815	Phe517Ile	c.1549T>A	2026-08-19	BRCA1 Phe517Ile	PubMed	42611417		Hormonal contraceptives and cancer risk in women with a BRCA1 or BRCA2 pathogenic variant.	publication	NA	NA	NA			NA	UNCLEAR	
GRCh38:17:43093982:A:T	2716815	Phe517Ile	c.1549T>A	2026-08-19	BRCA1 Phe517Ile	PubMed	42610144		AI-driven CRISPR strategies in breast cancer: Organoid modeling, adaptive editing, and precision delivery.	publication	NA	NA	NA			NA	UNCLEAR	
GRCh38:17:43093982:A:T	2716815	Phe517Ile	c.1549T>A	2026-08-19	BRCA1 Phe517Ile	PubMed	42610096		Alliance A022106: A Phase II/III Trial of Nab-Paclitaxel and Gemcitabine ± Cisplatin as Second-Line Treatment for BRCA1/2 or PALB2 Mutant Metastatic Pancreatic Ductal Adenocarcinoma (PLATINUM).	publication	NA	NA	NA			NA	UNCLEAR	
GRCh38:17:43093982:A:T	2716815	Phe517Ile	c.1549T>A	2026-08-19	BRCA1 Phe517Ile	PubMed	42609953		Adaptive Surgical Decision-Making for Synchronous Metastatic Pancreatic Cancer and Early Breast Cancer with a BRCA1 Pathogenic Variant: A Case Report.	publication	NA	NA	NA			NA	UNCLEAR	
GRCh38:17:43093982:A:T	2716815	Phe517Ile	c.1549T>A	2026-08-19	BRCA1 Phe517Ile	PubMed	42609763		An Unusual Presentation of Dermatofibrosarcoma Protuberans (DFSP): The Role of Advanced Molecular Testing in Collagen Type I Alpha 1 Chain (COL1A1)-Negative Cases.	publication	NA	NA	NA			NA	UNCLEAR	
GRCh38:17:43093982:A:T	2716815	Phe517Ile	c.1549T>A	2026-08-19	BRCA1 c.1549T>A	PubMed	42611417		Hormonal contraceptives and cancer risk in women with a BRCA1 or BRCA2 pathogenic variant.	publication	NA	NA	NA			NA	UNCLEAR	
GRCh38:17:43093982:A:T	2716815	Phe517Ile	c.1549T>A	2026-08-19	BRCA1 c.1549T>A	PubMed	42610144		AI-driven CRISPR strategies in breast cancer: Organoid modeling, adaptive editing, and precision delivery.	publication	NA	NA	NA			NA	UNCLEAR	
GRCh38:17:43093982:A:T	2716815	Phe517Ile	c.1549T>A	2026-08-19	BRCA1 c.1549T>A	PubMed	42610096		Alliance A022106: A Phase II/III Trial of Nab-Paclitaxel and Gemcitabine ± Cisplatin as Second-Line Treatment for BRCA1/2 or PALB2 Mutant Metastatic Pancreatic Ductal Adenocarcinoma (PLATINUM).	publication	NA	NA	NA			NA	UNCLEAR	
GRCh38:17:43093982:A:T	2716815	Phe517Ile	c.1549T>A	2026-08-19	BRCA1 c.1549T>A	PubMed	42609953		Adaptive Surgical Decision-Making for Synchronous Metastatic Pancreatic Cancer and Early Breast Cancer with a BRCA1 Pathogenic Variant: A Case Report.	publication	NA	NA	NA			NA	UNCLEAR	
GRCh38:17:43093982:A:T	2716815	Phe517Ile	c.1549T>A	2026-08-19	BRCA1 c.1549T>A	PubMed	42609763		An Unusual Presentation of Dermatofibrosarcoma Protuberans (DFSP): The Role of Advanced Molecular Testing in Collagen Type I Alpha 1 Chain (COL1A1)-Negative Cases.	publication	NA	NA	NA			NA	UNCLEAR	
GRCh38:17:43094290:T:C	2730714	Asp414Gly	c.1241A>G	2026-08-19	Findlay SGE (MaveDB)	MaveDB			Findlay et al. 2018 (PMID 30209399)	saturation genome editing	saturation genome editing (HDR)	Asp414Gly					HIGH	partial coverage: RING+BRCT domains only
GRCh38:17:43094290:T:C	2730714	Asp414Gly	c.1241A>G	2026-08-19	ClinVar esummary	ClinVar				clinical interpretation	NA	NA	NA		Uncertain significance	current=Uncertain significance; review=criteria provided, single submitter	MODERATE	
GRCh38:17:43082543:C:G	2731680	Lys1406Asn	c.4218G>C	2026-08-19	Findlay SGE (MaveDB)	MaveDB			Findlay et al. 2018 (PMID 30209399)	saturation genome editing	saturation genome editing (HDR)	Lys1406Asn					HIGH	partial coverage: RING+BRCT domains only
GRCh38:17:43082543:C:G	2731680	Lys1406Asn	c.4218G>C	2026-08-19	ClinVar esummary	ClinVar				clinical interpretation	NA	NA	NA		Uncertain significance	current=Uncertain significance; review=criteria provided, single submitter	MODERATE	
GRCh38:17:43094342:C:T	2744350	Asp397Asn	c.1189G>A	2026-08-19	Findlay SGE (MaveDB)	MaveDB			Findlay et al. 2018 (PMID 30209399)	saturation genome editing	saturation genome editing (HDR)	Asp397Asn					HIGH	partial coverage: RING+BRCT domains only
GRCh38:17:43094342:C:T	2744350	Asp397Asn	c.1189G>A	2026-08-19	ClinVar esummary	ClinVar				clinical interpretation	NA	NA	NA		Uncertain significance	current=Uncertain significance; review=criteria provided, multiple submitters, no conflicts	MODERATE	
GRCh38:17:43082446:G:C	2747718	Leu1439Val	c.4315C>G	2026-08-19	Findlay SGE (MaveDB)	MaveDB			Findlay et al. 2018 (PMID 30209399)	saturation genome editing	saturation genome editing (HDR)	Leu1439Val					HIGH	partial coverage: RING+BRCT domains only
GRCh38:17:43082446:G:C	2747718	Leu1439Val	c.4315C>G	2026-08-19	ClinVar esummary	ClinVar				clinical interpretation	NA	NA	NA		Uncertain significance	current=Uncertain significance; review=criteria provided, single submitter	MODERATE	
GRCh38:17:43076566:G:C	2746294	Pro1469Arg	c.4406C>G	2026-08-19	Findlay SGE (MaveDB)	MaveDB			Findlay et al. 2018 (PMID 30209399)	saturation genome editing	saturation genome editing (HDR)	Pro1469Arg					HIGH	partial coverage: RING+BRCT domains only
GRCh38:17:43076566:G:C	2746294	Pro1469Arg	c.4406C>G	2026-08-19	ClinVar esummary	ClinVar				clinical interpretation	NA	NA	NA		Uncertain significance	current=Uncertain significance; review=criteria provided, single submitter	MODERATE	
GRCh38:17:43091782:T:C	2748795	Glu1250Gly	c.3749A>G	2026-08-19	Findlay SGE (MaveDB)	MaveDB			Findlay et al. 2018 (PMID 30209399)	saturation genome editing	saturation genome editing (HDR)	Glu1250Gly					HIGH	partial coverage: RING+BRCT domains only
GRCh38:17:43091782:T:C	2748795	Glu1250Gly	c.3749A>G	2026-08-19	ClinVar esummary	ClinVar				clinical interpretation	NA	NA	NA		Uncertain significance	current=Uncertain significance; review=criteria provided, single submitter	MODERATE	
GRCh38:17:43093071:T:A	2755706	Lys820Asn	c.2460A>T	2026-08-19	Findlay SGE (MaveDB)	MaveDB			Findlay et al. 2018 (PMID 30209399)	saturation genome editing	saturation genome editing (HDR)	Lys820Asn					HIGH	partial coverage: RING+BRCT domains only
GRCh38:17:43093071:T:A	2755706	Lys820Asn	c.2460A>T	2026-08-19	ClinVar esummary	ClinVar				clinical interpretation	NA	NA	NA		Uncertain significance	current=Uncertain significance; review=criteria provided, single submitter	MODERATE	
GRCh38:17:43094293:A:C	2757431	Leu413Trp	c.1238T>G	2026-08-19	Findlay SGE (MaveDB)	MaveDB			Findlay et al. 2018 (PMID 30209399)	saturation genome editing	saturation genome editing (HDR)	Leu413Trp					HIGH	partial coverage: RING+BRCT domains only
GRCh38:17:43094293:A:C	2757431	Leu413Trp	c.1238T>G	2026-08-19	ClinVar esummary	ClinVar				clinical interpretation	NA	NA	NA		Uncertain significance	current=Uncertain significance; review=criteria provided, single submitter	MODERATE	
GRCh38:17:43094293:A:C	2757431	Leu413Trp	c.1238T>G	2026-08-19	BRCA1 Leu413Trp	PubMed	42611417		Hormonal contraceptives and cancer risk in women with a BRCA1 or BRCA2 pathogenic variant.	publication	NA	NA	NA			NA	UNCLEAR	
GRCh38:17:43094293:A:C	2757431	Leu413Trp	c.1238T>G	2026-08-19	BRCA1 Leu413Trp	PubMed	42610144		AI-driven CRISPR strategies in breast cancer: Organoid modeling, adaptive editing, and precision delivery.	publication	NA	NA	NA			NA	UNCLEAR	
GRCh38:17:43094293:A:C	2757431	Leu413Trp	c.1238T>G	2026-08-19	BRCA1 Leu413Trp	PubMed	42610096		Alliance A022106: A Phase II/III Trial of Nab-Paclitaxel and Gemcitabine ± Cisplatin as Second-Line Treatment for BRCA1/2 or PALB2 Mutant Metastatic Pancreatic Ductal Adenocarcinoma (PLATINUM).	publication	NA	NA	NA			NA	UNCLEAR	
GRCh38:17:43094293:A:C	2757431	Leu413Trp	c.1238T>G	2026-08-19	BRCA1 Leu413Trp	PubMed	42609953		Adaptive Surgical Decision-Making for Synchronous Metastatic Pancreatic Cancer and Early Breast Cancer with a BRCA1 Pathogenic Variant: A Case Report.	publication	NA	NA	NA			NA	UNCLEAR	
GRCh38:17:43094293:A:C	2757431	Leu413Trp	c.1238T>G	2026-08-19	BRCA1 Leu413Trp	PubMed	42609763		An Unusual Presentation of Dermatofibrosarcoma Protuberans (DFSP): The Role of Advanced Molecular Testing in Collagen Type I Alpha 1 Chain (COL1A1)-Negative Cases.	publication	NA	NA	NA			NA	UNCLEAR	
GRCh38:17:43094293:A:C	2757431	Leu413Trp	c.1238T>G	2026-08-19	BRCA1 c.1238T>G	PubMed	42609450		Biomarker testing in advanced or metastatic hormone receptor-positive, human epidermal growth factor receptor 2 negative breast cancer: expert recommendations.	publication	NA	NA	NA			NA	UNCLEAR	
GRCh38:17:43094293:A:C	2757431	Leu413Trp	c.1238T>G	2026-08-19	BRCA1 c.1238T>G	PubMed	42581048		A ubiquitin chain-feeding mechanism for BRCA1-A.	publication	NA	NA	NA			NA	UNCLEAR	
GRCh38:17:43094293:A:C	2757431	Leu413Trp	c.1238T>G	2026-08-19	BRCA1 c.1238T>G	PubMed	42572185		Current Advances of Molecular Biomarkers and Liquid Biopsies Techniques in Ovarian Cancer.	publication	NA	NA	NA			NA	UNCLEAR	
GRCh38:17:43094293:A:C	2757431	Leu413Trp	c.1238T>G	2026-08-19	BRCA1 c.1238T>G	PubMed	42558868		Rewired DDR-TGF-β-β-catenin-PD-L1 axis accelerates progression and shapes therapy in human papillomavirus-driven cancer.	publication	NA	NA	NA			NA	UNCLEAR	
GRCh38:17:43094293:A:C	2757431	Leu413Trp	c.1238T>G	2026-08-19	BRCA1 c.1238T>G	PubMed	42513228		Breast Cancer: Epidemiology, Molecular Classification, Diagnostics and Evolving Treatment Paradigms.	publication	NA	NA	NA			NA	UNCLEAR	
GRCh38:17:43091590:T:C	2757680	Asp1314Gly	c.3941A>G	2026-08-19	Findlay SGE (MaveDB)	MaveDB			Findlay et al. 2018 (PMID 30209399)	saturation genome editing	saturation genome editing (HDR)	Asp1314Gly					HIGH	partial coverage: RING+BRCT domains only
GRCh38:17:43091590:T:C	2757680	Asp1314Gly	c.3941A>G	2026-08-19	ClinVar esummary	ClinVar				clinical interpretation	NA	NA	NA		Uncertain significance	current=Uncertain significance; review=criteria provided, single submitter	MODERATE	
GRCh38:17:43092929:A:G	2759181	Ser868Pro	c.2602T>C	2026-08-19	Findlay SGE (MaveDB)	MaveDB			Findlay et al. 2018 (PMID 30209399)	saturation genome editing	saturation genome editing (HDR)	Ser868Pro					HIGH	partial coverage: RING+BRCT domains only
GRCh38:17:43092929:A:G	2759181	Ser868Pro	c.2602T>C	2026-08-19	ClinVar esummary	ClinVar				clinical interpretation	NA	NA	NA		Uncertain significance	current=Uncertain significance; review=criteria provided, single submitter	MODERATE	
GRCh38:17:43092929:A:G	2759181	Ser868Pro	c.2602T>C	2026-08-19	BRCA1 Ser868Pro	PubMed	42611417		Hormonal contraceptives and cancer risk in women with a BRCA1 or BRCA2 pathogenic variant.	publication	NA	NA	NA			NA	UNCLEAR	
GRCh38:17:43092929:A:G	2759181	Ser868Pro	c.2602T>C	2026-08-19	BRCA1 Ser868Pro	PubMed	42610144		AI-driven CRISPR strategies in breast cancer: Organoid modeling, adaptive editing, and precision delivery.	publication	NA	NA	NA			NA	UNCLEAR	
GRCh38:17:43092929:A:G	2759181	Ser868Pro	c.2602T>C	2026-08-19	BRCA1 Ser868Pro	PubMed	42610096		Alliance A022106: A Phase II/III Trial of Nab-Paclitaxel and Gemcitabine ± Cisplatin as Second-Line Treatment for BRCA1/2 or PALB2 Mutant Metastatic Pancreatic Ductal Adenocarcinoma (PLATINUM).	publication	NA	NA	NA			NA	UNCLEAR	
GRCh38:17:43092929:A:G	2759181	Ser868Pro	c.2602T>C	2026-08-19	BRCA1 Ser868Pro	PubMed	42609953		Adaptive Surgical Decision-Making for Synchronous Metastatic Pancreatic Cancer and Early Breast Cancer with a BRCA1 Pathogenic Variant: A Case Report.	publication	NA	NA	NA			NA	UNCLEAR	
GRCh38:17:43092929:A:G	2759181	Ser868Pro	c.2602T>C	2026-08-19	BRCA1 Ser868Pro	PubMed	42609763		An Unusual Presentation of Dermatofibrosarcoma Protuberans (DFSP): The Role of Advanced Molecular Testing in Collagen Type I Alpha 1 Chain (COL1A1)-Negative Cases.	publication	NA	NA	NA			NA	UNCLEAR	
GRCh38:17:43092929:A:G	2759181	Ser868Pro	c.2602T>C	2026-08-19	BRCA1 c.2602T>C	PubMed	42609450		Biomarker testing in advanced or metastatic hormone receptor-positive, human epidermal growth factor receptor 2 negative breast cancer: expert recommendations.	publication	NA	NA	NA			NA	UNCLEAR	
GRCh38:17:43092929:A:G	2759181	Ser868Pro	c.2602T>C	2026-08-19	BRCA1 c.2602T>C	PubMed	42584742		Real-world clinical outcomes of patients with early-stage TNBC and BRCAm who were treated with adjuvant capecitabine in the United States.	publication	NA	NA	NA			NA	UNCLEAR	
GRCh38:17:43092929:A:G	2759181	Ser868Pro	c.2602T>C	2026-08-19	BRCA1 c.2602T>C	PubMed	42580099		Chemotherapy type and survival in young BRCA1/2 carriers with HER2-negative early breast cancer.	publication	NA	NA	NA			NA	UNCLEAR	
GRCh38:17:43092929:A:G	2759181	Ser868Pro	c.2602T>C	2026-08-19	BRCA1 c.2602T>C	PubMed	42560601		BRCA1-derived peptide constructs exhibit sequence-dependent features compatible with modulation of the p53-MDM2 axis.	publication	NA	NA	NA			NA	UNCLEAR	
GRCh38:17:43092929:A:G	2759181	Ser868Pro	c.2602T>C	2026-08-19	BRCA1 c.2602T>C	PubMed	42524928		Whole-genome sequencing in Brazilian patients with neurofibromatosis type 1, including novel variants, incidental findings, and dual diagnoses.	publication	NA	NA	NA			NA	UNCLEAR	
GRCh38:17:43082427:G:C	2748372	Pro1445Arg	c.4334C>G	2026-08-19	Findlay SGE (MaveDB)	MaveDB			Findlay et al. 2018 (PMID 30209399)	saturation genome editing	saturation genome editing (HDR)	Pro1445Arg					HIGH	partial coverage: RING+BRCT domains only
GRCh38:17:43082427:G:C	2748372	Pro1445Arg	c.4334C>G	2026-08-19	ClinVar esummary	ClinVar				clinical interpretation	NA	NA	NA		Uncertain significance	current=Uncertain significance; review=criteria provided, single submitter	MODERATE	
GRCh38:17:43082436:A:T	2748373	Leu1442Gln	c.4325T>A	2026-08-19	Findlay SGE (MaveDB)	MaveDB			Findlay et al. 2018 (PMID 30209399)	saturation genome editing	saturation genome editing (HDR)	Leu1442Gln					HIGH	partial coverage: RING+BRCT domains only
GRCh38:17:43082436:A:T	2748373	Leu1442Gln	c.4325T>A	2026-08-19	ClinVar esummary	ClinVar				clinical interpretation	NA	NA	NA		Uncertain significance	current=Uncertain significance; review=criteria provided, single submitter	MODERATE	
GRCh38:17:43092793:T:G	2765149	Asn913Thr	c.2738A>C	2026-08-19	Findlay SGE (MaveDB)	MaveDB			Findlay et al. 2018 (PMID 30209399)	saturation genome editing	saturation genome editing (HDR)	Asn913Thr					HIGH	partial coverage: RING+BRCT domains only
GRCh38:17:43092793:T:G	2765149	Asn913Thr	c.2738A>C	2026-08-19	ClinVar esummary	ClinVar				clinical interpretation	NA	NA	NA		Uncertain significance	current=Uncertain significance; review=criteria provided, single submitter	MODERATE	
GRCh38:17:43091629:C:A	2771887	Ser1301Ile	c.3902G>T	2026-08-19	Findlay SGE (MaveDB)	MaveDB			Findlay et al. 2018 (PMID 30209399)	saturation genome editing	saturation genome editing (HDR)	Ser1301Ile					HIGH	partial coverage: RING+BRCT domains only
GRCh38:17:43091629:C:A	2771887	Ser1301Ile	c.3902G>T	2026-08-19	ClinVar esummary	ClinVar				clinical interpretation	NA	NA	NA		Uncertain significance	current=Uncertain significance; review=criteria provided, single submitter	MODERATE	
GRCh38:17:43091629:C:A	2771887	Ser1301Ile	c.3902G>T	2026-08-19	BRCA1 Ser1301Ile	PubMed	42611417		Hormonal contraceptives and cancer risk in women with a BRCA1 or BRCA2 pathogenic variant.	publication	NA	NA	NA			NA	UNCLEAR	
GRCh38:17:43091629:C:A	2771887	Ser1301Ile	c.3902G>T	2026-08-19	BRCA1 Ser1301Ile	PubMed	42610144		AI-driven CRISPR strategies in breast cancer: Organoid modeling, adaptive editing, and precision delivery.	publication	NA	NA	NA			NA	UNCLEAR	
GRCh38:17:43091629:C:A	2771887	Ser1301Ile	c.3902G>T	2026-08-19	BRCA1 Ser1301Ile	PubMed	42610096		Alliance A022106: A Phase II/III Trial of Nab-Paclitaxel and Gemcitabine ± Cisplatin as Second-Line Treatment for BRCA1/2 or PALB2 Mutant Metastatic Pancreatic Ductal Adenocarcinoma (PLATINUM).	publication	NA	NA	NA			NA	UNCLEAR	
GRCh38:17:43091629:C:A	2771887	Ser1301Ile	c.3902G>T	2026-08-19	BRCA1 Ser1301Ile	PubMed	42609953		Adaptive Surgical Decision-Making for Synchronous Metastatic Pancreatic Cancer and Early Breast Cancer with a BRCA1 Pathogenic Variant: A Case Report.	publication	NA	NA	NA			NA	UNCLEAR	
GRCh38:17:43091629:C:A	2771887	Ser1301Ile	c.3902G>T	2026-08-19	BRCA1 Ser1301Ile	PubMed	42609763		An Unusual Presentation of Dermatofibrosarcoma Protuberans (DFSP): The Role of Advanced Molecular Testing in Collagen Type I Alpha 1 Chain (COL1A1)-Negative Cases.	publication	NA	NA	NA			NA	UNCLEAR	
GRCh38:17:43091629:C:A	2771887	Ser1301Ile	c.3902G>T	2026-08-19	BRCA1 c.3902G>T	PubMed	42610144		AI-driven CRISPR strategies in breast cancer: Organoid modeling, adaptive editing, and precision delivery.	publication	NA	NA	NA			NA	UNCLEAR	
GRCh38:17:43091629:C:A	2771887	Ser1301Ile	c.3902G>T	2026-08-19	BRCA1 c.3902G>T	PubMed	42609450		Biomarker testing in advanced or metastatic hormone receptor-positive, human epidermal growth factor receptor 2 negative breast cancer: expert recommendations.	publication	NA	NA	NA			NA	UNCLEAR	
GRCh38:17:43091629:C:A	2771887	Ser1301Ile	c.3902G>T	2026-08-19	BRCA1 c.3902G>T	PubMed	42597706		Germline BRCA1 pathogenic variants and T cell dysfunction.	publication	NA	NA	NA			NA	UNCLEAR	
GRCh38:17:43091629:C:A	2771887	Ser1301Ile	c.3902G>T	2026-08-19	BRCA1 c.3902G>T	PubMed	42581048		A ubiquitin chain-feeding mechanism for BRCA1-A.	publication	NA	NA	NA			NA	UNCLEAR	
GRCh38:17:43091629:C:A	2771887	Ser1301Ile	c.3902G>T	2026-08-19	BRCA1 c.3902G>T	PubMed	42580462		Mechanistic Insights into Genomic Basis of Crosstalk Between Metabolic Reprogramming and Immune Dysfunction in Ovarian Cancer.	publication	NA	NA	NA			NA	UNCLEAR	
GRCh38:17:43076545:T:C	2771147	Lys1476Arg	c.4427A>G	2026-08-19	Findlay SGE (MaveDB)	MaveDB			Findlay et al. 2018 (PMID 30209399)	saturation genome editing	saturation genome editing (HDR)	Lys1476Arg					HIGH	partial coverage: RING+BRCT domains only
GRCh38:17:43076545:T:C	2771147	Lys1476Arg	c.4427A>G	2026-08-19	ClinVar esummary	ClinVar				clinical interpretation	NA	NA	NA		Uncertain significance	current=Uncertain significance; review=criteria provided, single submitter	MODERATE	
GRCh38:17:43074444:T:C	2774834	Asn1521Ser	c.4562A>G	2026-08-19	Findlay SGE (MaveDB)	MaveDB			Findlay et al. 2018 (PMID 30209399)	saturation genome editing	saturation genome editing (HDR)	Asn1521Ser					HIGH	partial coverage: RING+BRCT domains only
GRCh38:17:43074444:T:C	2774834	Asn1521Ser	c.4562A>G	2026-08-19	ClinVar esummary	ClinVar				clinical interpretation	NA	NA	NA		Uncertain significance	current=Uncertain significance; review=criteria provided, multiple submitters, no conflicts	MODERATE	
GRCh38:17:43076593:C:G	2774835	Ser1460Thr	c.4379G>C	2026-08-19	Findlay SGE (MaveDB)	MaveDB			Findlay et al. 2018 (PMID 30209399)	saturation genome editing	saturation genome editing (HDR)	Ser1460Thr					HIGH	partial coverage: RING+BRCT domains only
GRCh38:17:43076593:C:G	2774835	Ser1460Thr	c.4379G>C	2026-08-19	ClinVar esummary	ClinVar				clinical interpretation	NA	NA	NA		Uncertain significance	current=Uncertain significance; review=criteria provided, single submitter	MODERATE	
GRCh38:17:43082534:C:G	2774838	Gln1409His	c.4227G>C	2026-08-19	Findlay SGE (MaveDB)	MaveDB			Findlay et al. 2018 (PMID 30209399)	saturation genome editing	saturation genome editing (HDR)	Gln1409His					HIGH	partial coverage: RING+BRCT domains only
GRCh38:17:43082534:C:G	2774838	Gln1409His	c.4227G>C	2026-08-19	ClinVar esummary	ClinVar				clinical interpretation	NA	NA	NA		Uncertain significance	current=Uncertain significance; review=criteria provided, multiple submitters, no conflicts	MODERATE	
GRCh38:17:43082534:C:G	2774838	Gln1409His	c.4227G>C	2026-08-19	BRCA1 Gln1409His	PubMed	42611417		Hormonal contraceptives and cancer risk in women with a BRCA1 or BRCA2 pathogenic variant.	publication	NA	NA	NA			NA	UNCLEAR	
GRCh38:17:43082534:C:G	2774838	Gln1409His	c.4227G>C	2026-08-19	BRCA1 Gln1409His	PubMed	42610144		AI-driven CRISPR strategies in breast cancer: Organoid modeling, adaptive editing, and precision delivery.	publication	NA	NA	NA			NA	UNCLEAR	
GRCh38:17:43082534:C:G	2774838	Gln1409His	c.4227G>C	2026-08-19	BRCA1 Gln1409His	PubMed	42610096		Alliance A022106: A Phase II/III Trial of Nab-Paclitaxel and Gemcitabine ± Cisplatin as Second-Line Treatment for BRCA1/2 or PALB2 Mutant Metastatic Pancreatic Ductal Adenocarcinoma (PLATINUM).	publication	NA	NA	NA			NA	UNCLEAR	
GRCh38:17:43082534:C:G	2774838	Gln1409His	c.4227G>C	2026-08-19	BRCA1 Gln1409His	PubMed	42609953		Adaptive Surgical Decision-Making for Synchronous Metastatic Pancreatic Cancer and Early Breast Cancer with a BRCA1 Pathogenic Variant: A Case Report.	publication	NA	NA	NA			NA	UNCLEAR	
GRCh38:17:43082534:C:G	2774838	Gln1409His	c.4227G>C	2026-08-19	BRCA1 Gln1409His	PubMed	42609763		An Unusual Presentation of Dermatofibrosarcoma Protuberans (DFSP): The Role of Advanced Molecular Testing in Collagen Type I Alpha 1 Chain (COL1A1)-Negative Cases.	publication	NA	NA	NA			NA	UNCLEAR	
GRCh38:17:43082534:C:G	2774838	Gln1409His	c.4227G>C	2026-08-19	BRCA1 c.4227G>C	PubMed	42609450		Biomarker testing in advanced or metastatic hormone receptor-positive, human epidermal growth factor receptor 2 negative breast cancer: expert recommendations.	publication	NA	NA	NA			NA	UNCLEAR	
GRCh38:17:43082534:C:G	2774838	Gln1409His	c.4227G>C	2026-08-19	BRCA1 c.4227G>C	PubMed	42584742		Real-world clinical outcomes of patients with early-stage TNBC and BRCAm who were treated with adjuvant capecitabine in the United States.	publication	NA	NA	NA			NA	UNCLEAR	
GRCh38:17:43082534:C:G	2774838	Gln1409His	c.4227G>C	2026-08-19	BRCA1 c.4227G>C	PubMed	42580099		Chemotherapy type and survival in young BRCA1/2 carriers with HER2-negative early breast cancer.	publication	NA	NA	NA			NA	UNCLEAR	
GRCh38:17:43082534:C:G	2774838	Gln1409His	c.4227G>C	2026-08-19	BRCA1 c.4227G>C	PubMed	42560601		BRCA1-derived peptide constructs exhibit sequence-dependent features compatible with modulation of the p53-MDM2 axis.	publication	NA	NA	NA			NA	UNCLEAR	
GRCh38:17:43082534:C:G	2774838	Gln1409His	c.4227G>C	2026-08-19	BRCA1 c.4227G>C	PubMed	42524928		Whole-genome sequencing in Brazilian patients with neurofibromatosis type 1, including novel variants, incidental findings, and dual diagnoses.	publication	NA	NA	NA			NA	UNCLEAR	
GRCh38:17:43091621:C:G	2774844	Glu1304Gln	c.3910G>C	2026-08-19	Findlay SGE (MaveDB)	MaveDB			Findlay et al. 2018 (PMID 30209399)	saturation genome editing	saturation genome editing (HDR)	Glu1304Gln					HIGH	partial coverage: RING+BRCT domains only
GRCh38:17:43091621:C:G	2774844	Glu1304Gln	c.3910G>C	2026-08-19	ClinVar esummary	ClinVar				clinical interpretation	NA	NA	NA		Uncertain significance	current=Uncertain significance; review=criteria provided, multiple submitters, no conflicts	MODERATE	
GRCh38:17:43091621:C:G	2774844	Glu1304Gln	c.3910G>C	2026-08-19	BRCA1 Glu1304Gln	PubMed	42611417		Hormonal contraceptives and cancer risk in women with a BRCA1 or BRCA2 pathogenic variant.	publication	NA	NA	NA			NA	UNCLEAR	
GRCh38:17:43091621:C:G	2774844	Glu1304Gln	c.3910G>C	2026-08-19	BRCA1 Glu1304Gln	PubMed	42610144		AI-driven CRISPR strategies in breast cancer: Organoid modeling, adaptive editing, and precision delivery.	publication	NA	NA	NA			NA	UNCLEAR	
GRCh38:17:43091621:C:G	2774844	Glu1304Gln	c.3910G>C	2026-08-19	BRCA1 Glu1304Gln	PubMed	42610096		Alliance A022106: A Phase II/III Trial of Nab-Paclitaxel and Gemcitabine ± Cisplatin as Second-Line Treatment for BRCA1/2 or PALB2 Mutant Metastatic Pancreatic Ductal Adenocarcinoma (PLATINUM).	publication	NA	NA	NA			NA	UNCLEAR	
GRCh38:17:43091621:C:G	2774844	Glu1304Gln	c.3910G>C	2026-08-19	BRCA1 Glu1304Gln	PubMed	42609953		Adaptive Surgical Decision-Making for Synchronous Metastatic Pancreatic Cancer and Early Breast Cancer with a BRCA1 Pathogenic Variant: A Case Report.	publication	NA	NA	NA			NA	UNCLEAR	
GRCh38:17:43091621:C:G	2774844	Glu1304Gln	c.3910G>C	2026-08-19	BRCA1 Glu1304Gln	PubMed	42609763		An Unusual Presentation of Dermatofibrosarcoma Protuberans (DFSP): The Role of Advanced Molecular Testing in Collagen Type I Alpha 1 Chain (COL1A1)-Negative Cases.	publication	NA	NA	NA			NA	UNCLEAR	
GRCh38:17:43091621:C:G	2774844	Glu1304Gln	c.3910G>C	2026-08-19	BRCA1 c.3910G>C	PubMed	42609450		Biomarker testing in advanced or metastatic hormone receptor-positive, human epidermal growth factor receptor 2 negative breast cancer: expert recommendations.	publication	NA	NA	NA			NA	UNCLEAR	
GRCh38:17:43091621:C:G	2774844	Glu1304Gln	c.3910G>C	2026-08-19	BRCA1 c.3910G>C	PubMed	42584742		Real-world clinical outcomes of patients with early-stage TNBC and BRCAm who were treated with adjuvant capecitabine in the United States.	publication	NA	NA	NA			NA	UNCLEAR	
GRCh38:17:43091621:C:G	2774844	Glu1304Gln	c.3910G>C	2026-08-19	BRCA1 c.3910G>C	PubMed	42580099		Chemotherapy type and survival in young BRCA1/2 carriers with HER2-negative early breast cancer.	publication	NA	NA	NA			NA	UNCLEAR	
GRCh38:17:43091621:C:G	2774844	Glu1304Gln	c.3910G>C	2026-08-19	BRCA1 c.3910G>C	PubMed	42560601		BRCA1-derived peptide constructs exhibit sequence-dependent features compatible with modulation of the p53-MDM2 axis.	publication	NA	NA	NA			NA	UNCLEAR	
GRCh38:17:43091621:C:G	2774844	Glu1304Gln	c.3910G>C	2026-08-19	BRCA1 c.3910G>C	PubMed	42524928		Whole-genome sequencing in Brazilian patients with neurofibromatosis type 1, including novel variants, incidental findings, and dual diagnoses.	publication	NA	NA	NA			NA	UNCLEAR	
GRCh38:17:43091626:T:C	2774845	Glu1302Gly	c.3905A>G	2026-08-19	Findlay SGE (MaveDB)	MaveDB			Findlay et al. 2018 (PMID 30209399)	saturation genome editing	saturation genome editing (HDR)	Glu1302Gly					HIGH	partial coverage: RING+BRCT domains only
GRCh38:17:43091626:T:C	2774845	Glu1302Gly	c.3905A>G	2026-08-19	ClinVar esummary	ClinVar				clinical interpretation	NA	NA	NA		Uncertain significance	current=Uncertain significance; review=criteria provided, single submitter	MODERATE	
GRCh38:17:43094729:T:G	2774865	Asn268His	c.802A>C	2026-08-19	Findlay SGE (MaveDB)	MaveDB			Findlay et al. 2018 (PMID 30209399)	saturation genome editing	saturation genome editing (HDR)	Asn268His					HIGH	partial coverage: RING+BRCT domains only
GRCh38:17:43094729:T:G	2774865	Asn268His	c.802A>C	2026-08-19	ClinVar esummary	ClinVar				clinical interpretation	NA	NA	NA		Uncertain significance	current=Uncertain significance; review=criteria provided, single submitter	MODERATE	
GRCh38:17:43094206:C:T	2790182	Cys442Tyr	c.1325G>A	2026-08-19	Findlay SGE (MaveDB)	MaveDB			Findlay et al. 2018 (PMID 30209399)	saturation genome editing	saturation genome editing (HDR)	Cys442Tyr					HIGH	partial coverage: RING+BRCT domains only
GRCh38:17:43094206:C:T	2790182	Cys442Tyr	c.1325G>A	2026-08-19	ClinVar esummary	ClinVar				clinical interpretation	NA	NA	NA		Uncertain significance	current=Uncertain significance; review=criteria provided, single submitter	MODERATE	
GRCh38:17:43094206:C:T	2790182	Cys442Tyr	c.1325G>A	2026-08-19	BRCA1 Cys442Tyr	PubMed	42611417		Hormonal contraceptives and cancer risk in women with a BRCA1 or BRCA2 pathogenic variant.	publication	NA	NA	NA			NA	UNCLEAR	
GRCh38:17:43094206:C:T	2790182	Cys442Tyr	c.1325G>A	2026-08-19	BRCA1 Cys442Tyr	PubMed	42610144		AI-driven CRISPR strategies in breast cancer: Organoid modeling, adaptive editing, and precision delivery.	publication	NA	NA	NA			NA	UNCLEAR	
GRCh38:17:43094206:C:T	2790182	Cys442Tyr	c.1325G>A	2026-08-19	BRCA1 Cys442Tyr	PubMed	42610096		Alliance A022106: A Phase II/III Trial of Nab-Paclitaxel and Gemcitabine ± Cisplatin as Second-Line Treatment for BRCA1/2 or PALB2 Mutant Metastatic Pancreatic Ductal Adenocarcinoma (PLATINUM).	publication	NA	NA	NA			NA	UNCLEAR	
GRCh38:17:43094206:C:T	2790182	Cys442Tyr	c.1325G>A	2026-08-19	BRCA1 Cys442Tyr	PubMed	42609953		Adaptive Surgical Decision-Making for Synchronous Metastatic Pancreatic Cancer and Early Breast Cancer with a BRCA1 Pathogenic Variant: A Case Report.	publication	NA	NA	NA			NA	UNCLEAR	
GRCh38:17:43094206:C:T	2790182	Cys442Tyr	c.1325G>A	2026-08-19	BRCA1 Cys442Tyr	PubMed	42609763		An Unusual Presentation of Dermatofibrosarcoma Protuberans (DFSP): The Role of Advanced Molecular Testing in Collagen Type I Alpha 1 Chain (COL1A1)-Negative Cases.	publication	NA	NA	NA			NA	UNCLEAR	
GRCh38:17:43093687:G:T	2811842	Ser615Tyr	c.1844C>A	2026-08-19	Findlay SGE (MaveDB)	MaveDB			Findlay et al. 2018 (PMID 30209399)	saturation genome editing	saturation genome editing (HDR)	Ser615Tyr					HIGH	partial coverage: RING+BRCT domains only
GRCh38:17:43093687:G:T	2811842	Ser615Tyr	c.1844C>A	2026-08-19	ClinVar esummary	ClinVar				clinical interpretation	NA	NA	NA		Uncertain significance	current=Uncertain significance; review=criteria provided, multiple submitters, no conflicts	MODERATE	
GRCh38:17:43093687:G:T	2811842	Ser615Tyr	c.1844C>A	2026-08-19	BRCA1 Ser615Tyr	PubMed	42611417		Hormonal contraceptives and cancer risk in women with a BRCA1 or BRCA2 pathogenic variant.	publication	NA	NA	NA			NA	UNCLEAR	
GRCh38:17:43093687:G:T	2811842	Ser615Tyr	c.1844C>A	2026-08-19	BRCA1 Ser615Tyr	PubMed	42610144		AI-driven CRISPR strategies in breast cancer: Organoid modeling, adaptive editing, and precision delivery.	publication	NA	NA	NA			NA	UNCLEAR	
GRCh38:17:43093687:G:T	2811842	Ser615Tyr	c.1844C>A	2026-08-19	BRCA1 Ser615Tyr	PubMed	42610096		Alliance A022106: A Phase II/III Trial of Nab-Paclitaxel and Gemcitabine ± Cisplatin as Second-Line Treatment for BRCA1/2 or PALB2 Mutant Metastatic Pancreatic Ductal Adenocarcinoma (PLATINUM).	publication	NA	NA	NA			NA	UNCLEAR	
GRCh38:17:43093687:G:T	2811842	Ser615Tyr	c.1844C>A	2026-08-19	BRCA1 Ser615Tyr	PubMed	42609953		Adaptive Surgical Decision-Making for Synchronous Metastatic Pancreatic Cancer and Early Breast Cancer with a BRCA1 Pathogenic Variant: A Case Report.	publication	NA	NA	NA			NA	UNCLEAR	
GRCh38:17:43093687:G:T	2811842	Ser615Tyr	c.1844C>A	2026-08-19	BRCA1 Ser615Tyr	PubMed	42609763		An Unusual Presentation of Dermatofibrosarcoma Protuberans (DFSP): The Role of Advanced Molecular Testing in Collagen Type I Alpha 1 Chain (COL1A1)-Negative Cases.	publication	NA	NA	NA			NA	UNCLEAR	
GRCh38:17:43093687:G:T	2811842	Ser615Tyr	c.1844C>A	2026-08-19	BRCA1 c.1844C>A	PubMed	42611417		Hormonal contraceptives and cancer risk in women with a BRCA1 or BRCA2 pathogenic variant.	publication	NA	NA	NA			NA	UNCLEAR	
GRCh38:17:43093687:G:T	2811842	Ser615Tyr	c.1844C>A	2026-08-19	BRCA1 c.1844C>A	PubMed	42610144		AI-driven CRISPR strategies in breast cancer: Organoid modeling, adaptive editing, and precision delivery.	publication	NA	NA	NA			NA	UNCLEAR	
GRCh38:17:43093687:G:T	2811842	Ser615Tyr	c.1844C>A	2026-08-19	BRCA1 c.1844C>A	PubMed	42610096		Alliance A022106: A Phase II/III Trial of Nab-Paclitaxel and Gemcitabine ± Cisplatin as Second-Line Treatment for BRCA1/2 or PALB2 Mutant Metastatic Pancreatic Ductal Adenocarcinoma (PLATINUM).	publication	NA	NA	NA			NA	UNCLEAR	
GRCh38:17:43093687:G:T	2811842	Ser615Tyr	c.1844C>A	2026-08-19	BRCA1 c.1844C>A	PubMed	42609953		Adaptive Surgical Decision-Making for Synchronous Metastatic Pancreatic Cancer and Early Breast Cancer with a BRCA1 Pathogenic Variant: A Case Report.	publication	NA	NA	NA			NA	UNCLEAR	
GRCh38:17:43093687:G:T	2811842	Ser615Tyr	c.1844C>A	2026-08-19	BRCA1 c.1844C>A	PubMed	42609763		An Unusual Presentation of Dermatofibrosarcoma Protuberans (DFSP): The Role of Advanced Molecular Testing in Collagen Type I Alpha 1 Chain (COL1A1)-Negative Cases.	publication	NA	NA	NA			NA	UNCLEAR	
GRCh38:17:43094138:A:G	2813703	Tyr465His	c.1393T>C	2026-08-19	Findlay SGE (MaveDB)	MaveDB			Findlay et al. 2018 (PMID 30209399)	saturation genome editing	saturation genome editing (HDR)	Tyr465His					HIGH	partial coverage: RING+BRCT domains only
GRCh38:17:43094138:A:G	2813703	Tyr465His	c.1393T>C	2026-08-19	ClinVar esummary	ClinVar				clinical interpretation	NA	NA	NA		Uncertain significance	current=Uncertain significance; review=criteria provided, single submitter	MODERATE	
GRCh38:17:43094138:A:G	2813703	Tyr465His	c.1393T>C	2026-08-19	BRCA1 c.1393T>C	PubMed	42609450		Biomarker testing in advanced or metastatic hormone receptor-positive, human epidermal growth factor receptor 2 negative breast cancer: expert recommendations.	publication	NA	NA	NA			NA	UNCLEAR	
GRCh38:17:43094138:A:G	2813703	Tyr465His	c.1393T>C	2026-08-19	BRCA1 c.1393T>C	PubMed	42584742		Real-world clinical outcomes of patients with early-stage TNBC and BRCAm who were treated with adjuvant capecitabine in the United States.	publication	NA	NA	NA			NA	UNCLEAR	
GRCh38:17:43094138:A:G	2813703	Tyr465His	c.1393T>C	2026-08-19	BRCA1 c.1393T>C	PubMed	42580099		Chemotherapy type and survival in young BRCA1/2 carriers with HER2-negative early breast cancer.	publication	NA	NA	NA			NA	UNCLEAR	
GRCh38:17:43094138:A:G	2813703	Tyr465His	c.1393T>C	2026-08-19	BRCA1 c.1393T>C	PubMed	42560601		BRCA1-derived peptide constructs exhibit sequence-dependent features compatible with modulation of the p53-MDM2 axis.	publication	NA	NA	NA			NA	UNCLEAR	
GRCh38:17:43094138:A:G	2813703	Tyr465His	c.1393T>C	2026-08-19	BRCA1 c.1393T>C	PubMed	42524928		Whole-genome sequencing in Brazilian patients with neurofibromatosis type 1, including novel variants, incidental findings, and dual diagnoses.	publication	NA	NA	NA			NA	UNCLEAR	
GRCh38:17:43091458:T:A	2814991	Glu1358Val	c.4073A>T	2026-08-19	Findlay SGE (MaveDB)	MaveDB			Findlay et al. 2018 (PMID 30209399)	saturation genome editing	saturation genome editing (HDR)	Glu1358Val					HIGH	partial coverage: RING+BRCT domains only
GRCh38:17:43091458:T:A	2814991	Glu1358Val	c.4073A>T	2026-08-19	ClinVar esummary	ClinVar				clinical interpretation	NA	NA	NA		Uncertain significance	current=Uncertain significance; review=criteria provided, single submitter	MODERATE	
GRCh38:17:43082521:G:C	2819115	Leu1414Val	c.4240C>G	2026-08-19	Findlay SGE (MaveDB)	MaveDB			Findlay et al. 2018 (PMID 30209399)	saturation genome editing	saturation genome editing (HDR)	Leu1414Val					HIGH	partial coverage: RING+BRCT domains only
GRCh38:17:43082521:G:C	2819115	Leu1414Val	c.4240C>G	2026-08-19	ClinVar esummary	ClinVar				clinical interpretation	NA	NA	NA		Uncertain significance	current=Uncertain significance; review=criteria provided, single submitter	MODERATE	
GRCh38:17:43082497:C:T	2820578	Gly1422Arg	c.4264G>A	2026-08-19	Findlay SGE (MaveDB)	MaveDB			Findlay et al. 2018 (PMID 30209399)	saturation genome editing	saturation genome editing (HDR)	Gly1422Arg					HIGH	partial coverage: RING+BRCT domains only
GRCh38:17:43082497:C:T	2820578	Gly1422Arg	c.4264G>A	2026-08-19	ClinVar esummary	ClinVar				clinical interpretation	NA	NA	NA		Uncertain significance	current=Uncertain significance; review=criteria provided, single submitter	MODERATE	
GRCh38:17:43104183:C:G	2827380	Ser127Thr	c.380G>C	2026-08-19	Findlay SGE (MaveDB)	MaveDB			Findlay et al. 2018 (PMID 30209399)	saturation genome editing	saturation genome editing (HDR)	Ser127Thr					HIGH	partial coverage: RING+BRCT domains only
GRCh38:17:43104183:C:G	2827380	Ser127Thr	c.380G>C	2026-08-19	ClinVar esummary	ClinVar				clinical interpretation	NA	NA	NA		Uncertain significance	current=Uncertain significance; review=criteria provided, single submitter	MODERATE	
GRCh38:17:43104183:C:G	2827380	Ser127Thr	c.380G>C	2026-08-19	BRCA1 Ser127Thr	PubMed	42611417		Hormonal contraceptives and cancer risk in women with a BRCA1 or BRCA2 pathogenic variant.	publication	NA	NA	NA			NA	UNCLEAR	
GRCh38:17:43104183:C:G	2827380	Ser127Thr	c.380G>C	2026-08-19	BRCA1 Ser127Thr	PubMed	42610144		AI-driven CRISPR strategies in breast cancer: Organoid modeling, adaptive editing, and precision delivery.	publication	NA	NA	NA			NA	UNCLEAR	
GRCh38:17:43104183:C:G	2827380	Ser127Thr	c.380G>C	2026-08-19	BRCA1 Ser127Thr	PubMed	42610096		Alliance A022106: A Phase II/III Trial of Nab-Paclitaxel and Gemcitabine ± Cisplatin as Second-Line Treatment for BRCA1/2 or PALB2 Mutant Metastatic Pancreatic Ductal Adenocarcinoma (PLATINUM).	publication	NA	NA	NA			NA	UNCLEAR	
GRCh38:17:43104183:C:G	2827380	Ser127Thr	c.380G>C	2026-08-19	BRCA1 Ser127Thr	PubMed	42609953		Adaptive Surgical Decision-Making for Synchronous Metastatic Pancreatic Cancer and Early Breast Cancer with a BRCA1 Pathogenic Variant: A Case Report.	publication	NA	NA	NA			NA	UNCLEAR	
GRCh38:17:43104183:C:G	2827380	Ser127Thr	c.380G>C	2026-08-19	BRCA1 Ser127Thr	PubMed	42609763		An Unusual Presentation of Dermatofibrosarcoma Protuberans (DFSP): The Role of Advanced Molecular Testing in Collagen Type I Alpha 1 Chain (COL1A1)-Negative Cases.	publication	NA	NA	NA			NA	UNCLEAR	
GRCh38:17:43092338:C:T	2828954	Asp1065Asn	c.3193G>A	2026-08-19	Findlay SGE (MaveDB)	MaveDB			Findlay et al. 2018 (PMID 30209399)	saturation genome editing	saturation genome editing (HDR)	Asp1065Asn					HIGH	partial coverage: RING+BRCT domains only
GRCh38:17:43092338:C:T	2828954	Asp1065Asn	c.3193G>A	2026-08-19	ClinVar esummary	ClinVar				clinical interpretation	NA	NA	NA		Uncertain significance	current=Uncertain significance; review=criteria provided, multiple submitters, no conflicts	MODERATE	
GRCh38:17:43092307:T:C	2818206	Asn1075Ser	c.3224A>G	2026-08-19	Findlay SGE (MaveDB)	MaveDB			Findlay et al. 2018 (PMID 30209399)	saturation genome editing	saturation genome editing (HDR)	Asn1075Ser					HIGH	partial coverage: RING+BRCT domains only
GRCh38:17:43092307:T:C	2818206	Asn1075Ser	c.3224A>G	2026-08-19	ClinVar esummary	ClinVar				clinical interpretation	NA	NA	NA		Uncertain significance	current=Uncertain significance; review=criteria provided, single submitter	MODERATE	
GRCh38:17:43092214:G:A	2839096	Pro1106Leu	c.3317C>T	2026-08-19	Findlay SGE (MaveDB)	MaveDB			Findlay et al. 2018 (PMID 30209399)	saturation genome editing	saturation genome editing (HDR)	Pro1106Leu					HIGH	partial coverage: RING+BRCT domains only
GRCh38:17:43092214:G:A	2839096	Pro1106Leu	c.3317C>T	2026-08-19	ClinVar esummary	ClinVar				clinical interpretation	NA	NA	NA		Uncertain significance	current=Uncertain significance; review=criteria provided, multiple submitters, no conflicts	MODERATE	
GRCh38:17:43082545:T:G	2842713	Lys1406Gln	c.4216A>C	2026-08-19	Findlay SGE (MaveDB)	MaveDB			Findlay et al. 2018 (PMID 30209399)	saturation genome editing	saturation genome editing (HDR)	Lys1406Gln					HIGH	partial coverage: RING+BRCT domains only
GRCh38:17:43082545:T:G	2842713	Lys1406Gln	c.4216A>C	2026-08-19	ClinVar esummary	ClinVar				clinical interpretation	NA	NA	NA		Uncertain significance	current=Uncertain significance; review=criteria provided, single submitter	MODERATE	
GRCh38:17:43094777:G:T	2858139	Arg252Ser	c.754C>A	2026-08-19	Findlay SGE (MaveDB)	MaveDB			Findlay et al. 2018 (PMID 30209399)	saturation genome editing	saturation genome editing (HDR)	Arg252Ser					HIGH	partial coverage: RING+BRCT domains only
GRCh38:17:43094777:G:T	2858139	Arg252Ser	c.754C>A	2026-08-19	ClinVar esummary	ClinVar				clinical interpretation	NA	NA	NA		Uncertain significance	current=Uncertain significance; review=criteria provided, single submitter	MODERATE	
GRCh38:17:43094015:T:C	2863355	Arg506Gly	c.1516A>G	2026-08-19	Findlay SGE (MaveDB)	MaveDB			Findlay et al. 2018 (PMID 30209399)	saturation genome editing	saturation genome editing (HDR)	Arg506Gly					HIGH	partial coverage: RING+BRCT domains only
GRCh38:17:43094015:T:C	2863355	Arg506Gly	c.1516A>G	2026-08-19	ClinVar esummary	ClinVar				clinical interpretation	NA	NA	NA		Uncertain significance	current=Uncertain significance; review=criteria provided, single submitter	MODERATE	
GRCh38:17:43092596:G:C	2859985	Arg979Gly	c.2935C>G	2026-08-19	Findlay SGE (MaveDB)	MaveDB			Findlay et al. 2018 (PMID 30209399)	saturation genome editing	saturation genome editing (HDR)	Arg979Gly					HIGH	partial coverage: RING+BRCT domains only
GRCh38:17:43092596:G:C	2859985	Arg979Gly	c.2935C>G	2026-08-19	ClinVar esummary	ClinVar				clinical interpretation	NA	NA	NA		Uncertain significance	current=Uncertain significance; review=criteria provided, single submitter	MODERATE	
GRCh38:17:43091674:C:T	2900152	Ser1286Asn	c.3857G>A	2026-08-19	Findlay SGE (MaveDB)	MaveDB			Findlay et al. 2018 (PMID 30209399)	saturation genome editing	saturation genome editing (HDR)	Ser1286Asn					HIGH	partial coverage: RING+BRCT domains only
GRCh38:17:43091674:C:T	2900152	Ser1286Asn	c.3857G>A	2026-08-19	ClinVar esummary	ClinVar				clinical interpretation	NA	NA	NA		Uncertain significance	current=Uncertain significance; review=criteria provided, single submitter	MODERATE	
GRCh38:17:43082448:G:A	2915510	Ala1438Val	c.4313C>T	2026-08-19	Findlay SGE (MaveDB)	MaveDB			Findlay et al. 2018 (PMID 30209399)	saturation genome editing	saturation genome editing (HDR)	Ala1438Val					HIGH	partial coverage: RING+BRCT domains only
GRCh38:17:43082448:G:A	2915510	Ala1438Val	c.4313C>T	2026-08-19	ClinVar esummary	ClinVar				clinical interpretation	NA	NA	NA		Uncertain significance	current=Uncertain significance; review=criteria provided, single submitter	MODERATE	
GRCh38:17:43076526:A:T	2992774	Asp1482Glu	c.4446T>A	2026-08-19	Findlay SGE (MaveDB)	MaveDB			Findlay et al. 2018 (PMID 30209399)	saturation genome editing	saturation genome editing (HDR)	Asp1482Glu					HIGH	partial coverage: RING+BRCT domains only
GRCh38:17:43076526:A:T	2992774	Asp1482Glu	c.4446T>A	2026-08-19	ClinVar esummary	ClinVar				clinical interpretation	NA	NA	NA		Uncertain significance	current=Uncertain significance; review=criteria provided, single submitter	MODERATE	
GRCh38:17:43091576:C:A	3072980	Gly1319Cys	c.3955G>T	2026-08-19	Findlay SGE (MaveDB)	MaveDB			Findlay et al. 2018 (PMID 30209399)	saturation genome editing	saturation genome editing (HDR)	Gly1319Cys					HIGH	partial coverage: RING+BRCT domains only
GRCh38:17:43091576:C:A	3072980	Gly1319Cys	c.3955G>T	2026-08-19	ClinVar esummary	ClinVar				clinical interpretation	NA	NA	NA		Uncertain significance	current=Uncertain significance; review=criteria provided, multiple submitters, no conflicts	MODERATE	
GRCh38:17:43094597:C:A	3073045	Gly312Cys	c.934G>T	2026-08-19	Findlay SGE (MaveDB)	MaveDB			Findlay et al. 2018 (PMID 30209399)	saturation genome editing	saturation genome editing (HDR)	Gly312Cys					HIGH	partial coverage: RING+BRCT domains only
GRCh38:17:43094597:C:A	3073045	Gly312Cys	c.934G>T	2026-08-19	ClinVar esummary	ClinVar				clinical interpretation	NA	NA	NA		Uncertain significance	current=Uncertain significance; review=criteria provided, single submitter	MODERATE	
GRCh38:17:43094597:C:A	3073045	Gly312Cys	c.934G>T	2026-08-19	BRCA1 Gly312Cys	PubMed	42611417		Hormonal contraceptives and cancer risk in women with a BRCA1 or BRCA2 pathogenic variant.	publication	NA	NA	NA			NA	UNCLEAR	
GRCh38:17:43094597:C:A	3073045	Gly312Cys	c.934G>T	2026-08-19	BRCA1 Gly312Cys	PubMed	42610144		AI-driven CRISPR strategies in breast cancer: Organoid modeling, adaptive editing, and precision delivery.	publication	NA	NA	NA			NA	UNCLEAR	
GRCh38:17:43094597:C:A	3073045	Gly312Cys	c.934G>T	2026-08-19	BRCA1 Gly312Cys	PubMed	42610096		Alliance A022106: A Phase II/III Trial of Nab-Paclitaxel and Gemcitabine ± Cisplatin as Second-Line Treatment for BRCA1/2 or PALB2 Mutant Metastatic Pancreatic Ductal Adenocarcinoma (PLATINUM).	publication	NA	NA	NA			NA	UNCLEAR	
GRCh38:17:43094597:C:A	3073045	Gly312Cys	c.934G>T	2026-08-19	BRCA1 Gly312Cys	PubMed	42609953		Adaptive Surgical Decision-Making for Synchronous Metastatic Pancreatic Cancer and Early Breast Cancer with a BRCA1 Pathogenic Variant: A Case Report.	publication	NA	NA	NA			NA	UNCLEAR	
GRCh38:17:43094597:C:A	3073045	Gly312Cys	c.934G>T	2026-08-19	BRCA1 Gly312Cys	PubMed	42609763		An Unusual Presentation of Dermatofibrosarcoma Protuberans (DFSP): The Role of Advanced Molecular Testing in Collagen Type I Alpha 1 Chain (COL1A1)-Negative Cases.	publication	NA	NA	NA			NA	UNCLEAR	
GRCh38:17:43076572:T:C	3069230	Gln1467Arg	c.4400A>G	2026-08-19	Findlay SGE (MaveDB)	MaveDB			Findlay et al. 2018 (PMID 30209399)	saturation genome editing	saturation genome editing (HDR)	Gln1467Arg					HIGH	partial coverage: RING+BRCT domains only
GRCh38:17:43076572:T:C	3069230	Gln1467Arg	c.4400A>G	2026-08-19	ClinVar esummary	ClinVar				clinical interpretation	NA	NA	NA		Uncertain significance	current=Uncertain significance; review=criteria provided, multiple submitters, no conflicts	MODERATE	
GRCh38:17:43093800:T:G	3069235	Glu577Asp	c.1731A>C	2026-08-19	Findlay SGE (MaveDB)	MaveDB			Findlay et al. 2018 (PMID 30209399)	saturation genome editing	saturation genome editing (HDR)	Glu577Asp					HIGH	partial coverage: RING+BRCT domains only
GRCh38:17:43093800:T:G	3069235	Glu577Asp	c.1731A>C	2026-08-19	ClinVar esummary	ClinVar				clinical interpretation	NA	NA	NA		Uncertain significance	current=Uncertain significance; review=criteria provided, multiple submitters, no conflicts	MODERATE	
GRCh38:17:43093800:T:G	3069235	Glu577Asp	c.1731A>C	2026-08-19	BRCA1 Glu577Asp	PubMed	42611417		Hormonal contraceptives and cancer risk in women with a BRCA1 or BRCA2 pathogenic variant.	publication	NA	NA	NA			NA	UNCLEAR	
GRCh38:17:43093800:T:G	3069235	Glu577Asp	c.1731A>C	2026-08-19	BRCA1 Glu577Asp	PubMed	42610144		AI-driven CRISPR strategies in breast cancer: Organoid modeling, adaptive editing, and precision delivery.	publication	NA	NA	NA			NA	UNCLEAR	
GRCh38:17:43093800:T:G	3069235	Glu577Asp	c.1731A>C	2026-08-19	BRCA1 Glu577Asp	PubMed	42610096		Alliance A022106: A Phase II/III Trial of Nab-Paclitaxel and Gemcitabine ± Cisplatin as Second-Line Treatment for BRCA1/2 or PALB2 Mutant Metastatic Pancreatic Ductal Adenocarcinoma (PLATINUM).	publication	NA	NA	NA			NA	UNCLEAR	
GRCh38:17:43093800:T:G	3069235	Glu577Asp	c.1731A>C	2026-08-19	BRCA1 Glu577Asp	PubMed	42609953		Adaptive Surgical Decision-Making for Synchronous Metastatic Pancreatic Cancer and Early Breast Cancer with a BRCA1 Pathogenic Variant: A Case Report.	publication	NA	NA	NA			NA	UNCLEAR	
GRCh38:17:43093800:T:G	3069235	Glu577Asp	c.1731A>C	2026-08-19	BRCA1 Glu577Asp	PubMed	42609763		An Unusual Presentation of Dermatofibrosarcoma Protuberans (DFSP): The Role of Advanced Molecular Testing in Collagen Type I Alpha 1 Chain (COL1A1)-Negative Cases.	publication	NA	NA	NA			NA	UNCLEAR	
GRCh38:17:43093800:T:G	3069235	Glu577Asp	c.1731A>C	2026-08-19	BRCA1 c.1731A>C	PubMed	42609450		Biomarker testing in advanced or metastatic hormone receptor-positive, human epidermal growth factor receptor 2 negative breast cancer: expert recommendations.	publication	NA	NA	NA			NA	UNCLEAR	
GRCh38:17:43093800:T:G	3069235	Glu577Asp	c.1731A>C	2026-08-19	BRCA1 c.1731A>C	PubMed	42584742		Real-world clinical outcomes of patients with early-stage TNBC and BRCAm who were treated with adjuvant capecitabine in the United States.	publication	NA	NA	NA			NA	UNCLEAR	
GRCh38:17:43093800:T:G	3069235	Glu577Asp	c.1731A>C	2026-08-19	BRCA1 c.1731A>C	PubMed	42580099		Chemotherapy type and survival in young BRCA1/2 carriers with HER2-negative early breast cancer.	publication	NA	NA	NA			NA	UNCLEAR	
GRCh38:17:43093800:T:G	3069235	Glu577Asp	c.1731A>C	2026-08-19	BRCA1 c.1731A>C	PubMed	42560601		BRCA1-derived peptide constructs exhibit sequence-dependent features compatible with modulation of the p53-MDM2 axis.	publication	NA	NA	NA			NA	UNCLEAR	
GRCh38:17:43093800:T:G	3069235	Glu577Asp	c.1731A>C	2026-08-19	BRCA1 c.1731A>C	PubMed	42524928		Whole-genome sequencing in Brazilian patients with neurofibromatosis type 1, including novel variants, incidental findings, and dual diagnoses.	publication	NA	NA	NA			NA	UNCLEAR	
GRCh38:17:43094268:T:G	3069236	Glu421Asp	c.1263A>C	2026-08-19	Findlay SGE (MaveDB)	MaveDB			Findlay et al. 2018 (PMID 30209399)	saturation genome editing	saturation genome editing (HDR)	Glu421Asp					HIGH	partial coverage: RING+BRCT domains only
GRCh38:17:43094268:T:G	3069236	Glu421Asp	c.1263A>C	2026-08-19	ClinVar esummary	ClinVar				clinical interpretation	NA	NA	NA		Uncertain significance	current=Uncertain significance; review=criteria provided, multiple submitters, no conflicts	MODERATE	
GRCh38:17:43094268:T:G	3069236	Glu421Asp	c.1263A>C	2026-08-19	BRCA1 Glu421Asp	PubMed	42611417		Hormonal contraceptives and cancer risk in women with a BRCA1 or BRCA2 pathogenic variant.	publication	NA	NA	NA			NA	UNCLEAR	
GRCh38:17:43094268:T:G	3069236	Glu421Asp	c.1263A>C	2026-08-19	BRCA1 Glu421Asp	PubMed	42610144		AI-driven CRISPR strategies in breast cancer: Organoid modeling, adaptive editing, and precision delivery.	publication	NA	NA	NA			NA	UNCLEAR	
GRCh38:17:43094268:T:G	3069236	Glu421Asp	c.1263A>C	2026-08-19	BRCA1 Glu421Asp	PubMed	42610096		Alliance A022106: A Phase II/III Trial of Nab-Paclitaxel and Gemcitabine ± Cisplatin as Second-Line Treatment for BRCA1/2 or PALB2 Mutant Metastatic Pancreatic Ductal Adenocarcinoma (PLATINUM).	publication	NA	NA	NA			NA	UNCLEAR	
GRCh38:17:43094268:T:G	3069236	Glu421Asp	c.1263A>C	2026-08-19	BRCA1 Glu421Asp	PubMed	42609953		Adaptive Surgical Decision-Making for Synchronous Metastatic Pancreatic Cancer and Early Breast Cancer with a BRCA1 Pathogenic Variant: A Case Report.	publication	NA	NA	NA			NA	UNCLEAR	
GRCh38:17:43094268:T:G	3069236	Glu421Asp	c.1263A>C	2026-08-19	BRCA1 Glu421Asp	PubMed	42609763		An Unusual Presentation of Dermatofibrosarcoma Protuberans (DFSP): The Role of Advanced Molecular Testing in Collagen Type I Alpha 1 Chain (COL1A1)-Negative Cases.	publication	NA	NA	NA			NA	UNCLEAR	
GRCh38:17:43094268:T:G	3069236	Glu421Asp	c.1263A>C	2026-08-19	BRCA1 c.1263A>C	PubMed	42609450		Biomarker testing in advanced or metastatic hormone receptor-positive, human epidermal growth factor receptor 2 negative breast cancer: expert recommendations.	publication	NA	NA	NA			NA	UNCLEAR	
GRCh38:17:43094268:T:G	3069236	Glu421Asp	c.1263A>C	2026-08-19	BRCA1 c.1263A>C	PubMed	42584742		Real-world clinical outcomes of patients with early-stage TNBC and BRCAm who were treated with adjuvant capecitabine in the United States.	publication	NA	NA	NA			NA	UNCLEAR	
GRCh38:17:43094268:T:G	3069236	Glu421Asp	c.1263A>C	2026-08-19	BRCA1 c.1263A>C	PubMed	42580099		Chemotherapy type and survival in young BRCA1/2 carriers with HER2-negative early breast cancer.	publication	NA	NA	NA			NA	UNCLEAR	
GRCh38:17:43094268:T:G	3069236	Glu421Asp	c.1263A>C	2026-08-19	BRCA1 c.1263A>C	PubMed	42560601		BRCA1-derived peptide constructs exhibit sequence-dependent features compatible with modulation of the p53-MDM2 axis.	publication	NA	NA	NA			NA	UNCLEAR	
GRCh38:17:43094268:T:G	3069236	Glu421Asp	c.1263A>C	2026-08-19	BRCA1 c.1263A>C	PubMed	42524928		Whole-genome sequencing in Brazilian patients with neurofibromatosis type 1, including novel variants, incidental findings, and dual diagnoses.	publication	NA	NA	NA			NA	UNCLEAR	
GRCh38:17:43094679:C:A	3069237	Gln284His	c.852G>T	2026-08-19	Findlay SGE (MaveDB)	MaveDB			Findlay et al. 2018 (PMID 30209399)	saturation genome editing	saturation genome editing (HDR)	Gln284His					HIGH	partial coverage: RING+BRCT domains only
GRCh38:17:43094679:C:A	3069237	Gln284His	c.852G>T	2026-08-19	ClinVar esummary	ClinVar				clinical interpretation	NA	NA	NA		Uncertain significance	current=Uncertain significance; review=criteria provided, single submitter	MODERATE	
GRCh38:17:43094767:T:C	3069238	Glu255Gly	c.764A>G	2026-08-19	Findlay SGE (MaveDB)	MaveDB			Findlay et al. 2018 (PMID 30209399)	saturation genome editing	saturation genome editing (HDR)	Glu255Gly					HIGH	partial coverage: RING+BRCT domains only
GRCh38:17:43094767:T:C	3069238	Glu255Gly	c.764A>G	2026-08-19	ClinVar esummary	ClinVar				clinical interpretation	NA	NA	NA		Uncertain significance	current=Uncertain significance; review=criteria provided, single submitter	MODERATE	
GRCh38:17:43094767:T:C	3069238	Glu255Gly	c.764A>G	2026-08-19	BRCA1 Glu255Gly	PubMed	42611417		Hormonal contraceptives and cancer risk in women with a BRCA1 or BRCA2 pathogenic variant.	publication	NA	NA	NA			NA	UNCLEAR	
GRCh38:17:43094767:T:C	3069238	Glu255Gly	c.764A>G	2026-08-19	BRCA1 Glu255Gly	PubMed	42610144		AI-driven CRISPR strategies in breast cancer: Organoid modeling, adaptive editing, and precision delivery.	publication	NA	NA	NA			NA	UNCLEAR	
GRCh38:17:43094767:T:C	3069238	Glu255Gly	c.764A>G	2026-08-19	BRCA1 Glu255Gly	PubMed	42610096		Alliance A022106: A Phase II/III Trial of Nab-Paclitaxel and Gemcitabine ± Cisplatin as Second-Line Treatment for BRCA1/2 or PALB2 Mutant Metastatic Pancreatic Ductal Adenocarcinoma (PLATINUM).	publication	NA	NA	NA			NA	UNCLEAR	
GRCh38:17:43094767:T:C	3069238	Glu255Gly	c.764A>G	2026-08-19	BRCA1 Glu255Gly	PubMed	42609953		Adaptive Surgical Decision-Making for Synchronous Metastatic Pancreatic Cancer and Early Breast Cancer with a BRCA1 Pathogenic Variant: A Case Report.	publication	NA	NA	NA			NA	UNCLEAR	
GRCh38:17:43094767:T:C	3069238	Glu255Gly	c.764A>G	2026-08-19	BRCA1 Glu255Gly	PubMed	42609763		An Unusual Presentation of Dermatofibrosarcoma Protuberans (DFSP): The Role of Advanced Molecular Testing in Collagen Type I Alpha 1 Chain (COL1A1)-Negative Cases.	publication	NA	NA	NA			NA	UNCLEAR	
GRCh38:17:43094767:T:C	3069238	Glu255Gly	c.764A>G	2026-08-19	BRCA1 c.764A>G	PubMed	42609450		Biomarker testing in advanced or metastatic hormone receptor-positive, human epidermal growth factor receptor 2 negative breast cancer: expert recommendations.	publication	NA	NA	NA			NA	UNCLEAR	
GRCh38:17:43094767:T:C	3069238	Glu255Gly	c.764A>G	2026-08-19	BRCA1 c.764A>G	PubMed	42581048		A ubiquitin chain-feeding mechanism for BRCA1-A.	publication	NA	NA	NA			NA	UNCLEAR	
GRCh38:17:43094767:T:C	3069238	Glu255Gly	c.764A>G	2026-08-19	BRCA1 c.764A>G	PubMed	42572185		Current Advances of Molecular Biomarkers and Liquid Biopsies Techniques in Ovarian Cancer.	publication	NA	NA	NA			NA	UNCLEAR	
GRCh38:17:43094767:T:C	3069238	Glu255Gly	c.764A>G	2026-08-19	BRCA1 c.764A>G	PubMed	42558868		Rewired DDR-TGF-β-β-catenin-PD-L1 axis accelerates progression and shapes therapy in human papillomavirus-driven cancer.	publication	NA	NA	NA			NA	UNCLEAR	
GRCh38:17:43094767:T:C	3069238	Glu255Gly	c.764A>G	2026-08-19	BRCA1 c.764A>G	PubMed	42513228		Breast Cancer: Epidemiology, Molecular Classification, Diagnostics and Evolving Treatment Paradigms.	publication	NA	NA	NA			NA	UNCLEAR	
GRCh38:17:43094776:C:A	3070606	Arg252Leu	c.755G>T	2026-08-19	Findlay SGE (MaveDB)	MaveDB			Findlay et al. 2018 (PMID 30209399)	saturation genome editing	saturation genome editing (HDR)	Arg252Leu					HIGH	partial coverage: RING+BRCT domains only
GRCh38:17:43094776:C:A	3070606	Arg252Leu	c.755G>T	2026-08-19	ClinVar esummary	ClinVar				clinical interpretation	NA	NA	NA		Uncertain significance	current=Uncertain significance; review=criteria provided, single submitter	MODERATE	
GRCh38:17:43094782:T:C	3070942	Glu250Gly	c.749A>G	2026-08-19	Findlay SGE (MaveDB)	MaveDB			Findlay et al. 2018 (PMID 30209399)	saturation genome editing	saturation genome editing (HDR)	Glu250Gly					HIGH	partial coverage: RING+BRCT domains only
GRCh38:17:43094782:T:C	3070942	Glu250Gly	c.749A>G	2026-08-19	ClinVar esummary	ClinVar				clinical interpretation	NA	NA	NA		Uncertain significance	current=Uncertain significance; review=criteria provided, single submitter	MODERATE	
GRCh38:17:43104180:A:T	3226146	Met128Lys	c.383T>A	2026-08-19	Findlay SGE (MaveDB)	MaveDB			Findlay et al. 2018 (PMID 30209399)	saturation genome editing	saturation genome editing (HDR)	Met128Lys					HIGH	partial coverage: RING+BRCT domains only
GRCh38:17:43104180:A:T	3226146	Met128Lys	c.383T>A	2026-08-19	ClinVar esummary	ClinVar				clinical interpretation	NA	NA	NA		Uncertain significance	current=Uncertain significance; review=criteria provided, single submitter	MODERATE	
GRCh38:17:43082459:A:T	3226152	Ser1434Arg	c.4302T>A	2026-08-19	Findlay SGE (MaveDB)	MaveDB			Findlay et al. 2018 (PMID 30209399)	saturation genome editing	saturation genome editing (HDR)	Ser1434Arg					HIGH	partial coverage: RING+BRCT domains only
GRCh38:17:43082459:A:T	3226152	Ser1434Arg	c.4302T>A	2026-08-19	ClinVar esummary	ClinVar				clinical interpretation	NA	NA	NA		Uncertain significance	current=Uncertain significance; review=criteria provided, single submitter	MODERATE	
GRCh38:17:43082459:A:T	3226152	Ser1434Arg	c.4302T>A	2026-08-19	BRCA1 Ser1434Arg	PubMed	42611417		Hormonal contraceptives and cancer risk in women with a BRCA1 or BRCA2 pathogenic variant.	publication	NA	NA	NA			NA	UNCLEAR	
GRCh38:17:43082459:A:T	3226152	Ser1434Arg	c.4302T>A	2026-08-19	BRCA1 Ser1434Arg	PubMed	42610144		AI-driven CRISPR strategies in breast cancer: Organoid modeling, adaptive editing, and precision delivery.	publication	NA	NA	NA			NA	UNCLEAR	
GRCh38:17:43082459:A:T	3226152	Ser1434Arg	c.4302T>A	2026-08-19	BRCA1 Ser1434Arg	PubMed	42610096		Alliance A022106: A Phase II/III Trial of Nab-Paclitaxel and Gemcitabine ± Cisplatin as Second-Line Treatment for BRCA1/2 or PALB2 Mutant Metastatic Pancreatic Ductal Adenocarcinoma (PLATINUM).	publication	NA	NA	NA			NA	UNCLEAR	
GRCh38:17:43082459:A:T	3226152	Ser1434Arg	c.4302T>A	2026-08-19	BRCA1 Ser1434Arg	PubMed	42609953		Adaptive Surgical Decision-Making for Synchronous Metastatic Pancreatic Cancer and Early Breast Cancer with a BRCA1 Pathogenic Variant: A Case Report.	publication	NA	NA	NA			NA	UNCLEAR	
GRCh38:17:43082459:A:T	3226152	Ser1434Arg	c.4302T>A	2026-08-19	BRCA1 Ser1434Arg	PubMed	42609763		An Unusual Presentation of Dermatofibrosarcoma Protuberans (DFSP): The Role of Advanced Molecular Testing in Collagen Type I Alpha 1 Chain (COL1A1)-Negative Cases.	publication	NA	NA	NA			NA	UNCLEAR	
GRCh38:17:43082459:A:T	3226152	Ser1434Arg	c.4302T>A	2026-08-19	BRCA1 c.4302T>A	PubMed	42611417		Hormonal contraceptives and cancer risk in women with a BRCA1 or BRCA2 pathogenic variant.	publication	NA	NA	NA			NA	UNCLEAR	
GRCh38:17:43082459:A:T	3226152	Ser1434Arg	c.4302T>A	2026-08-19	BRCA1 c.4302T>A	PubMed	42610144		AI-driven CRISPR strategies in breast cancer: Organoid modeling, adaptive editing, and precision delivery.	publication	NA	NA	NA			NA	UNCLEAR	
GRCh38:17:43082459:A:T	3226152	Ser1434Arg	c.4302T>A	2026-08-19	BRCA1 c.4302T>A	PubMed	42610096		Alliance A022106: A Phase II/III Trial of Nab-Paclitaxel and Gemcitabine ± Cisplatin as Second-Line Treatment for BRCA1/2 or PALB2 Mutant Metastatic Pancreatic Ductal Adenocarcinoma (PLATINUM).	publication	NA	NA	NA			NA	UNCLEAR	
GRCh38:17:43082459:A:T	3226152	Ser1434Arg	c.4302T>A	2026-08-19	BRCA1 c.4302T>A	PubMed	42609953		Adaptive Surgical Decision-Making for Synchronous Metastatic Pancreatic Cancer and Early Breast Cancer with a BRCA1 Pathogenic Variant: A Case Report.	publication	NA	NA	NA			NA	UNCLEAR	
GRCh38:17:43082459:A:T	3226152	Ser1434Arg	c.4302T>A	2026-08-19	BRCA1 c.4302T>A	PubMed	42609763		An Unusual Presentation of Dermatofibrosarcoma Protuberans (DFSP): The Role of Advanced Molecular Testing in Collagen Type I Alpha 1 Chain (COL1A1)-Negative Cases.	publication	NA	NA	NA			NA	UNCLEAR	
GRCh38:17:43076607:T:G	3226154	Leu1455Phe	c.4365A>C	2026-08-19	Findlay SGE (MaveDB)	MaveDB			Findlay et al. 2018 (PMID 30209399)	saturation genome editing	saturation genome editing (HDR)	Leu1455Phe					HIGH	partial coverage: RING+BRCT domains only
GRCh38:17:43076607:T:G	3226154	Leu1455Phe	c.4365A>C	2026-08-19	ClinVar esummary	ClinVar				clinical interpretation	NA	NA	NA		Uncertain significance	current=Uncertain significance; review=criteria provided, single submitter	MODERATE	
GRCh38:17:43076607:T:G	3226154	Leu1455Phe	c.4365A>C	2026-08-19	BRCA1 Leu1455Phe	PubMed	42611417		Hormonal contraceptives and cancer risk in women with a BRCA1 or BRCA2 pathogenic variant.	publication	NA	NA	NA			NA	UNCLEAR	
GRCh38:17:43076607:T:G	3226154	Leu1455Phe	c.4365A>C	2026-08-19	BRCA1 Leu1455Phe	PubMed	42610144		AI-driven CRISPR strategies in breast cancer: Organoid modeling, adaptive editing, and precision delivery.	publication	NA	NA	NA			NA	UNCLEAR	
GRCh38:17:43076607:T:G	3226154	Leu1455Phe	c.4365A>C	2026-08-19	BRCA1 Leu1455Phe	PubMed	42610096		Alliance A022106: A Phase II/III Trial of Nab-Paclitaxel and Gemcitabine ± Cisplatin as Second-Line Treatment for BRCA1/2 or PALB2 Mutant Metastatic Pancreatic Ductal Adenocarcinoma (PLATINUM).	publication	NA	NA	NA			NA	UNCLEAR	
GRCh38:17:43076607:T:G	3226154	Leu1455Phe	c.4365A>C	2026-08-19	BRCA1 Leu1455Phe	PubMed	42609953		Adaptive Surgical Decision-Making for Synchronous Metastatic Pancreatic Cancer and Early Breast Cancer with a BRCA1 Pathogenic Variant: A Case Report.	publication	NA	NA	NA			NA	UNCLEAR	
GRCh38:17:43076607:T:G	3226154	Leu1455Phe	c.4365A>C	2026-08-19	BRCA1 Leu1455Phe	PubMed	42609763		An Unusual Presentation of Dermatofibrosarcoma Protuberans (DFSP): The Role of Advanced Molecular Testing in Collagen Type I Alpha 1 Chain (COL1A1)-Negative Cases.	publication	NA	NA	NA			NA	UNCLEAR	
GRCh38:17:43076607:T:G	3226154	Leu1455Phe	c.4365A>C	2026-08-19	BRCA1 c.4365A>C	PubMed	42609450		Biomarker testing in advanced or metastatic hormone receptor-positive, human epidermal growth factor receptor 2 negative breast cancer: expert recommendations.	publication	NA	NA	NA			NA	UNCLEAR	
GRCh38:17:43076607:T:G	3226154	Leu1455Phe	c.4365A>C	2026-08-19	BRCA1 c.4365A>C	PubMed	42584742		Real-world clinical outcomes of patients with early-stage TNBC and BRCAm who were treated with adjuvant capecitabine in the United States.	publication	NA	NA	NA			NA	UNCLEAR	
GRCh38:17:43076607:T:G	3226154	Leu1455Phe	c.4365A>C	2026-08-19	BRCA1 c.4365A>C	PubMed	42580099		Chemotherapy type and survival in young BRCA1/2 carriers with HER2-negative early breast cancer.	publication	NA	NA	NA			NA	UNCLEAR	
GRCh38:17:43076607:T:G	3226154	Leu1455Phe	c.4365A>C	2026-08-19	BRCA1 c.4365A>C	PubMed	42560601		BRCA1-derived peptide constructs exhibit sequence-dependent features compatible with modulation of the p53-MDM2 axis.	publication	NA	NA	NA			NA	UNCLEAR	
GRCh38:17:43076607:T:G	3226154	Leu1455Phe	c.4365A>C	2026-08-19	BRCA1 c.4365A>C	PubMed	42524928		Whole-genome sequencing in Brazilian patients with neurofibromatosis type 1, including novel variants, incidental findings, and dual diagnoses.	publication	NA	NA	NA			NA	UNCLEAR	
GRCh38:17:43076504:C:T	3226156	Glu1490Lys	c.4468G>A	2026-08-19	Findlay SGE (MaveDB)	MaveDB			Findlay et al. 2018 (PMID 30209399)	saturation genome editing	saturation genome editing (HDR)	Glu1490Lys					HIGH	partial coverage: RING+BRCT domains only
GRCh38:17:43076504:C:T	3226156	Glu1490Lys	c.4468G>A	2026-08-19	ClinVar esummary	ClinVar				clinical interpretation	NA	NA	NA		Uncertain significance	current=Uncertain significance; review=criteria provided, multiple submitters, no conflicts	MODERATE	
GRCh38:17:43076504:C:T	3226156	Glu1490Lys	c.4468G>A	2026-08-19	BRCA1 Glu1490Lys	PubMed	42611417		Hormonal contraceptives and cancer risk in women with a BRCA1 or BRCA2 pathogenic variant.	publication	NA	NA	NA			NA	UNCLEAR	
GRCh38:17:43076504:C:T	3226156	Glu1490Lys	c.4468G>A	2026-08-19	BRCA1 Glu1490Lys	PubMed	42610144		AI-driven CRISPR strategies in breast cancer: Organoid modeling, adaptive editing, and precision delivery.	publication	NA	NA	NA			NA	UNCLEAR	
GRCh38:17:43076504:C:T	3226156	Glu1490Lys	c.4468G>A	2026-08-19	BRCA1 Glu1490Lys	PubMed	42610096		Alliance A022106: A Phase II/III Trial of Nab-Paclitaxel and Gemcitabine ± Cisplatin as Second-Line Treatment for BRCA1/2 or PALB2 Mutant Metastatic Pancreatic Ductal Adenocarcinoma (PLATINUM).	publication	NA	NA	NA			NA	UNCLEAR	
GRCh38:17:43076504:C:T	3226156	Glu1490Lys	c.4468G>A	2026-08-19	BRCA1 Glu1490Lys	PubMed	42609953		Adaptive Surgical Decision-Making for Synchronous Metastatic Pancreatic Cancer and Early Breast Cancer with a BRCA1 Pathogenic Variant: A Case Report.	publication	NA	NA	NA			NA	UNCLEAR	
GRCh38:17:43076504:C:T	3226156	Glu1490Lys	c.4468G>A	2026-08-19	BRCA1 Glu1490Lys	PubMed	42609763		An Unusual Presentation of Dermatofibrosarcoma Protuberans (DFSP): The Role of Advanced Molecular Testing in Collagen Type I Alpha 1 Chain (COL1A1)-Negative Cases.	publication	NA	NA	NA			NA	UNCLEAR	
GRCh38:17:43076504:C:T	3226156	Glu1490Lys	c.4468G>A	2026-08-19	BRCA1 c.4468G>A	PubMed	42611417		Hormonal contraceptives and cancer risk in women with a BRCA1 or BRCA2 pathogenic variant.	publication	NA	NA	NA			NA	UNCLEAR	
GRCh38:17:43076504:C:T	3226156	Glu1490Lys	c.4468G>A	2026-08-19	BRCA1 c.4468G>A	PubMed	42610144		AI-driven CRISPR strategies in breast cancer: Organoid modeling, adaptive editing, and precision delivery.	publication	NA	NA	NA			NA	UNCLEAR	
GRCh38:17:43076504:C:T	3226156	Glu1490Lys	c.4468G>A	2026-08-19	BRCA1 c.4468G>A	PubMed	42610096		Alliance A022106: A Phase II/III Trial of Nab-Paclitaxel and Gemcitabine ± Cisplatin as Second-Line Treatment for BRCA1/2 or PALB2 Mutant Metastatic Pancreatic Ductal Adenocarcinoma (PLATINUM).	publication	NA	NA	NA			NA	UNCLEAR	
GRCh38:17:43076504:C:T	3226156	Glu1490Lys	c.4468G>A	2026-08-19	BRCA1 c.4468G>A	PubMed	42609953		Adaptive Surgical Decision-Making for Synchronous Metastatic Pancreatic Cancer and Early Breast Cancer with a BRCA1 Pathogenic Variant: A Case Report.	publication	NA	NA	NA			NA	UNCLEAR	
GRCh38:17:43076504:C:T	3226156	Glu1490Lys	c.4468G>A	2026-08-19	BRCA1 c.4468G>A	PubMed	42609763		An Unusual Presentation of Dermatofibrosarcoma Protuberans (DFSP): The Role of Advanced Molecular Testing in Collagen Type I Alpha 1 Chain (COL1A1)-Negative Cases.	publication	NA	NA	NA			NA	UNCLEAR	
GRCh38:17:43094574:G:T	3226181	Asn319Lys	c.957C>A	2026-08-19	Findlay SGE (MaveDB)	MaveDB			Findlay et al. 2018 (PMID 30209399)	saturation genome editing	saturation genome editing (HDR)	Asn319Lys					HIGH	partial coverage: RING+BRCT domains only
GRCh38:17:43094574:G:T	3226181	Asn319Lys	c.957C>A	2026-08-19	ClinVar esummary	ClinVar				clinical interpretation	NA	NA	NA		Uncertain significance	current=Uncertain significance; review=criteria provided, single submitter	MODERATE	
GRCh38:17:43094494:G:A	3226094	Pro346Leu	c.1037C>T	2026-08-19	Findlay SGE (MaveDB)	MaveDB			Findlay et al. 2018 (PMID 30209399)	saturation genome editing	saturation genome editing (HDR)	Pro346Leu					HIGH	partial coverage: RING+BRCT domains only
GRCh38:17:43094494:G:A	3226094	Pro346Leu	c.1037C>T	2026-08-19	ClinVar esummary	ClinVar				clinical interpretation	NA	NA	NA		Uncertain significance	current=Uncertain significance; review=criteria provided, single submitter	MODERATE	
GRCh38:17:43104872:C:G	3240941	Leu99Phe	c.297G>C	2026-08-19	Findlay SGE (MaveDB)	MaveDB			Findlay et al. 2018 (PMID 30209399)	saturation genome editing	saturation genome editing (HDR)	Leu99Phe					HIGH	partial coverage: RING+BRCT domains only
GRCh38:17:43104872:C:G	3240941	Leu99Phe	c.297G>C	2026-08-19	ClinVar esummary	ClinVar				clinical interpretation	NA	NA	NA		Uncertain significance	current=Uncertain significance; review=criteria provided, single submitter	MODERATE	
GRCh38:17:43076542:A:C	3240942	Phe1477Cys	c.4430T>G	2026-08-19	Findlay SGE (MaveDB)	MaveDB			Findlay et al. 2018 (PMID 30209399)	saturation genome editing	saturation genome editing (HDR)	Phe1477Cys					HIGH	partial coverage: RING+BRCT domains only
GRCh38:17:43076542:A:C	3240942	Phe1477Cys	c.4430T>G	2026-08-19	ClinVar esummary	ClinVar				clinical interpretation	NA	NA	NA		Uncertain significance	current=Uncertain significance; review=criteria provided, multiple submitters, no conflicts	MODERATE	
GRCh38:17:43094503:T:C	3261443	Asn343Ser	c.1028A>G	2026-08-19	Findlay SGE (MaveDB)	MaveDB			Findlay et al. 2018 (PMID 30209399)	saturation genome editing	saturation genome editing (HDR)	Asn343Ser					HIGH	partial coverage: RING+BRCT domains only
GRCh38:17:43094503:T:C	3261443	Asn343Ser	c.1028A>G	2026-08-19	ClinVar esummary	ClinVar				clinical interpretation	NA	NA	NA		Uncertain significance	current=Uncertain significance; review=criteria provided, multiple submitters, no conflicts	MODERATE	
GRCh38:17:43092535:A:G	3261462	Leu999Pro	c.2996T>C	2026-08-19	Findlay SGE (MaveDB)	MaveDB			Findlay et al. 2018 (PMID 30209399)	saturation genome editing	saturation genome editing (HDR)	Leu999Pro					HIGH	partial coverage: RING+BRCT domains only
GRCh38:17:43092535:A:G	3261462	Leu999Pro	c.2996T>C	2026-08-19	ClinVar esummary	ClinVar				clinical interpretation	NA	NA	NA		Uncertain significance	current=Uncertain significance; review=criteria provided, multiple submitters, no conflicts	MODERATE	
GRCh38:17:43094828:T:G	3261465	Asn235His	c.703A>C	2026-08-19	Findlay SGE (MaveDB)	MaveDB			Findlay et al. 2018 (PMID 30209399)	saturation genome editing	saturation genome editing (HDR)	Asn235His					HIGH	partial coverage: RING+BRCT domains only
GRCh38:17:43094828:T:G	3261465	Asn235His	c.703A>C	2026-08-19	ClinVar esummary	ClinVar				clinical interpretation	NA	NA	NA		Uncertain significance	current=Uncertain significance; review=criteria provided, single submitter	MODERATE	
GRCh38:17:43094828:T:G	3261465	Asn235His	c.703A>C	2026-08-19	BRCA1 Asn235His	PubMed	42611417		Hormonal contraceptives and cancer risk in women with a BRCA1 or BRCA2 pathogenic variant.	publication	NA	NA	NA			NA	UNCLEAR	
GRCh38:17:43094828:T:G	3261465	Asn235His	c.703A>C	2026-08-19	BRCA1 Asn235His	PubMed	42610144		AI-driven CRISPR strategies in breast cancer: Organoid modeling, adaptive editing, and precision delivery.	publication	NA	NA	NA			NA	UNCLEAR	
GRCh38:17:43094828:T:G	3261465	Asn235His	c.703A>C	2026-08-19	BRCA1 Asn235His	PubMed	42610096		Alliance A022106: A Phase II/III Trial of Nab-Paclitaxel and Gemcitabine ± Cisplatin as Second-Line Treatment for BRCA1/2 or PALB2 Mutant Metastatic Pancreatic Ductal Adenocarcinoma (PLATINUM).	publication	NA	NA	NA			NA	UNCLEAR	
GRCh38:17:43094828:T:G	3261465	Asn235His	c.703A>C	2026-08-19	BRCA1 Asn235His	PubMed	42609953		Adaptive Surgical Decision-Making for Synchronous Metastatic Pancreatic Cancer and Early Breast Cancer with a BRCA1 Pathogenic Variant: A Case Report.	publication	NA	NA	NA			NA	UNCLEAR	
GRCh38:17:43094828:T:G	3261465	Asn235His	c.703A>C	2026-08-19	BRCA1 Asn235His	PubMed	42609763		An Unusual Presentation of Dermatofibrosarcoma Protuberans (DFSP): The Role of Advanced Molecular Testing in Collagen Type I Alpha 1 Chain (COL1A1)-Negative Cases.	publication	NA	NA	NA			NA	UNCLEAR	
GRCh38:17:43094828:T:G	3261465	Asn235His	c.703A>C	2026-08-19	BRCA1 c.703A>C	PubMed	42609450		Biomarker testing in advanced or metastatic hormone receptor-positive, human epidermal growth factor receptor 2 negative breast cancer: expert recommendations.	publication	NA	NA	NA			NA	UNCLEAR	
GRCh38:17:43094828:T:G	3261465	Asn235His	c.703A>C	2026-08-19	BRCA1 c.703A>C	PubMed	42584742		Real-world clinical outcomes of patients with early-stage TNBC and BRCAm who were treated with adjuvant capecitabine in the United States.	publication	NA	NA	NA			NA	UNCLEAR	
GRCh38:17:43094828:T:G	3261465	Asn235His	c.703A>C	2026-08-19	BRCA1 c.703A>C	PubMed	42580099		Chemotherapy type and survival in young BRCA1/2 carriers with HER2-negative early breast cancer.	publication	NA	NA	NA			NA	UNCLEAR	
GRCh38:17:43094828:T:G	3261465	Asn235His	c.703A>C	2026-08-19	BRCA1 c.703A>C	PubMed	42560601		BRCA1-derived peptide constructs exhibit sequence-dependent features compatible with modulation of the p53-MDM2 axis.	publication	NA	NA	NA			NA	UNCLEAR	
GRCh38:17:43094828:T:G	3261465	Asn235His	c.703A>C	2026-08-19	BRCA1 c.703A>C	PubMed	42524928		Whole-genome sequencing in Brazilian patients with neurofibromatosis type 1, including novel variants, incidental findings, and dual diagnoses.	publication	NA	NA	NA			NA	UNCLEAR	
GRCh38:17:43094814:A:C	3261466	His239Gln	c.717T>G	2026-08-19	Findlay SGE (MaveDB)	MaveDB			Findlay et al. 2018 (PMID 30209399)	saturation genome editing	saturation genome editing (HDR)	His239Gln					HIGH	partial coverage: RING+BRCT domains only
GRCh38:17:43094814:A:C	3261466	His239Gln	c.717T>G	2026-08-19	ClinVar esummary	ClinVar				clinical interpretation	NA	NA	NA		Uncertain significance	current=Uncertain significance; review=criteria provided, single submitter	MODERATE	
GRCh38:17:43104195:G:A	3261473	Ser123Phe	c.368C>T	2026-08-19	Findlay SGE (MaveDB)	MaveDB			Findlay et al. 2018 (PMID 30209399)	saturation genome editing	saturation genome editing (HDR)	Ser123Phe					HIGH	partial coverage: RING+BRCT domains only
GRCh38:17:43104195:G:A	3261473	Ser123Phe	c.368C>T	2026-08-19	ClinVar esummary	ClinVar				clinical interpretation	NA	NA	NA		Uncertain significance	current=Uncertain significance; review=criteria provided, multiple submitters, no conflicts	MODERATE	
GRCh38:17:43104195:G:A	3261473	Ser123Phe	c.368C>T	2026-08-19	BRCA1 Ser123Phe	PubMed	42611417		Hormonal contraceptives and cancer risk in women with a BRCA1 or BRCA2 pathogenic variant.	publication	NA	NA	NA			NA	UNCLEAR	
GRCh38:17:43104195:G:A	3261473	Ser123Phe	c.368C>T	2026-08-19	BRCA1 Ser123Phe	PubMed	42610144		AI-driven CRISPR strategies in breast cancer: Organoid modeling, adaptive editing, and precision delivery.	publication	NA	NA	NA			NA	UNCLEAR	
GRCh38:17:43104195:G:A	3261473	Ser123Phe	c.368C>T	2026-08-19	BRCA1 Ser123Phe	PubMed	42610096		Alliance A022106: A Phase II/III Trial of Nab-Paclitaxel and Gemcitabine ± Cisplatin as Second-Line Treatment for BRCA1/2 or PALB2 Mutant Metastatic Pancreatic Ductal Adenocarcinoma (PLATINUM).	publication	NA	NA	NA			NA	UNCLEAR	
GRCh38:17:43104195:G:A	3261473	Ser123Phe	c.368C>T	2026-08-19	BRCA1 Ser123Phe	PubMed	42609953		Adaptive Surgical Decision-Making for Synchronous Metastatic Pancreatic Cancer and Early Breast Cancer with a BRCA1 Pathogenic Variant: A Case Report.	publication	NA	NA	NA			NA	UNCLEAR	
GRCh38:17:43104195:G:A	3261473	Ser123Phe	c.368C>T	2026-08-19	BRCA1 Ser123Phe	PubMed	42609763		An Unusual Presentation of Dermatofibrosarcoma Protuberans (DFSP): The Role of Advanced Molecular Testing in Collagen Type I Alpha 1 Chain (COL1A1)-Negative Cases.	publication	NA	NA	NA			NA	UNCLEAR	
GRCh38:17:43104195:G:A	3261473	Ser123Phe	c.368C>T	2026-08-19	BRCA1 c.368C>T	PubMed	42610144		AI-driven CRISPR strategies in breast cancer: Organoid modeling, adaptive editing, and precision delivery.	publication	NA	NA	NA			NA	UNCLEAR	
GRCh38:17:43104195:G:A	3261473	Ser123Phe	c.368C>T	2026-08-19	BRCA1 c.368C>T	PubMed	42609450		Biomarker testing in advanced or metastatic hormone receptor-positive, human epidermal growth factor receptor 2 negative breast cancer: expert recommendations.	publication	NA	NA	NA			NA	UNCLEAR	
GRCh38:17:43104195:G:A	3261473	Ser123Phe	c.368C>T	2026-08-19	BRCA1 c.368C>T	PubMed	42597706		Germline BRCA1 pathogenic variants and T cell dysfunction.	publication	NA	NA	NA			NA	UNCLEAR	
GRCh38:17:43104195:G:A	3261473	Ser123Phe	c.368C>T	2026-08-19	BRCA1 c.368C>T	PubMed	42581048		A ubiquitin chain-feeding mechanism for BRCA1-A.	publication	NA	NA	NA			NA	UNCLEAR	
GRCh38:17:43104195:G:A	3261473	Ser123Phe	c.368C>T	2026-08-19	BRCA1 c.368C>T	PubMed	42580462		Mechanistic Insights into Genomic Basis of Crosstalk Between Metabolic Reprogramming and Immune Dysfunction in Ovarian Cancer.	publication	NA	NA	NA			NA	UNCLEAR	
GRCh38:17:43099779:T:G	3261479	Glu181Asp	c.543A>C	2026-08-19	Findlay SGE (MaveDB)	MaveDB			Findlay et al. 2018 (PMID 30209399)	saturation genome editing	saturation genome editing (HDR)	Glu181Asp					HIGH	partial coverage: RING+BRCT domains only
GRCh38:17:43099779:T:G	3261479	Glu181Asp	c.543A>C	2026-08-19	ClinVar esummary	ClinVar				clinical interpretation	NA	NA	NA		Uncertain significance	current=Uncertain significance; review=criteria provided, single submitter	MODERATE	
GRCh38:17:43091780:A:T	3340195	Cys1251Ser	c.3751T>A	2026-08-19	Findlay SGE (MaveDB)	MaveDB			Findlay et al. 2018 (PMID 30209399)	saturation genome editing	saturation genome editing (HDR)	Cys1251Ser					HIGH	partial coverage: RING+BRCT domains only
GRCh38:17:43091780:A:T	3340195	Cys1251Ser	c.3751T>A	2026-08-19	ClinVar esummary	ClinVar				clinical interpretation	NA	NA	NA		Uncertain significance	current=Uncertain significance; review=criteria provided, single submitter	MODERATE	
GRCh38:17:43099780:T:G	3340216	Glu181Ala	c.542A>C	2026-08-19	Findlay SGE (MaveDB)	MaveDB			Findlay et al. 2018 (PMID 30209399)	saturation genome editing	saturation genome editing (HDR)	Glu181Ala					HIGH	partial coverage: RING+BRCT domains only
GRCh38:17:43099780:T:G	3340216	Glu181Ala	c.542A>C	2026-08-19	ClinVar esummary	ClinVar				clinical interpretation	NA	NA	NA		Uncertain significance	current=Uncertain significance; review=criteria provided, multiple submitters, no conflicts	MODERATE	
GRCh38:17:43094597:C:T	3340388	Gly312Ser	c.934G>A	2026-08-19	Findlay SGE (MaveDB)	MaveDB			Findlay et al. 2018 (PMID 30209399)	saturation genome editing	saturation genome editing (HDR)	Gly312Ser					HIGH	partial coverage: RING+BRCT domains only
GRCh38:17:43094597:C:T	3340388	Gly312Ser	c.934G>A	2026-08-19	ClinVar esummary	ClinVar				clinical interpretation	NA	NA	NA		Uncertain significance	current=Uncertain significance; review=criteria provided, single submitter	MODERATE	
GRCh38:17:43082511:A:G	3367142	Val1417Ala	c.4250T>C	2026-08-19	Findlay SGE (MaveDB)	MaveDB			Findlay et al. 2018 (PMID 30209399)	saturation genome editing	saturation genome editing (HDR)	Val1417Ala					HIGH	partial coverage: RING+BRCT domains only
GRCh38:17:43082511:A:G	3367142	Val1417Ala	c.4250T>C	2026-08-19	ClinVar esummary	ClinVar				clinical interpretation	NA	NA	NA		Uncertain significance	current=Uncertain significance; review=criteria provided, single submitter	MODERATE	
GRCh38:17:43082485:A:T	3372696	Ser1426Thr	c.4276T>A	2026-08-19	Findlay SGE (MaveDB)	MaveDB			Findlay et al. 2018 (PMID 30209399)	saturation genome editing	saturation genome editing (HDR)	Ser1426Thr					HIGH	partial coverage: RING+BRCT domains only
GRCh38:17:43082485:A:T	3372696	Ser1426Thr	c.4276T>A	2026-08-19	ClinVar esummary	ClinVar				clinical interpretation	NA	NA	NA		Uncertain significance	current=Uncertain significance; review=criteria provided, single submitter	MODERATE	
GRCh38:17:43092337:T:C	3373180	Asp1065Gly	c.3194A>G	2026-08-19	Findlay SGE (MaveDB)	MaveDB			Findlay et al. 2018 (PMID 30209399)	saturation genome editing	saturation genome editing (HDR)	Asp1065Gly					HIGH	partial coverage: RING+BRCT domains only
GRCh38:17:43092337:T:C	3373180	Asp1065Gly	c.3194A>G	2026-08-19	ClinVar esummary	ClinVar				clinical interpretation	NA	NA	NA		Uncertain significance	current=Uncertain significance; review=criteria provided, single submitter	MODERATE	
GRCh38:17:43093093:C:T	3386216	Gly813Glu	c.2438G>A	2026-08-19	Findlay SGE (MaveDB)	MaveDB			Findlay et al. 2018 (PMID 30209399)	saturation genome editing	saturation genome editing (HDR)	Gly813Glu					HIGH	partial coverage: RING+BRCT domains only
GRCh38:17:43093093:C:T	3386216	Gly813Glu	c.2438G>A	2026-08-19	ClinVar esummary	ClinVar				clinical interpretation	NA	NA	NA		Uncertain significance	current=Uncertain significance; review=criteria provided, multiple submitters, no conflicts	MODERATE	
GRCh38:17:43094791:T:A	3386226	Asn247Ile	c.740A>T	2026-08-19	Findlay SGE (MaveDB)	MaveDB			Findlay et al. 2018 (PMID 30209399)	saturation genome editing	saturation genome editing (HDR)	Asn247Ile					HIGH	partial coverage: RING+BRCT domains only
GRCh38:17:43094791:T:A	3386226	Asn247Ile	c.740A>T	2026-08-19	ClinVar esummary	ClinVar				clinical interpretation	NA	NA	NA		Uncertain significance	current=Uncertain significance; review=criteria provided, single submitter	MODERATE	
GRCh38:17:43094797:T:C	3481842	Asp245Gly	c.734A>G	2026-08-19	Findlay SGE (MaveDB)	MaveDB			Findlay et al. 2018 (PMID 30209399)	saturation genome editing	saturation genome editing (HDR)	Asp245Gly					HIGH	partial coverage: RING+BRCT domains only
GRCh38:17:43094797:T:C	3481842	Asp245Gly	c.734A>G	2026-08-19	ClinVar esummary	ClinVar				clinical interpretation	NA	NA	NA		Uncertain significance	current=Uncertain significance; review=criteria provided, single submitter	MODERATE	
GRCh38:17:43082464:T:G	3481844	Ile1433Leu	c.4297A>C	2026-08-19	Findlay SGE (MaveDB)	MaveDB			Findlay et al. 2018 (PMID 30209399)	saturation genome editing	saturation genome editing (HDR)	Ile1433Leu					HIGH	partial coverage: RING+BRCT domains only
GRCh38:17:43082464:T:G	3481844	Ile1433Leu	c.4297A>C	2026-08-19	ClinVar esummary	ClinVar				clinical interpretation	NA	NA	NA		Uncertain significance	current=Uncertain significance; review=criteria provided, single submitter	MODERATE	
GRCh38:17:43094459:G:T	3481848	Leu358Met	c.1072C>A	2026-08-19	Findlay SGE (MaveDB)	MaveDB			Findlay et al. 2018 (PMID 30209399)	saturation genome editing	saturation genome editing (HDR)	Leu358Met					HIGH	partial coverage: RING+BRCT domains only
GRCh38:17:43094459:G:T	3481848	Leu358Met	c.1072C>A	2026-08-19	ClinVar esummary	ClinVar				clinical interpretation	NA	NA	NA		Uncertain significance	current=Uncertain significance; review=criteria provided, single submitter	MODERATE	
GRCh38:17:43094459:G:T	3481848	Leu358Met	c.1072C>A	2026-08-19	BRCA1 Leu358Met	PubMed	42611417		Hormonal contraceptives and cancer risk in women with a BRCA1 or BRCA2 pathogenic variant.	publication	NA	NA	NA			NA	UNCLEAR	
GRCh38:17:43094459:G:T	3481848	Leu358Met	c.1072C>A	2026-08-19	BRCA1 Leu358Met	PubMed	42610144		AI-driven CRISPR strategies in breast cancer: Organoid modeling, adaptive editing, and precision delivery.	publication	NA	NA	NA			NA	UNCLEAR	
GRCh38:17:43094459:G:T	3481848	Leu358Met	c.1072C>A	2026-08-19	BRCA1 Leu358Met	PubMed	42610096		Alliance A022106: A Phase II/III Trial of Nab-Paclitaxel and Gemcitabine ± Cisplatin as Second-Line Treatment for BRCA1/2 or PALB2 Mutant Metastatic Pancreatic Ductal Adenocarcinoma (PLATINUM).	publication	NA	NA	NA			NA	UNCLEAR	
GRCh38:17:43094459:G:T	3481848	Leu358Met	c.1072C>A	2026-08-19	BRCA1 Leu358Met	PubMed	42609953		Adaptive Surgical Decision-Making for Synchronous Metastatic Pancreatic Cancer and Early Breast Cancer with a BRCA1 Pathogenic Variant: A Case Report.	publication	NA	NA	NA			NA	UNCLEAR	
GRCh38:17:43094459:G:T	3481848	Leu358Met	c.1072C>A	2026-08-19	BRCA1 Leu358Met	PubMed	42609763		An Unusual Presentation of Dermatofibrosarcoma Protuberans (DFSP): The Role of Advanced Molecular Testing in Collagen Type I Alpha 1 Chain (COL1A1)-Negative Cases.	publication	NA	NA	NA			NA	UNCLEAR	
GRCh38:17:43090962:A:C	3481860	Ser1389Arg	c.4167T>G	2026-08-19	Findlay SGE (MaveDB)	MaveDB			Findlay et al. 2018 (PMID 30209399)	saturation genome editing	saturation genome editing (HDR)	Ser1389Arg					HIGH	partial coverage: RING+BRCT domains only
GRCh38:17:43090962:A:C	3481860	Ser1389Arg	c.4167T>G	2026-08-19	ClinVar esummary	ClinVar				clinical interpretation	NA	NA	NA		Uncertain significance	current=Uncertain significance; review=criteria provided, single submitter	MODERATE	
GRCh38:17:43099869:A:T	3481870	Ser151Arg	c.453T>A	2026-08-19	Findlay SGE (MaveDB)	MaveDB			Findlay et al. 2018 (PMID 30209399)	saturation genome editing	saturation genome editing (HDR)	Ser151Arg					HIGH	partial coverage: RING+BRCT domains only
GRCh38:17:43099869:A:T	3481870	Ser151Arg	c.453T>A	2026-08-19	ClinVar esummary	ClinVar				clinical interpretation	NA	NA	NA		Uncertain significance	current=Uncertain significance; review=criteria provided, single submitter	MODERATE	
GRCh38:17:43092425:A:T	3481878	Phe1036Ile	c.3106T>A	2026-08-19	Findlay SGE (MaveDB)	MaveDB			Findlay et al. 2018 (PMID 30209399)	saturation genome editing	saturation genome editing (HDR)	Phe1036Ile					HIGH	partial coverage: RING+BRCT domains only
GRCh38:17:43092425:A:T	3481878	Phe1036Ile	c.3106T>A	2026-08-19	ClinVar esummary	ClinVar				clinical interpretation	NA	NA	NA		Uncertain significance	current=Uncertain significance; review=criteria provided, single submitter	MODERATE	
GRCh38:17:43082458:C:G	3481905	Asp1435His	c.4303G>C	2026-08-19	Findlay SGE (MaveDB)	MaveDB			Findlay et al. 2018 (PMID 30209399)	saturation genome editing	saturation genome editing (HDR)	Asp1435His					HIGH	partial coverage: RING+BRCT domains only
GRCh38:17:43082458:C:G	3481905	Asp1435His	c.4303G>C	2026-08-19	ClinVar esummary	ClinVar				clinical interpretation	NA	NA	NA		Uncertain significance	current=Uncertain significance; review=criteria provided, single submitter	MODERATE	
GRCh38:17:43082463:A:C	3572270	Ile1433Arg	c.4298T>G	2026-08-19	Findlay SGE (MaveDB)	MaveDB			Findlay et al. 2018 (PMID 30209399)	saturation genome editing	saturation genome editing (HDR)	Ile1433Arg					HIGH	partial coverage: RING+BRCT domains only
GRCh38:17:43082463:A:C	3572270	Ile1433Arg	c.4298T>G	2026-08-19	ClinVar esummary	ClinVar				clinical interpretation	NA	NA	NA		Uncertain significance	current=Uncertain significance; review=criteria provided, single submitter	MODERATE	
GRCh38:17:43092976:A:C	3623617	Leu852Arg	c.2555T>G	2026-08-19	Findlay SGE (MaveDB)	MaveDB			Findlay et al. 2018 (PMID 30209399)	saturation genome editing	saturation genome editing (HDR)	Leu852Arg					HIGH	partial coverage: RING+BRCT domains only
GRCh38:17:43092976:A:C	3623617	Leu852Arg	c.2555T>G	2026-08-19	ClinVar esummary	ClinVar				clinical interpretation	NA	NA	NA		Uncertain significance	current=Uncertain significance; review=criteria provided, multiple submitters, no conflicts	MODERATE	
GRCh38:17:43092976:A:C	3623617	Leu852Arg	c.2555T>G	2026-08-19	BRCA1 Leu852Arg	PubMed	42611417		Hormonal contraceptives and cancer risk in women with a BRCA1 or BRCA2 pathogenic variant.	publication	NA	NA	NA			NA	UNCLEAR	
GRCh38:17:43092976:A:C	3623617	Leu852Arg	c.2555T>G	2026-08-19	BRCA1 Leu852Arg	PubMed	42610144		AI-driven CRISPR strategies in breast cancer: Organoid modeling, adaptive editing, and precision delivery.	publication	NA	NA	NA			NA	UNCLEAR	
GRCh38:17:43092976:A:C	3623617	Leu852Arg	c.2555T>G	2026-08-19	BRCA1 Leu852Arg	PubMed	42610096		Alliance A022106: A Phase II/III Trial of Nab-Paclitaxel and Gemcitabine ± Cisplatin as Second-Line Treatment for BRCA1/2 or PALB2 Mutant Metastatic Pancreatic Ductal Adenocarcinoma (PLATINUM).	publication	NA	NA	NA			NA	UNCLEAR	
GRCh38:17:43092976:A:C	3623617	Leu852Arg	c.2555T>G	2026-08-19	BRCA1 Leu852Arg	PubMed	42609953		Adaptive Surgical Decision-Making for Synchronous Metastatic Pancreatic Cancer and Early Breast Cancer with a BRCA1 Pathogenic Variant: A Case Report.	publication	NA	NA	NA			NA	UNCLEAR	
GRCh38:17:43092976:A:C	3623617	Leu852Arg	c.2555T>G	2026-08-19	BRCA1 Leu852Arg	PubMed	42609763		An Unusual Presentation of Dermatofibrosarcoma Protuberans (DFSP): The Role of Advanced Molecular Testing in Collagen Type I Alpha 1 Chain (COL1A1)-Negative Cases.	publication	NA	NA	NA			NA	UNCLEAR	
GRCh38:17:43092976:A:C	3623617	Leu852Arg	c.2555T>G	2026-08-19	BRCA1 c.2555T>G	PubMed	42609450		Biomarker testing in advanced or metastatic hormone receptor-positive, human epidermal growth factor receptor 2 negative breast cancer: expert recommendations.	publication	NA	NA	NA			NA	UNCLEAR	
GRCh38:17:43092976:A:C	3623617	Leu852Arg	c.2555T>G	2026-08-19	BRCA1 c.2555T>G	PubMed	42581048		A ubiquitin chain-feeding mechanism for BRCA1-A.	publication	NA	NA	NA			NA	UNCLEAR	
GRCh38:17:43092976:A:C	3623617	Leu852Arg	c.2555T>G	2026-08-19	BRCA1 c.2555T>G	PubMed	42572185		Current Advances of Molecular Biomarkers and Liquid Biopsies Techniques in Ovarian Cancer.	publication	NA	NA	NA			NA	UNCLEAR	
GRCh38:17:43092976:A:C	3623617	Leu852Arg	c.2555T>G	2026-08-19	BRCA1 c.2555T>G	PubMed	42558868		Rewired DDR-TGF-β-β-catenin-PD-L1 axis accelerates progression and shapes therapy in human papillomavirus-driven cancer.	publication	NA	NA	NA			NA	UNCLEAR	
GRCh38:17:43092976:A:C	3623617	Leu852Arg	c.2555T>G	2026-08-19	BRCA1 c.2555T>G	PubMed	42513228		Breast Cancer: Epidemiology, Molecular Classification, Diagnostics and Evolving Treatment Paradigms.	publication	NA	NA	NA			NA	UNCLEAR	
GRCh38:17:43092566:A:G	3629694	Phe989Leu	c.2965T>C	2026-08-19	Findlay SGE (MaveDB)	MaveDB			Findlay et al. 2018 (PMID 30209399)	saturation genome editing	saturation genome editing (HDR)	Phe989Leu					HIGH	partial coverage: RING+BRCT domains only
GRCh38:17:43092566:A:G	3629694	Phe989Leu	c.2965T>C	2026-08-19	ClinVar esummary	ClinVar				clinical interpretation	NA	NA	NA		Uncertain significance	current=Uncertain significance; review=criteria provided, single submitter	MODERATE	
GRCh38:17:43076573:G:T	3634638	Gln1467Lys	c.4399C>A	2026-08-19	Findlay SGE (MaveDB)	MaveDB			Findlay et al. 2018 (PMID 30209399)	saturation genome editing	saturation genome editing (HDR)	Gln1467Lys					HIGH	partial coverage: RING+BRCT domains only
GRCh38:17:43076573:G:T	3634638	Gln1467Lys	c.4399C>A	2026-08-19	ClinVar esummary	ClinVar				clinical interpretation	NA	NA	NA		Uncertain significance	current=Uncertain significance; review=criteria provided, single submitter	MODERATE	
GRCh38:17:43082409:T:G	3634639	Glu1451Ala	c.4352A>C	2026-08-19	Findlay SGE (MaveDB)	MaveDB			Findlay et al. 2018 (PMID 30209399)	saturation genome editing	saturation genome editing (HDR)	Glu1451Ala					HIGH	partial coverage: RING+BRCT domains only
GRCh38:17:43082409:T:G	3634639	Glu1451Ala	c.4352A>C	2026-08-19	ClinVar esummary	ClinVar				clinical interpretation	NA	NA	NA		Uncertain significance	current=Uncertain significance; review=criteria provided, single submitter	MODERATE	
GRCh38:17:43082416:T:C	3634640	Thr1449Ala	c.4345A>G	2026-08-19	Findlay SGE (MaveDB)	MaveDB			Findlay et al. 2018 (PMID 30209399)	saturation genome editing	saturation genome editing (HDR)	Thr1449Ala					HIGH	partial coverage: RING+BRCT domains only
GRCh38:17:43082416:T:C	3634640	Thr1449Ala	c.4345A>G	2026-08-19	ClinVar esummary	ClinVar				clinical interpretation	NA	NA	NA		Uncertain significance	current=Uncertain significance; review=criteria provided, single submitter	MODERATE	
GRCh38:17:43082460:C:T	3634641	Ser1434Asn	c.4301G>A	2026-08-19	Findlay SGE (MaveDB)	MaveDB			Findlay et al. 2018 (PMID 30209399)	saturation genome editing	saturation genome editing (HDR)	Ser1434Asn					HIGH	partial coverage: RING+BRCT domains only
GRCh38:17:43082460:C:T	3634641	Ser1434Asn	c.4301G>A	2026-08-19	ClinVar esummary	ClinVar				clinical interpretation	NA	NA	NA		Uncertain significance	current=Uncertain significance; review=criteria provided, single submitter	MODERATE	
GRCh38:17:43091667:T:A	3634643	Glu1288Asp	c.3864A>T	2026-08-19	Findlay SGE (MaveDB)	MaveDB			Findlay et al. 2018 (PMID 30209399)	saturation genome editing	saturation genome editing (HDR)	Glu1288Asp					HIGH	partial coverage: RING+BRCT domains only
GRCh38:17:43091667:T:A	3634643	Glu1288Asp	c.3864A>T	2026-08-19	ClinVar esummary	ClinVar				clinical interpretation	NA	NA	NA		Uncertain significance	current=Uncertain significance; review=criteria provided, single submitter	MODERATE	
GRCh38:17:43092629:G:T	3634659	Pro968Thr	c.2902C>A	2026-08-19	Findlay SGE (MaveDB)	MaveDB			Findlay et al. 2018 (PMID 30209399)	saturation genome editing	saturation genome editing (HDR)	Pro968Thr					HIGH	partial coverage: RING+BRCT domains only
GRCh38:17:43092629:G:T	3634659	Pro968Thr	c.2902C>A	2026-08-19	ClinVar esummary	ClinVar				clinical interpretation	NA	NA	NA		Uncertain significance	current=Uncertain significance; review=criteria provided, single submitter	MODERATE	
GRCh38:17:43094200:C:G	3634693	Ser444Thr	c.1331G>C	2026-08-19	Findlay SGE (MaveDB)	MaveDB			Findlay et al. 2018 (PMID 30209399)	saturation genome editing	saturation genome editing (HDR)	Ser444Thr					HIGH	partial coverage: RING+BRCT domains only
GRCh38:17:43094200:C:G	3634693	Ser444Thr	c.1331G>C	2026-08-19	ClinVar esummary	ClinVar				clinical interpretation	NA	NA	NA		Uncertain significance	current=Uncertain significance; review=criteria provided, single submitter	MODERATE	
GRCh38:17:43094200:C:G	3634693	Ser444Thr	c.1331G>C	2026-08-19	BRCA1 Ser444Thr	PubMed	42611417		Hormonal contraceptives and cancer risk in women with a BRCA1 or BRCA2 pathogenic variant.	publication	NA	NA	NA			NA	UNCLEAR	
GRCh38:17:43094200:C:G	3634693	Ser444Thr	c.1331G>C	2026-08-19	BRCA1 Ser444Thr	PubMed	42610144		AI-driven CRISPR strategies in breast cancer: Organoid modeling, adaptive editing, and precision delivery.	publication	NA	NA	NA			NA	UNCLEAR	
GRCh38:17:43094200:C:G	3634693	Ser444Thr	c.1331G>C	2026-08-19	BRCA1 Ser444Thr	PubMed	42610096		Alliance A022106: A Phase II/III Trial of Nab-Paclitaxel and Gemcitabine ± Cisplatin as Second-Line Treatment for BRCA1/2 or PALB2 Mutant Metastatic Pancreatic Ductal Adenocarcinoma (PLATINUM).	publication	NA	NA	NA			NA	UNCLEAR	
GRCh38:17:43094200:C:G	3634693	Ser444Thr	c.1331G>C	2026-08-19	BRCA1 Ser444Thr	PubMed	42609953		Adaptive Surgical Decision-Making for Synchronous Metastatic Pancreatic Cancer and Early Breast Cancer with a BRCA1 Pathogenic Variant: A Case Report.	publication	NA	NA	NA			NA	UNCLEAR	
GRCh38:17:43094200:C:G	3634693	Ser444Thr	c.1331G>C	2026-08-19	BRCA1 Ser444Thr	PubMed	42609763		An Unusual Presentation of Dermatofibrosarcoma Protuberans (DFSP): The Role of Advanced Molecular Testing in Collagen Type I Alpha 1 Chain (COL1A1)-Negative Cases.	publication	NA	NA	NA			NA	UNCLEAR	
GRCh38:17:43094217:C:G	3634695	Glu438Asp	c.1314G>C	2026-08-19	Findlay SGE (MaveDB)	MaveDB			Findlay et al. 2018 (PMID 30209399)	saturation genome editing	saturation genome editing (HDR)	Glu438Asp					HIGH	partial coverage: RING+BRCT domains only
GRCh38:17:43094217:C:G	3634695	Glu438Asp	c.1314G>C	2026-08-19	ClinVar esummary	ClinVar				clinical interpretation	NA	NA	NA		Uncertain significance	current=Uncertain significance; review=criteria provided, single submitter	MODERATE	
GRCh38:17:43094435:C:A	3634699	Asp366Tyr	c.1096G>T	2026-08-19	Findlay SGE (MaveDB)	MaveDB			Findlay et al. 2018 (PMID 30209399)	saturation genome editing	saturation genome editing (HDR)	Asp366Tyr					HIGH	partial coverage: RING+BRCT domains only
GRCh38:17:43094435:C:A	3634699	Asp366Tyr	c.1096G>T	2026-08-19	ClinVar esummary	ClinVar				clinical interpretation	NA	NA	NA		Uncertain significance	current=Uncertain significance; review=criteria provided, single submitter	MODERATE	
GRCh38:17:43094435:C:A	3634699	Asp366Tyr	c.1096G>T	2026-08-19	BRCA1 Asp366Tyr	PubMed	42611417		Hormonal contraceptives and cancer risk in women with a BRCA1 or BRCA2 pathogenic variant.	publication	NA	NA	NA			NA	UNCLEAR	
GRCh38:17:43094435:C:A	3634699	Asp366Tyr	c.1096G>T	2026-08-19	BRCA1 Asp366Tyr	PubMed	42610144		AI-driven CRISPR strategies in breast cancer: Organoid modeling, adaptive editing, and precision delivery.	publication	NA	NA	NA			NA	UNCLEAR	
GRCh38:17:43094435:C:A	3634699	Asp366Tyr	c.1096G>T	2026-08-19	BRCA1 Asp366Tyr	PubMed	42610096		Alliance A022106: A Phase II/III Trial of Nab-Paclitaxel and Gemcitabine ± Cisplatin as Second-Line Treatment for BRCA1/2 or PALB2 Mutant Metastatic Pancreatic Ductal Adenocarcinoma (PLATINUM).	publication	NA	NA	NA			NA	UNCLEAR	
GRCh38:17:43094435:C:A	3634699	Asp366Tyr	c.1096G>T	2026-08-19	BRCA1 Asp366Tyr	PubMed	42609953		Adaptive Surgical Decision-Making for Synchronous Metastatic Pancreatic Cancer and Early Breast Cancer with a BRCA1 Pathogenic Variant: A Case Report.	publication	NA	NA	NA			NA	UNCLEAR	
GRCh38:17:43094435:C:A	3634699	Asp366Tyr	c.1096G>T	2026-08-19	BRCA1 Asp366Tyr	PubMed	42609763		An Unusual Presentation of Dermatofibrosarcoma Protuberans (DFSP): The Role of Advanced Molecular Testing in Collagen Type I Alpha 1 Chain (COL1A1)-Negative Cases.	publication	NA	NA	NA			NA	UNCLEAR	
GRCh38:17:43094781:C:A	3634704	Glu250Asp	c.750G>T	2026-08-19	Findlay SGE (MaveDB)	MaveDB			Findlay et al. 2018 (PMID 30209399)	saturation genome editing	saturation genome editing (HDR)	Glu250Asp					HIGH	partial coverage: RING+BRCT domains only
GRCh38:17:43094781:C:A	3634704	Glu250Asp	c.750G>T	2026-08-19	ClinVar esummary	ClinVar				clinical interpretation	NA	NA	NA		Uncertain significance	current=Uncertain significance; review=criteria provided, single submitter	MODERATE	
GRCh38:17:43104140:T:A	3634709	Glu141Asp	c.423A>T	2026-08-19	Findlay SGE (MaveDB)	MaveDB			Findlay et al. 2018 (PMID 30209399)	saturation genome editing	saturation genome editing (HDR)	Glu141Asp					HIGH	partial coverage: RING+BRCT domains only
GRCh38:17:43104140:T:A	3634709	Glu141Asp	c.423A>T	2026-08-19	ClinVar esummary	ClinVar				clinical interpretation	NA	NA	NA		Uncertain significance	current=Uncertain significance; review=criteria provided, single submitter	MODERATE	
GRCh38:17:43104140:T:A	3634709	Glu141Asp	c.423A>T	2026-08-19	BRCA1 Glu141Asp	PubMed	42611417		Hormonal contraceptives and cancer risk in women with a BRCA1 or BRCA2 pathogenic variant.	publication	NA	NA	NA			NA	UNCLEAR	
GRCh38:17:43104140:T:A	3634709	Glu141Asp	c.423A>T	2026-08-19	BRCA1 Glu141Asp	PubMed	42610144		AI-driven CRISPR strategies in breast cancer: Organoid modeling, adaptive editing, and precision delivery.	publication	NA	NA	NA			NA	UNCLEAR	
GRCh38:17:43104140:T:A	3634709	Glu141Asp	c.423A>T	2026-08-19	BRCA1 Glu141Asp	PubMed	42610096		Alliance A022106: A Phase II/III Trial of Nab-Paclitaxel and Gemcitabine ± Cisplatin as Second-Line Treatment for BRCA1/2 or PALB2 Mutant Metastatic Pancreatic Ductal Adenocarcinoma (PLATINUM).	publication	NA	NA	NA			NA	UNCLEAR	
GRCh38:17:43104140:T:A	3634709	Glu141Asp	c.423A>T	2026-08-19	BRCA1 Glu141Asp	PubMed	42609953		Adaptive Surgical Decision-Making for Synchronous Metastatic Pancreatic Cancer and Early Breast Cancer with a BRCA1 Pathogenic Variant: A Case Report.	publication	NA	NA	NA			NA	UNCLEAR	
GRCh38:17:43104140:T:A	3634709	Glu141Asp	c.423A>T	2026-08-19	BRCA1 Glu141Asp	PubMed	42609763		An Unusual Presentation of Dermatofibrosarcoma Protuberans (DFSP): The Role of Advanced Molecular Testing in Collagen Type I Alpha 1 Chain (COL1A1)-Negative Cases.	publication	NA	NA	NA			NA	UNCLEAR	
GRCh38:17:43104140:T:A	3634709	Glu141Asp	c.423A>T	2026-08-19	BRCA1 c.423A>T	PubMed	42610144		AI-driven CRISPR strategies in breast cancer: Organoid modeling, adaptive editing, and precision delivery.	publication	NA	NA	NA			NA	UNCLEAR	
GRCh38:17:43104140:T:A	3634709	Glu141Asp	c.423A>T	2026-08-19	BRCA1 c.423A>T	PubMed	42609450		Biomarker testing in advanced or metastatic hormone receptor-positive, human epidermal growth factor receptor 2 negative breast cancer: expert recommendations.	publication	NA	NA	NA			NA	UNCLEAR	
GRCh38:17:43104140:T:A	3634709	Glu141Asp	c.423A>T	2026-08-19	BRCA1 c.423A>T	PubMed	42597706		Germline BRCA1 pathogenic variants and T cell dysfunction.	publication	NA	NA	NA			NA	UNCLEAR	
GRCh38:17:43104140:T:A	3634709	Glu141Asp	c.423A>T	2026-08-19	BRCA1 c.423A>T	PubMed	42581048		A ubiquitin chain-feeding mechanism for BRCA1-A.	publication	NA	NA	NA			NA	UNCLEAR	
GRCh38:17:43104140:T:A	3634709	Glu141Asp	c.423A>T	2026-08-19	BRCA1 c.423A>T	PubMed	42580462		Mechanistic Insights into Genomic Basis of Crosstalk Between Metabolic Reprogramming and Immune Dysfunction in Ovarian Cancer.	publication	NA	NA	NA			NA	UNCLEAR	
GRCh38:17:43091461:T:C	3684896	Glu1357Gly	c.4070A>G	2026-08-19	Findlay SGE (MaveDB)	MaveDB			Findlay et al. 2018 (PMID 30209399)	saturation genome editing	saturation genome editing (HDR)	Glu1357Gly					HIGH	partial coverage: RING+BRCT domains only
GRCh38:17:43091461:T:C	3684896	Glu1357Gly	c.4070A>G	2026-08-19	ClinVar esummary	ClinVar				clinical interpretation	NA	NA	NA		Uncertain significance	current=Uncertain significance; review=criteria provided, single submitter	MODERATE	
GRCh38:17:43094239:A:G	3684905	Leu431Ser	c.1292T>C	2026-08-19	Findlay SGE (MaveDB)	MaveDB			Findlay et al. 2018 (PMID 30209399)	saturation genome editing	saturation genome editing (HDR)	Leu431Ser					HIGH	partial coverage: RING+BRCT domains only
GRCh38:17:43094239:A:G	3684905	Leu431Ser	c.1292T>C	2026-08-19	ClinVar esummary	ClinVar				clinical interpretation	NA	NA	NA		Uncertain significance	current=Uncertain significance; review=criteria provided, single submitter	MODERATE	
GRCh38:17:43092946:T:G	3676555	Lys862Thr	c.2585A>C	2026-08-19	Findlay SGE (MaveDB)	MaveDB			Findlay et al. 2018 (PMID 30209399)	saturation genome editing	saturation genome editing (HDR)	Lys862Thr					HIGH	partial coverage: RING+BRCT domains only
GRCh38:17:43092946:T:G	3676555	Lys862Thr	c.2585A>C	2026-08-19	ClinVar esummary	ClinVar				clinical interpretation	NA	NA	NA		Uncertain significance	current=Uncertain significance; review=criteria provided, multiple submitters, no conflicts	MODERATE	
GRCh38:17:43092946:T:G	3676555	Lys862Thr	c.2585A>C	2026-08-19	BRCA1 Lys862Thr	PubMed	42611417		Hormonal contraceptives and cancer risk in women with a BRCA1 or BRCA2 pathogenic variant.	publication	NA	NA	NA			NA	UNCLEAR	
GRCh38:17:43092946:T:G	3676555	Lys862Thr	c.2585A>C	2026-08-19	BRCA1 Lys862Thr	PubMed	42610144		AI-driven CRISPR strategies in breast cancer: Organoid modeling, adaptive editing, and precision delivery.	publication	NA	NA	NA			NA	UNCLEAR	
GRCh38:17:43092946:T:G	3676555	Lys862Thr	c.2585A>C	2026-08-19	BRCA1 Lys862Thr	PubMed	42610096		Alliance A022106: A Phase II/III Trial of Nab-Paclitaxel and Gemcitabine ± Cisplatin as Second-Line Treatment for BRCA1/2 or PALB2 Mutant Metastatic Pancreatic Ductal Adenocarcinoma (PLATINUM).	publication	NA	NA	NA			NA	UNCLEAR	
GRCh38:17:43092946:T:G	3676555	Lys862Thr	c.2585A>C	2026-08-19	BRCA1 Lys862Thr	PubMed	42609953		Adaptive Surgical Decision-Making for Synchronous Metastatic Pancreatic Cancer and Early Breast Cancer with a BRCA1 Pathogenic Variant: A Case Report.	publication	NA	NA	NA			NA	UNCLEAR	
GRCh38:17:43092946:T:G	3676555	Lys862Thr	c.2585A>C	2026-08-19	BRCA1 Lys862Thr	PubMed	42609763		An Unusual Presentation of Dermatofibrosarcoma Protuberans (DFSP): The Role of Advanced Molecular Testing in Collagen Type I Alpha 1 Chain (COL1A1)-Negative Cases.	publication	NA	NA	NA			NA	UNCLEAR	
GRCh38:17:43092946:T:G	3676555	Lys862Thr	c.2585A>C	2026-08-19	BRCA1 c.2585A>C	PubMed	42609450		Biomarker testing in advanced or metastatic hormone receptor-positive, human epidermal growth factor receptor 2 negative breast cancer: expert recommendations.	publication	NA	NA	NA			NA	UNCLEAR	
GRCh38:17:43092946:T:G	3676555	Lys862Thr	c.2585A>C	2026-08-19	BRCA1 c.2585A>C	PubMed	42584742		Real-world clinical outcomes of patients with early-stage TNBC and BRCAm who were treated with adjuvant capecitabine in the United States.	publication	NA	NA	NA			NA	UNCLEAR	
GRCh38:17:43092946:T:G	3676555	Lys862Thr	c.2585A>C	2026-08-19	BRCA1 c.2585A>C	PubMed	42580099		Chemotherapy type and survival in young BRCA1/2 carriers with HER2-negative early breast cancer.	publication	NA	NA	NA			NA	UNCLEAR	
GRCh38:17:43092946:T:G	3676555	Lys862Thr	c.2585A>C	2026-08-19	BRCA1 c.2585A>C	PubMed	42560601		BRCA1-derived peptide constructs exhibit sequence-dependent features compatible with modulation of the p53-MDM2 axis.	publication	NA	NA	NA			NA	UNCLEAR	
GRCh38:17:43092946:T:G	3676555	Lys862Thr	c.2585A>C	2026-08-19	BRCA1 c.2585A>C	PubMed	42524928		Whole-genome sequencing in Brazilian patients with neurofibromatosis type 1, including novel variants, incidental findings, and dual diagnoses.	publication	NA	NA	NA			NA	UNCLEAR	
GRCh38:17:43104141:T:C	3679250	Glu141Gly	c.422A>G	2026-08-19	Findlay SGE (MaveDB)	MaveDB			Findlay et al. 2018 (PMID 30209399)	saturation genome editing	saturation genome editing (HDR)	Glu141Gly					HIGH	partial coverage: RING+BRCT domains only
GRCh38:17:43104141:T:C	3679250	Glu141Gly	c.422A>G	2026-08-19	ClinVar esummary	ClinVar				clinical interpretation	NA	NA	NA		Uncertain significance	current=Uncertain significance; review=criteria provided, single submitter	MODERATE	
GRCh38:17:43094791:T:C	3680685	Asn247Ser	c.740A>G	2026-08-19	Findlay SGE (MaveDB)	MaveDB			Findlay et al. 2018 (PMID 30209399)	saturation genome editing	saturation genome editing (HDR)	Asn247Ser					HIGH	partial coverage: RING+BRCT domains only
GRCh38:17:43094791:T:C	3680685	Asn247Ser	c.740A>G	2026-08-19	ClinVar esummary	ClinVar				clinical interpretation	NA	NA	NA		Uncertain significance	current=Uncertain significance; review=criteria provided, single submitter	MODERATE	
GRCh38:17:43094278:T:C	3687759	Glu418Gly	c.1253A>G	2026-08-19	Findlay SGE (MaveDB)	MaveDB			Findlay et al. 2018 (PMID 30209399)	saturation genome editing	saturation genome editing (HDR)	Glu418Gly					HIGH	partial coverage: RING+BRCT domains only
GRCh38:17:43094278:T:C	3687759	Glu418Gly	c.1253A>G	2026-08-19	ClinVar esummary	ClinVar				clinical interpretation	NA	NA	NA		Uncertain significance	current=Uncertain significance; review=criteria provided, single submitter	MODERATE	
GRCh38:17:43094278:T:C	3687759	Glu418Gly	c.1253A>G	2026-08-19	BRCA1 Glu418Gly	PubMed	42611417		Hormonal contraceptives and cancer risk in women with a BRCA1 or BRCA2 pathogenic variant.	publication	NA	NA	NA			NA	UNCLEAR	
GRCh38:17:43094278:T:C	3687759	Glu418Gly	c.1253A>G	2026-08-19	BRCA1 Glu418Gly	PubMed	42610144		AI-driven CRISPR strategies in breast cancer: Organoid modeling, adaptive editing, and precision delivery.	publication	NA	NA	NA			NA	UNCLEAR	
GRCh38:17:43094278:T:C	3687759	Glu418Gly	c.1253A>G	2026-08-19	BRCA1 Glu418Gly	PubMed	42610096		Alliance A022106: A Phase II/III Trial of Nab-Paclitaxel and Gemcitabine ± Cisplatin as Second-Line Treatment for BRCA1/2 or PALB2 Mutant Metastatic Pancreatic Ductal Adenocarcinoma (PLATINUM).	publication	NA	NA	NA			NA	UNCLEAR	
GRCh38:17:43094278:T:C	3687759	Glu418Gly	c.1253A>G	2026-08-19	BRCA1 Glu418Gly	PubMed	42609953		Adaptive Surgical Decision-Making for Synchronous Metastatic Pancreatic Cancer and Early Breast Cancer with a BRCA1 Pathogenic Variant: A Case Report.	publication	NA	NA	NA			NA	UNCLEAR	
GRCh38:17:43094278:T:C	3687759	Glu418Gly	c.1253A>G	2026-08-19	BRCA1 Glu418Gly	PubMed	42609763		An Unusual Presentation of Dermatofibrosarcoma Protuberans (DFSP): The Role of Advanced Molecular Testing in Collagen Type I Alpha 1 Chain (COL1A1)-Negative Cases.	publication	NA	NA	NA			NA	UNCLEAR	
GRCh38:17:43094278:T:C	3687759	Glu418Gly	c.1253A>G	2026-08-19	BRCA1 c.1253A>G	PubMed	42609450		Biomarker testing in advanced or metastatic hormone receptor-positive, human epidermal growth factor receptor 2 negative breast cancer: expert recommendations.	publication	NA	NA	NA			NA	UNCLEAR	
GRCh38:17:43094278:T:C	3687759	Glu418Gly	c.1253A>G	2026-08-19	BRCA1 c.1253A>G	PubMed	42581048		A ubiquitin chain-feeding mechanism for BRCA1-A.	publication	NA	NA	NA			NA	UNCLEAR	
GRCh38:17:43094278:T:C	3687759	Glu418Gly	c.1253A>G	2026-08-19	BRCA1 c.1253A>G	PubMed	42572185		Current Advances of Molecular Biomarkers and Liquid Biopsies Techniques in Ovarian Cancer.	publication	NA	NA	NA			NA	UNCLEAR	
GRCh38:17:43094278:T:C	3687759	Glu418Gly	c.1253A>G	2026-08-19	BRCA1 c.1253A>G	PubMed	42558868		Rewired DDR-TGF-β-β-catenin-PD-L1 axis accelerates progression and shapes therapy in human papillomavirus-driven cancer.	publication	NA	NA	NA			NA	UNCLEAR	
GRCh38:17:43094278:T:C	3687759	Glu418Gly	c.1253A>G	2026-08-19	BRCA1 c.1253A>G	PubMed	42513228		Breast Cancer: Epidemiology, Molecular Classification, Diagnostics and Evolving Treatment Paradigms.	publication	NA	NA	NA			NA	UNCLEAR	
GRCh38:17:43092565:A:G	3697525	Phe989Ser	c.2966T>C	2026-08-19	Findlay SGE (MaveDB)	MaveDB			Findlay et al. 2018 (PMID 30209399)	saturation genome editing	saturation genome editing (HDR)	Phe989Ser					HIGH	partial coverage: RING+BRCT domains only
GRCh38:17:43092565:A:G	3697525	Phe989Ser	c.2966T>C	2026-08-19	ClinVar esummary	ClinVar				clinical interpretation	NA	NA	NA		Uncertain significance	current=Uncertain significance; review=criteria provided, multiple submitters, no conflicts	MODERATE	
GRCh38:17:43092565:A:G	3697525	Phe989Ser	c.2966T>C	2026-08-19	BRCA1 Phe989Ser	PubMed	42611417		Hormonal contraceptives and cancer risk in women with a BRCA1 or BRCA2 pathogenic variant.	publication	NA	NA	NA			NA	UNCLEAR	
GRCh38:17:43092565:A:G	3697525	Phe989Ser	c.2966T>C	2026-08-19	BRCA1 Phe989Ser	PubMed	42610144		AI-driven CRISPR strategies in breast cancer: Organoid modeling, adaptive editing, and precision delivery.	publication	NA	NA	NA			NA	UNCLEAR	
GRCh38:17:43092565:A:G	3697525	Phe989Ser	c.2966T>C	2026-08-19	BRCA1 Phe989Ser	PubMed	42610096		Alliance A022106: A Phase II/III Trial of Nab-Paclitaxel and Gemcitabine ± Cisplatin as Second-Line Treatment for BRCA1/2 or PALB2 Mutant Metastatic Pancreatic Ductal Adenocarcinoma (PLATINUM).	publication	NA	NA	NA			NA	UNCLEAR	
GRCh38:17:43092565:A:G	3697525	Phe989Ser	c.2966T>C	2026-08-19	BRCA1 Phe989Ser	PubMed	42609953		Adaptive Surgical Decision-Making for Synchronous Metastatic Pancreatic Cancer and Early Breast Cancer with a BRCA1 Pathogenic Variant: A Case Report.	publication	NA	NA	NA			NA	UNCLEAR	
GRCh38:17:43092565:A:G	3697525	Phe989Ser	c.2966T>C	2026-08-19	BRCA1 Phe989Ser	PubMed	42609763		An Unusual Presentation of Dermatofibrosarcoma Protuberans (DFSP): The Role of Advanced Molecular Testing in Collagen Type I Alpha 1 Chain (COL1A1)-Negative Cases.	publication	NA	NA	NA			NA	UNCLEAR	
GRCh38:17:43092082:G:C	3704478	Pro1150Arg	c.3449C>G	2026-08-19	Findlay SGE (MaveDB)	MaveDB			Findlay et al. 2018 (PMID 30209399)	saturation genome editing	saturation genome editing (HDR)	Pro1150Arg					HIGH	partial coverage: RING+BRCT domains only
GRCh38:17:43092082:G:C	3704478	Pro1150Arg	c.3449C>G	2026-08-19	ClinVar esummary	ClinVar				clinical interpretation	NA	NA	NA		Uncertain significance	current=Uncertain significance; review=criteria provided, multiple submitters, no conflicts	MODERATE	
GRCh38:17:43092082:G:C	3704478	Pro1150Arg	c.3449C>G	2026-08-19	BRCA1 c.3449C>G	PubMed	42609450		Biomarker testing in advanced or metastatic hormone receptor-positive, human epidermal growth factor receptor 2 negative breast cancer: expert recommendations.	publication	NA	NA	NA			NA	UNCLEAR	
GRCh38:17:43092082:G:C	3704478	Pro1150Arg	c.3449C>G	2026-08-19	BRCA1 c.3449C>G	PubMed	42581048		A ubiquitin chain-feeding mechanism for BRCA1-A.	publication	NA	NA	NA			NA	UNCLEAR	
GRCh38:17:43092082:G:C	3704478	Pro1150Arg	c.3449C>G	2026-08-19	BRCA1 c.3449C>G	PubMed	42572185		Current Advances of Molecular Biomarkers and Liquid Biopsies Techniques in Ovarian Cancer.	publication	NA	NA	NA			NA	UNCLEAR	
GRCh38:17:43092082:G:C	3704478	Pro1150Arg	c.3449C>G	2026-08-19	BRCA1 c.3449C>G	PubMed	42558868		Rewired DDR-TGF-β-β-catenin-PD-L1 axis accelerates progression and shapes therapy in human papillomavirus-driven cancer.	publication	NA	NA	NA			NA	UNCLEAR	
GRCh38:17:43092082:G:C	3704478	Pro1150Arg	c.3449C>G	2026-08-19	BRCA1 c.3449C>G	PubMed	42513228		Breast Cancer: Epidemiology, Molecular Classification, Diagnostics and Evolving Treatment Paradigms.	publication	NA	NA	NA			NA	UNCLEAR	
GRCh38:17:43093477:T:C	3768012	Asn685Ser	c.2054A>G	2026-08-19	Findlay SGE (MaveDB)	MaveDB			Findlay et al. 2018 (PMID 30209399)	saturation genome editing	saturation genome editing (HDR)	Asn685Ser					HIGH	partial coverage: RING+BRCT domains only
GRCh38:17:43093477:T:C	3768012	Asn685Ser	c.2054A>G	2026-08-19	ClinVar esummary	ClinVar				clinical interpretation	NA	NA	NA		Uncertain significance	current=Uncertain significance; review=criteria provided, single submitter	MODERATE	
GRCh38:17:43094476:T:C	3772201	Glu352Gly	c.1055A>G	2026-08-19	Findlay SGE (MaveDB)	MaveDB			Findlay et al. 2018 (PMID 30209399)	saturation genome editing	saturation genome editing (HDR)	Glu352Gly					HIGH	partial coverage: RING+BRCT domains only
GRCh38:17:43094476:T:C	3772201	Glu352Gly	c.1055A>G	2026-08-19	ClinVar esummary	ClinVar				clinical interpretation	NA	NA	NA		Uncertain significance	current=Uncertain significance; review=criteria provided, single submitter	MODERATE	
GRCh38:17:43090988:C:A	3779407	Asp1381Tyr	c.4141G>T	2026-08-19	Findlay SGE (MaveDB)	MaveDB			Findlay et al. 2018 (PMID 30209399)	saturation genome editing	saturation genome editing (HDR)	Asp1381Tyr					HIGH	partial coverage: RING+BRCT domains only
GRCh38:17:43090988:C:A	3779407	Asp1381Tyr	c.4141G>T	2026-08-19	ClinVar esummary	ClinVar				clinical interpretation	NA	NA	NA		Uncertain significance	current=Uncertain significance; review=criteria provided, single submitter	MODERATE	
GRCh38:17:43094675:C:T	3779411	Glu286Lys	c.856G>A	2026-08-19	Findlay SGE (MaveDB)	MaveDB			Findlay et al. 2018 (PMID 30209399)	saturation genome editing	saturation genome editing (HDR)	Glu286Lys					HIGH	partial coverage: RING+BRCT domains only
GRCh38:17:43094675:C:T	3779411	Glu286Lys	c.856G>A	2026-08-19	ClinVar esummary	ClinVar				clinical interpretation	NA	NA	NA		Uncertain significance	current=Uncertain significance; review=criteria provided, single submitter	MODERATE	
GRCh38:17:43094675:C:T	3779411	Glu286Lys	c.856G>A	2026-08-19	BRCA1 c.856G>A	PubMed	42611417		Hormonal contraceptives and cancer risk in women with a BRCA1 or BRCA2 pathogenic variant.	publication	NA	NA	NA			NA	UNCLEAR	
GRCh38:17:43094675:C:T	3779411	Glu286Lys	c.856G>A	2026-08-19	BRCA1 c.856G>A	PubMed	42610144		AI-driven CRISPR strategies in breast cancer: Organoid modeling, adaptive editing, and precision delivery.	publication	NA	NA	NA			NA	UNCLEAR	
GRCh38:17:43094675:C:T	3779411	Glu286Lys	c.856G>A	2026-08-19	BRCA1 c.856G>A	PubMed	42610096		Alliance A022106: A Phase II/III Trial of Nab-Paclitaxel and Gemcitabine ± Cisplatin as Second-Line Treatment for BRCA1/2 or PALB2 Mutant Metastatic Pancreatic Ductal Adenocarcinoma (PLATINUM).	publication	NA	NA	NA			NA	UNCLEAR	
GRCh38:17:43094675:C:T	3779411	Glu286Lys	c.856G>A	2026-08-19	BRCA1 c.856G>A	PubMed	42609953		Adaptive Surgical Decision-Making for Synchronous Metastatic Pancreatic Cancer and Early Breast Cancer with a BRCA1 Pathogenic Variant: A Case Report.	publication	NA	NA	NA			NA	UNCLEAR	
GRCh38:17:43094675:C:T	3779411	Glu286Lys	c.856G>A	2026-08-19	BRCA1 c.856G>A	PubMed	42609763		An Unusual Presentation of Dermatofibrosarcoma Protuberans (DFSP): The Role of Advanced Molecular Testing in Collagen Type I Alpha 1 Chain (COL1A1)-Negative Cases.	publication	NA	NA	NA			NA	UNCLEAR	
GRCh38:17:43094233:G:T	3825269	Ala433Asp	c.1298C>A	2026-08-19	Findlay SGE (MaveDB)	MaveDB			Findlay et al. 2018 (PMID 30209399)	saturation genome editing	saturation genome editing (HDR)	Ala433Asp					HIGH	partial coverage: RING+BRCT domains only
GRCh38:17:43094233:G:T	3825269	Ala433Asp	c.1298C>A	2026-08-19	ClinVar esummary	ClinVar				clinical interpretation	NA	NA	NA		Uncertain significance	current=Uncertain significance; review=criteria provided, single submitter	MODERATE	
GRCh38:17:43094233:G:T	3825269	Ala433Asp	c.1298C>A	2026-08-19	BRCA1 c.1298C>A	PubMed	42611417		Hormonal contraceptives and cancer risk in women with a BRCA1 or BRCA2 pathogenic variant.	publication	NA	NA	NA			NA	UNCLEAR	
GRCh38:17:43094233:G:T	3825269	Ala433Asp	c.1298C>A	2026-08-19	BRCA1 c.1298C>A	PubMed	42610144		AI-driven CRISPR strategies in breast cancer: Organoid modeling, adaptive editing, and precision delivery.	publication	NA	NA	NA			NA	UNCLEAR	
GRCh38:17:43094233:G:T	3825269	Ala433Asp	c.1298C>A	2026-08-19	BRCA1 c.1298C>A	PubMed	42610096		Alliance A022106: A Phase II/III Trial of Nab-Paclitaxel and Gemcitabine ± Cisplatin as Second-Line Treatment for BRCA1/2 or PALB2 Mutant Metastatic Pancreatic Ductal Adenocarcinoma (PLATINUM).	publication	NA	NA	NA			NA	UNCLEAR	
GRCh38:17:43094233:G:T	3825269	Ala433Asp	c.1298C>A	2026-08-19	BRCA1 c.1298C>A	PubMed	42609953		Adaptive Surgical Decision-Making for Synchronous Metastatic Pancreatic Cancer and Early Breast Cancer with a BRCA1 Pathogenic Variant: A Case Report.	publication	NA	NA	NA			NA	UNCLEAR	
GRCh38:17:43094233:G:T	3825269	Ala433Asp	c.1298C>A	2026-08-19	BRCA1 c.1298C>A	PubMed	42609763		An Unusual Presentation of Dermatofibrosarcoma Protuberans (DFSP): The Role of Advanced Molecular Testing in Collagen Type I Alpha 1 Chain (COL1A1)-Negative Cases.	publication	NA	NA	NA			NA	UNCLEAR	
GRCh38:17:43091592:C:A	3825272	Gln1313His	c.3939G>T	2026-08-19	Findlay SGE (MaveDB)	MaveDB			Findlay et al. 2018 (PMID 30209399)	saturation genome editing	saturation genome editing (HDR)	Gln1313His					HIGH	partial coverage: RING+BRCT domains only
GRCh38:17:43091592:C:A	3825272	Gln1313His	c.3939G>T	2026-08-19	ClinVar esummary	ClinVar				clinical interpretation	NA	NA	NA		Uncertain significance	current=Uncertain significance; review=criteria provided, single submitter	MODERATE	
GRCh38:17:43091592:C:A	3825272	Gln1313His	c.3939G>T	2026-08-19	BRCA1 Gln1313His	PubMed	42611417		Hormonal contraceptives and cancer risk in women with a BRCA1 or BRCA2 pathogenic variant.	publication	NA	NA	NA			NA	UNCLEAR	
GRCh38:17:43091592:C:A	3825272	Gln1313His	c.3939G>T	2026-08-19	BRCA1 Gln1313His	PubMed	42610144		AI-driven CRISPR strategies in breast cancer: Organoid modeling, adaptive editing, and precision delivery.	publication	NA	NA	NA			NA	UNCLEAR	
GRCh38:17:43091592:C:A	3825272	Gln1313His	c.3939G>T	2026-08-19	BRCA1 Gln1313His	PubMed	42610096		Alliance A022106: A Phase II/III Trial of Nab-Paclitaxel and Gemcitabine ± Cisplatin as Second-Line Treatment for BRCA1/2 or PALB2 Mutant Metastatic Pancreatic Ductal Adenocarcinoma (PLATINUM).	publication	NA	NA	NA			NA	UNCLEAR	
GRCh38:17:43091592:C:A	3825272	Gln1313His	c.3939G>T	2026-08-19	BRCA1 Gln1313His	PubMed	42609953		Adaptive Surgical Decision-Making for Synchronous Metastatic Pancreatic Cancer and Early Breast Cancer with a BRCA1 Pathogenic Variant: A Case Report.	publication	NA	NA	NA			NA	UNCLEAR	
GRCh38:17:43091592:C:A	3825272	Gln1313His	c.3939G>T	2026-08-19	BRCA1 Gln1313His	PubMed	42609763		An Unusual Presentation of Dermatofibrosarcoma Protuberans (DFSP): The Role of Advanced Molecular Testing in Collagen Type I Alpha 1 Chain (COL1A1)-Negative Cases.	publication	NA	NA	NA			NA	UNCLEAR	
GRCh38:17:43091592:C:A	3825272	Gln1313His	c.3939G>T	2026-08-19	BRCA1 c.3939G>T	PubMed	42610144		AI-driven CRISPR strategies in breast cancer: Organoid modeling, adaptive editing, and precision delivery.	publication	NA	NA	NA			NA	UNCLEAR	
GRCh38:17:43091592:C:A	3825272	Gln1313His	c.3939G>T	2026-08-19	BRCA1 c.3939G>T	PubMed	42609450		Biomarker testing in advanced or metastatic hormone receptor-positive, human epidermal growth factor receptor 2 negative breast cancer: expert recommendations.	publication	NA	NA	NA			NA	UNCLEAR	
GRCh38:17:43091592:C:A	3825272	Gln1313His	c.3939G>T	2026-08-19	BRCA1 c.3939G>T	PubMed	42597706		Germline BRCA1 pathogenic variants and T cell dysfunction.	publication	NA	NA	NA			NA	UNCLEAR	
GRCh38:17:43091592:C:A	3825272	Gln1313His	c.3939G>T	2026-08-19	BRCA1 c.3939G>T	PubMed	42581048		A ubiquitin chain-feeding mechanism for BRCA1-A.	publication	NA	NA	NA			NA	UNCLEAR	
GRCh38:17:43091592:C:A	3825272	Gln1313His	c.3939G>T	2026-08-19	BRCA1 c.3939G>T	PubMed	42580462		Mechanistic Insights into Genomic Basis of Crosstalk Between Metabolic Reprogramming and Immune Dysfunction in Ovarian Cancer.	publication	NA	NA	NA			NA	UNCLEAR	
GRCh38:17:43104240:G:T	3825278	Ala108Glu	c.323C>A	2026-08-19	Findlay SGE (MaveDB)	MaveDB			Findlay et al. 2018 (PMID 30209399)	saturation genome editing	saturation genome editing (HDR)	Ala108Glu					HIGH	partial coverage: RING+BRCT domains only
GRCh38:17:43104240:G:T	3825278	Ala108Glu	c.323C>A	2026-08-19	ClinVar esummary	ClinVar				clinical interpretation	NA	NA	NA		Uncertain significance	current=Uncertain significance; review=criteria provided, single submitter	MODERATE	
GRCh38:17:43076497:C:G	3825286	Gly1492Ala	c.4475G>C	2026-08-19	Findlay SGE (MaveDB)	MaveDB			Findlay et al. 2018 (PMID 30209399)	saturation genome editing	saturation genome editing (HDR)	Gly1492Ala					HIGH	partial coverage: RING+BRCT domains only
GRCh38:17:43076497:C:G	3825286	Gly1492Ala	c.4475G>C	2026-08-19	ClinVar esummary	ClinVar				clinical interpretation	NA	NA	NA		Uncertain significance	current=Uncertain significance; review=criteria provided, single submitter	MODERATE	
GRCh38:17:43094151:T:C	3893787	Ile460Met	c.1380A>G	2026-08-19	Findlay SGE (MaveDB)	MaveDB			Findlay et al. 2018 (PMID 30209399)	saturation genome editing	saturation genome editing (HDR)	Ile460Met					HIGH	partial coverage: RING+BRCT domains only
GRCh38:17:43094151:T:C	3893787	Ile460Met	c.1380A>G	2026-08-19	ClinVar esummary	ClinVar				clinical interpretation	NA	NA	NA		Uncertain significance	current=Uncertain significance; review=criteria provided, multiple submitters, no conflicts	MODERATE	
GRCh38:17:43094151:T:C	3893787	Ile460Met	c.1380A>G	2026-08-19	BRCA1 Ile460Met	PubMed	42611417		Hormonal contraceptives and cancer risk in women with a BRCA1 or BRCA2 pathogenic variant.	publication	NA	NA	NA			NA	UNCLEAR	
GRCh38:17:43094151:T:C	3893787	Ile460Met	c.1380A>G	2026-08-19	BRCA1 Ile460Met	PubMed	42610144		AI-driven CRISPR strategies in breast cancer: Organoid modeling, adaptive editing, and precision delivery.	publication	NA	NA	NA			NA	UNCLEAR	
GRCh38:17:43094151:T:C	3893787	Ile460Met	c.1380A>G	2026-08-19	BRCA1 Ile460Met	PubMed	42610096		Alliance A022106: A Phase II/III Trial of Nab-Paclitaxel and Gemcitabine ± Cisplatin as Second-Line Treatment for BRCA1/2 or PALB2 Mutant Metastatic Pancreatic Ductal Adenocarcinoma (PLATINUM).	publication	NA	NA	NA			NA	UNCLEAR	
GRCh38:17:43094151:T:C	3893787	Ile460Met	c.1380A>G	2026-08-19	BRCA1 Ile460Met	PubMed	42609953		Adaptive Surgical Decision-Making for Synchronous Metastatic Pancreatic Cancer and Early Breast Cancer with a BRCA1 Pathogenic Variant: A Case Report.	publication	NA	NA	NA			NA	UNCLEAR	
GRCh38:17:43094151:T:C	3893787	Ile460Met	c.1380A>G	2026-08-19	BRCA1 Ile460Met	PubMed	42609763		An Unusual Presentation of Dermatofibrosarcoma Protuberans (DFSP): The Role of Advanced Molecular Testing in Collagen Type I Alpha 1 Chain (COL1A1)-Negative Cases.	publication	NA	NA	NA			NA	UNCLEAR	
GRCh38:17:43094151:T:C	3893787	Ile460Met	c.1380A>G	2026-08-19	BRCA1 c.1380A>G	PubMed	42609450		Biomarker testing in advanced or metastatic hormone receptor-positive, human epidermal growth factor receptor 2 negative breast cancer: expert recommendations.	publication	NA	NA	NA			NA	UNCLEAR	
GRCh38:17:43094151:T:C	3893787	Ile460Met	c.1380A>G	2026-08-19	BRCA1 c.1380A>G	PubMed	42581048		A ubiquitin chain-feeding mechanism for BRCA1-A.	publication	NA	NA	NA			NA	UNCLEAR	
GRCh38:17:43094151:T:C	3893787	Ile460Met	c.1380A>G	2026-08-19	BRCA1 c.1380A>G	PubMed	42572185		Current Advances of Molecular Biomarkers and Liquid Biopsies Techniques in Ovarian Cancer.	publication	NA	NA	NA			NA	UNCLEAR	
GRCh38:17:43094151:T:C	3893787	Ile460Met	c.1380A>G	2026-08-19	BRCA1 c.1380A>G	PubMed	42558868		Rewired DDR-TGF-β-β-catenin-PD-L1 axis accelerates progression and shapes therapy in human papillomavirus-driven cancer.	publication	NA	NA	NA			NA	UNCLEAR	
GRCh38:17:43094151:T:C	3893787	Ile460Met	c.1380A>G	2026-08-19	BRCA1 c.1380A>G	PubMed	42513228		Breast Cancer: Epidemiology, Molecular Classification, Diagnostics and Evolving Treatment Paradigms.	publication	NA	NA	NA			NA	UNCLEAR	
GRCh38:17:43094818:T:A	3894301	His238Leu	c.713A>T	2026-08-19	Findlay SGE (MaveDB)	MaveDB			Findlay et al. 2018 (PMID 30209399)	saturation genome editing	saturation genome editing (HDR)	His238Leu					HIGH	partial coverage: RING+BRCT domains only
GRCh38:17:43094818:T:A	3894301	His238Leu	c.713A>T	2026-08-19	ClinVar esummary	ClinVar				clinical interpretation	NA	NA	NA		Uncertain significance	current=Uncertain significance; review=criteria provided, multiple submitters, no conflicts	MODERATE	
GRCh38:17:43092920:G:C	3992609	Pro871Ala	c.2611C>G	2026-08-19	Findlay SGE (MaveDB)	MaveDB			Findlay et al. 2018 (PMID 30209399)	saturation genome editing	saturation genome editing (HDR)	Pro871Ala					HIGH	partial coverage: RING+BRCT domains only
GRCh38:17:43092920:G:C	3992609	Pro871Ala	c.2611C>G	2026-08-19	ClinVar esummary	ClinVar				clinical interpretation	NA	NA	NA		Uncertain significance	current=Uncertain significance; review=criteria provided, single submitter	MODERATE	
GRCh38:17:43094675:C:G	3992624	Glu286Gln	c.856G>C	2026-08-19	Findlay SGE (MaveDB)	MaveDB			Findlay et al. 2018 (PMID 30209399)	saturation genome editing	saturation genome editing (HDR)	Glu286Gln					HIGH	partial coverage: RING+BRCT domains only
GRCh38:17:43094675:C:G	3992624	Glu286Gln	c.856G>C	2026-08-19	ClinVar esummary	ClinVar				clinical interpretation	NA	NA	NA		Uncertain significance	current=Uncertain significance; review=criteria provided, single submitter	MODERATE	
GRCh38:17:43094675:C:G	3992624	Glu286Gln	c.856G>C	2026-08-19	BRCA1 Glu286Gln	PubMed	42611417		Hormonal contraceptives and cancer risk in women with a BRCA1 or BRCA2 pathogenic variant.	publication	NA	NA	NA			NA	UNCLEAR	
GRCh38:17:43094675:C:G	3992624	Glu286Gln	c.856G>C	2026-08-19	BRCA1 Glu286Gln	PubMed	42610144		AI-driven CRISPR strategies in breast cancer: Organoid modeling, adaptive editing, and precision delivery.	publication	NA	NA	NA			NA	UNCLEAR	
GRCh38:17:43094675:C:G	3992624	Glu286Gln	c.856G>C	2026-08-19	BRCA1 Glu286Gln	PubMed	42610096		Alliance A022106: A Phase II/III Trial of Nab-Paclitaxel and Gemcitabine ± Cisplatin as Second-Line Treatment for BRCA1/2 or PALB2 Mutant Metastatic Pancreatic Ductal Adenocarcinoma (PLATINUM).	publication	NA	NA	NA			NA	UNCLEAR	
GRCh38:17:43094675:C:G	3992624	Glu286Gln	c.856G>C	2026-08-19	BRCA1 Glu286Gln	PubMed	42609953		Adaptive Surgical Decision-Making for Synchronous Metastatic Pancreatic Cancer and Early Breast Cancer with a BRCA1 Pathogenic Variant: A Case Report.	publication	NA	NA	NA			NA	UNCLEAR	
GRCh38:17:43094675:C:G	3992624	Glu286Gln	c.856G>C	2026-08-19	BRCA1 Glu286Gln	PubMed	42609763		An Unusual Presentation of Dermatofibrosarcoma Protuberans (DFSP): The Role of Advanced Molecular Testing in Collagen Type I Alpha 1 Chain (COL1A1)-Negative Cases.	publication	NA	NA	NA			NA	UNCLEAR	
GRCh38:17:43094675:C:G	3992624	Glu286Gln	c.856G>C	2026-08-19	BRCA1 c.856G>C	PubMed	42609450		Biomarker testing in advanced or metastatic hormone receptor-positive, human epidermal growth factor receptor 2 negative breast cancer: expert recommendations.	publication	NA	NA	NA			NA	UNCLEAR	
GRCh38:17:43094675:C:G	3992624	Glu286Gln	c.856G>C	2026-08-19	BRCA1 c.856G>C	PubMed	42584742		Real-world clinical outcomes of patients with early-stage TNBC and BRCAm who were treated with adjuvant capecitabine in the United States.	publication	NA	NA	NA			NA	UNCLEAR	
GRCh38:17:43094675:C:G	3992624	Glu286Gln	c.856G>C	2026-08-19	BRCA1 c.856G>C	PubMed	42580099		Chemotherapy type and survival in young BRCA1/2 carriers with HER2-negative early breast cancer.	publication	NA	NA	NA			NA	UNCLEAR	
GRCh38:17:43094675:C:G	3992624	Glu286Gln	c.856G>C	2026-08-19	BRCA1 c.856G>C	PubMed	42560601		BRCA1-derived peptide constructs exhibit sequence-dependent features compatible with modulation of the p53-MDM2 axis.	publication	NA	NA	NA			NA	UNCLEAR	
GRCh38:17:43094675:C:G	3992624	Glu286Gln	c.856G>C	2026-08-19	BRCA1 c.856G>C	PubMed	42524928		Whole-genome sequencing in Brazilian patients with neurofibromatosis type 1, including novel variants, incidental findings, and dual diagnoses.	publication	NA	NA	NA			NA	UNCLEAR	
GRCh38:17:43094851:T:A	4215077	Glu227Val	c.680A>T	2026-08-19	Findlay SGE (MaveDB)	MaveDB			Findlay et al. 2018 (PMID 30209399)	saturation genome editing	saturation genome editing (HDR)	Glu227Val					HIGH	partial coverage: RING+BRCT domains only
GRCh38:17:43094851:T:A	4215077	Glu227Val	c.680A>T	2026-08-19	ClinVar esummary	ClinVar				clinical interpretation	NA	NA	NA		Uncertain significance	current=Uncertain significance; review=criteria provided, single submitter	MODERATE	
GRCh38:17:43076551:G:A	4215080	Ala1474Val	c.4421C>T	2026-08-19	Findlay SGE (MaveDB)	MaveDB			Findlay et al. 2018 (PMID 30209399)	saturation genome editing	saturation genome editing (HDR)	Ala1474Val					HIGH	partial coverage: RING+BRCT domains only
GRCh38:17:43076551:G:A	4215080	Ala1474Val	c.4421C>T	2026-08-19	ClinVar esummary	ClinVar				clinical interpretation	NA	NA	NA		Uncertain significance	current=Uncertain significance; review=criteria provided, single submitter	MODERATE	
GRCh38:17:43076551:G:A	4215080	Ala1474Val	c.4421C>T	2026-08-19	BRCA1 Ala1474Val	PubMed	42611417		Hormonal contraceptives and cancer risk in women with a BRCA1 or BRCA2 pathogenic variant.	publication	NA	NA	NA			NA	UNCLEAR	
GRCh38:17:43076551:G:A	4215080	Ala1474Val	c.4421C>T	2026-08-19	BRCA1 Ala1474Val	PubMed	42610144		AI-driven CRISPR strategies in breast cancer: Organoid modeling, adaptive editing, and precision delivery.	publication	NA	NA	NA			NA	UNCLEAR	
GRCh38:17:43076551:G:A	4215080	Ala1474Val	c.4421C>T	2026-08-19	BRCA1 Ala1474Val	PubMed	42610096		Alliance A022106: A Phase II/III Trial of Nab-Paclitaxel and Gemcitabine ± Cisplatin as Second-Line Treatment for BRCA1/2 or PALB2 Mutant Metastatic Pancreatic Ductal Adenocarcinoma (PLATINUM).	publication	NA	NA	NA			NA	UNCLEAR	
GRCh38:17:43076551:G:A	4215080	Ala1474Val	c.4421C>T	2026-08-19	BRCA1 Ala1474Val	PubMed	42609953		Adaptive Surgical Decision-Making for Synchronous Metastatic Pancreatic Cancer and Early Breast Cancer with a BRCA1 Pathogenic Variant: A Case Report.	publication	NA	NA	NA			NA	UNCLEAR	
GRCh38:17:43076551:G:A	4215080	Ala1474Val	c.4421C>T	2026-08-19	BRCA1 Ala1474Val	PubMed	42609763		An Unusual Presentation of Dermatofibrosarcoma Protuberans (DFSP): The Role of Advanced Molecular Testing in Collagen Type I Alpha 1 Chain (COL1A1)-Negative Cases.	publication	NA	NA	NA			NA	UNCLEAR	
GRCh38:17:43076551:G:A	4215080	Ala1474Val	c.4421C>T	2026-08-19	BRCA1 c.4421C>T	PubMed	42610144		AI-driven CRISPR strategies in breast cancer: Organoid modeling, adaptive editing, and precision delivery.	publication	NA	NA	NA			NA	UNCLEAR	
GRCh38:17:43076551:G:A	4215080	Ala1474Val	c.4421C>T	2026-08-19	BRCA1 c.4421C>T	PubMed	42609450		Biomarker testing in advanced or metastatic hormone receptor-positive, human epidermal growth factor receptor 2 negative breast cancer: expert recommendations.	publication	NA	NA	NA			NA	UNCLEAR	
GRCh38:17:43076551:G:A	4215080	Ala1474Val	c.4421C>T	2026-08-19	BRCA1 c.4421C>T	PubMed	42597706		Germline BRCA1 pathogenic variants and T cell dysfunction.	publication	NA	NA	NA			NA	UNCLEAR	
GRCh38:17:43076551:G:A	4215080	Ala1474Val	c.4421C>T	2026-08-19	BRCA1 c.4421C>T	PubMed	42581048		A ubiquitin chain-feeding mechanism for BRCA1-A.	publication	NA	NA	NA			NA	UNCLEAR	
GRCh38:17:43076551:G:A	4215080	Ala1474Val	c.4421C>T	2026-08-19	BRCA1 c.4421C>T	PubMed	42580462		Mechanistic Insights into Genomic Basis of Crosstalk Between Metabolic Reprogramming and Immune Dysfunction in Ovarian Cancer.	publication	NA	NA	NA			NA	UNCLEAR	
GRCh38:17:43094260:C:A	4215081	Gly424Val	c.1271G>T	2026-08-19	Findlay SGE (MaveDB)	MaveDB			Findlay et al. 2018 (PMID 30209399)	saturation genome editing	saturation genome editing (HDR)	Gly424Val					HIGH	partial coverage: RING+BRCT domains only
GRCh38:17:43094260:C:A	4215081	Gly424Val	c.1271G>T	2026-08-19	ClinVar esummary	ClinVar				clinical interpretation	NA	NA	NA		Uncertain significance	current=Uncertain significance; review=criteria provided, single submitter	MODERATE	
GRCh38:17:43099816:T:C	4215087	Gln169Arg	c.506A>G	2026-08-19	Findlay SGE (MaveDB)	MaveDB			Findlay et al. 2018 (PMID 30209399)	saturation genome editing	saturation genome editing (HDR)	Gln169Arg					HIGH	partial coverage: RING+BRCT domains only
GRCh38:17:43099816:T:C	4215087	Gln169Arg	c.506A>G	2026-08-19	ClinVar esummary	ClinVar				clinical interpretation	NA	NA	NA		Uncertain significance	current=Uncertain significance; review=criteria provided, single submitter	MODERATE	
GRCh38:17:43076543:A:G	4215092	Phe1477Leu	c.4429T>C	2026-08-19	Findlay SGE (MaveDB)	MaveDB			Findlay et al. 2018 (PMID 30209399)	saturation genome editing	saturation genome editing (HDR)	Phe1477Leu					HIGH	partial coverage: RING+BRCT domains only
GRCh38:17:43076543:A:G	4215092	Phe1477Leu	c.4429T>C	2026-08-19	ClinVar esummary	ClinVar				clinical interpretation	NA	NA	NA		Uncertain significance	current=Uncertain significance; review=criteria provided, single submitter	MODERATE	
GRCh38:17:43094814:A:T	4215095	His239Gln	c.717T>A	2026-08-19	Findlay SGE (MaveDB)	MaveDB			Findlay et al. 2018 (PMID 30209399)	saturation genome editing	saturation genome editing (HDR)	His239Gln					HIGH	partial coverage: RING+BRCT domains only
GRCh38:17:43094814:A:T	4215095	His239Gln	c.717T>A	2026-08-19	ClinVar esummary	ClinVar				clinical interpretation	NA	NA	NA		Uncertain significance	current=Uncertain significance; review=criteria provided, single submitter	MODERATE	
GRCh38:17:43104162:G:A	4215057	Ala134Val	c.401C>T	2026-08-19	Findlay SGE (MaveDB)	MaveDB			Findlay et al. 2018 (PMID 30209399)	saturation genome editing	saturation genome editing (HDR)	Ala134Val					HIGH	partial coverage: RING+BRCT domains only
GRCh38:17:43104162:G:A	4215057	Ala134Val	c.401C>T	2026-08-19	ClinVar esummary	ClinVar				clinical interpretation	NA	NA	NA		Uncertain significance	current=Uncertain significance; review=criteria provided, single submitter	MODERATE	
GRCh38:17:43104871:C:G	4279061	Glu100Gln	c.298G>C	2026-08-19	Findlay SGE (MaveDB)	MaveDB			Findlay et al. 2018 (PMID 30209399)	saturation genome editing	saturation genome editing (HDR)	Glu100Gln					HIGH	partial coverage: RING+BRCT domains only
GRCh38:17:43104871:C:G	4279061	Glu100Gln	c.298G>C	2026-08-19	ClinVar esummary	ClinVar				clinical interpretation	NA	NA	NA		Uncertain significance	current=Uncertain significance; review=criteria provided, single submitter	MODERATE	
GRCh38:17:43104241:C:G	4533104	Ala108Pro	c.322G>C	2026-08-19	Findlay SGE (MaveDB)	MaveDB			Findlay et al. 2018 (PMID 30209399)	saturation genome editing	saturation genome editing (HDR)	Ala108Pro					HIGH	partial coverage: RING+BRCT domains only
GRCh38:17:43104241:C:G	4533104	Ala108Pro	c.322G>C	2026-08-19	ClinVar esummary	ClinVar				clinical interpretation	NA	NA	NA		Uncertain significance	current=Uncertain significance; review=criteria provided, single submitter	MODERATE	
GRCh38:17:43091623:A:G	4533106	Leu1303Ser	c.3908T>C	2026-08-19	Findlay SGE (MaveDB)	MaveDB			Findlay et al. 2018 (PMID 30209399)	saturation genome editing	saturation genome editing (HDR)	Leu1303Ser					HIGH	partial coverage: RING+BRCT domains only
GRCh38:17:43091623:A:G	4533106	Leu1303Ser	c.3908T>C	2026-08-19	ClinVar esummary	ClinVar				clinical interpretation	NA	NA	NA		Uncertain significance	current=Uncertain significance; review=criteria provided, single submitter	MODERATE	
GRCh38:17:43091623:A:G	4533106	Leu1303Ser	c.3908T>C	2026-08-19	BRCA1 Leu1303Ser	PubMed	42611417		Hormonal contraceptives and cancer risk in women with a BRCA1 or BRCA2 pathogenic variant.	publication	NA	NA	NA			NA	UNCLEAR	
GRCh38:17:43091623:A:G	4533106	Leu1303Ser	c.3908T>C	2026-08-19	BRCA1 Leu1303Ser	PubMed	42610144		AI-driven CRISPR strategies in breast cancer: Organoid modeling, adaptive editing, and precision delivery.	publication	NA	NA	NA			NA	UNCLEAR	
GRCh38:17:43091623:A:G	4533106	Leu1303Ser	c.3908T>C	2026-08-19	BRCA1 Leu1303Ser	PubMed	42610096		Alliance A022106: A Phase II/III Trial of Nab-Paclitaxel and Gemcitabine ± Cisplatin as Second-Line Treatment for BRCA1/2 or PALB2 Mutant Metastatic Pancreatic Ductal Adenocarcinoma (PLATINUM).	publication	NA	NA	NA			NA	UNCLEAR	
GRCh38:17:43091623:A:G	4533106	Leu1303Ser	c.3908T>C	2026-08-19	BRCA1 Leu1303Ser	PubMed	42609953		Adaptive Surgical Decision-Making for Synchronous Metastatic Pancreatic Cancer and Early Breast Cancer with a BRCA1 Pathogenic Variant: A Case Report.	publication	NA	NA	NA			NA	UNCLEAR	
GRCh38:17:43091623:A:G	4533106	Leu1303Ser	c.3908T>C	2026-08-19	BRCA1 Leu1303Ser	PubMed	42609763		An Unusual Presentation of Dermatofibrosarcoma Protuberans (DFSP): The Role of Advanced Molecular Testing in Collagen Type I Alpha 1 Chain (COL1A1)-Negative Cases.	publication	NA	NA	NA			NA	UNCLEAR	
GRCh38:17:43091623:A:G	4533106	Leu1303Ser	c.3908T>C	2026-08-19	BRCA1 c.3908T>C	PubMed	42609450		Biomarker testing in advanced or metastatic hormone receptor-positive, human epidermal growth factor receptor 2 negative breast cancer: expert recommendations.	publication	NA	NA	NA			NA	UNCLEAR	
GRCh38:17:43091623:A:G	4533106	Leu1303Ser	c.3908T>C	2026-08-19	BRCA1 c.3908T>C	PubMed	42584742		Real-world clinical outcomes of patients with early-stage TNBC and BRCAm who were treated with adjuvant capecitabine in the United States.	publication	NA	NA	NA			NA	UNCLEAR	
GRCh38:17:43091623:A:G	4533106	Leu1303Ser	c.3908T>C	2026-08-19	BRCA1 c.3908T>C	PubMed	42580099		Chemotherapy type and survival in young BRCA1/2 carriers with HER2-negative early breast cancer.	publication	NA	NA	NA			NA	UNCLEAR	
GRCh38:17:43091623:A:G	4533106	Leu1303Ser	c.3908T>C	2026-08-19	BRCA1 c.3908T>C	PubMed	42560601		BRCA1-derived peptide constructs exhibit sequence-dependent features compatible with modulation of the p53-MDM2 axis.	publication	NA	NA	NA			NA	UNCLEAR	
GRCh38:17:43091623:A:G	4533106	Leu1303Ser	c.3908T>C	2026-08-19	BRCA1 c.3908T>C	PubMed	42524928		Whole-genome sequencing in Brazilian patients with neurofibromatosis type 1, including novel variants, incidental findings, and dual diagnoses.	publication	NA	NA	NA			NA	UNCLEAR	
GRCh38:17:43099848:G:T	4625227	Asn158Lys	c.474C>A	2026-08-19	Findlay SGE (MaveDB)	MaveDB			Findlay et al. 2018 (PMID 30209399)	saturation genome editing	saturation genome editing (HDR)	Asn158Lys					HIGH	partial coverage: RING+BRCT domains only
GRCh38:17:43099848:G:T	4625227	Asn158Lys	c.474C>A	2026-08-19	ClinVar esummary	ClinVar				clinical interpretation	NA	NA	NA		Uncertain significance	current=Uncertain significance; review=criteria provided, single submitter	MODERATE	
GRCh38:17:43076494:A:T	4625255	Val1493Glu	c.4478T>A	2026-08-19	Findlay SGE (MaveDB)	MaveDB			Findlay et al. 2018 (PMID 30209399)	saturation genome editing	saturation genome editing (HDR)	Val1493Glu					HIGH	partial coverage: RING+BRCT domains only
GRCh38:17:43076494:A:T	4625255	Val1493Glu	c.4478T>A	2026-08-19	ClinVar esummary	ClinVar				clinical interpretation	NA	NA	NA		Uncertain significance	current=Uncertain significance; review=criteria provided, single submitter	MODERATE	
GRCh38:17:43076494:A:T	4625255	Val1493Glu	c.4478T>A	2026-08-19	BRCA1 Val1493Glu	PubMed	42611417		Hormonal contraceptives and cancer risk in women with a BRCA1 or BRCA2 pathogenic variant.	publication	NA	NA	NA			NA	UNCLEAR	
GRCh38:17:43076494:A:T	4625255	Val1493Glu	c.4478T>A	2026-08-19	BRCA1 Val1493Glu	PubMed	42610144		AI-driven CRISPR strategies in breast cancer: Organoid modeling, adaptive editing, and precision delivery.	publication	NA	NA	NA			NA	UNCLEAR	
GRCh38:17:43076494:A:T	4625255	Val1493Glu	c.4478T>A	2026-08-19	BRCA1 Val1493Glu	PubMed	42610096		Alliance A022106: A Phase II/III Trial of Nab-Paclitaxel and Gemcitabine ± Cisplatin as Second-Line Treatment for BRCA1/2 or PALB2 Mutant Metastatic Pancreatic Ductal Adenocarcinoma (PLATINUM).	publication	NA	NA	NA			NA	UNCLEAR	
GRCh38:17:43076494:A:T	4625255	Val1493Glu	c.4478T>A	2026-08-19	BRCA1 Val1493Glu	PubMed	42609953		Adaptive Surgical Decision-Making for Synchronous Metastatic Pancreatic Cancer and Early Breast Cancer with a BRCA1 Pathogenic Variant: A Case Report.	publication	NA	NA	NA			NA	UNCLEAR	
GRCh38:17:43076494:A:T	4625255	Val1493Glu	c.4478T>A	2026-08-19	BRCA1 Val1493Glu	PubMed	42609763		An Unusual Presentation of Dermatofibrosarcoma Protuberans (DFSP): The Role of Advanced Molecular Testing in Collagen Type I Alpha 1 Chain (COL1A1)-Negative Cases.	publication	NA	NA	NA			NA	UNCLEAR	
GRCh38:17:43076494:A:T	4625255	Val1493Glu	c.4478T>A	2026-08-19	BRCA1 c.4478T>A	PubMed	42611417		Hormonal contraceptives and cancer risk in women with a BRCA1 or BRCA2 pathogenic variant.	publication	NA	NA	NA			NA	UNCLEAR	
GRCh38:17:43076494:A:T	4625255	Val1493Glu	c.4478T>A	2026-08-19	BRCA1 c.4478T>A	PubMed	42610144		AI-driven CRISPR strategies in breast cancer: Organoid modeling, adaptive editing, and precision delivery.	publication	NA	NA	NA			NA	UNCLEAR	
GRCh38:17:43076494:A:T	4625255	Val1493Glu	c.4478T>A	2026-08-19	BRCA1 c.4478T>A	PubMed	42610096		Alliance A022106: A Phase II/III Trial of Nab-Paclitaxel and Gemcitabine ± Cisplatin as Second-Line Treatment for BRCA1/2 or PALB2 Mutant Metastatic Pancreatic Ductal Adenocarcinoma (PLATINUM).	publication	NA	NA	NA			NA	UNCLEAR	
GRCh38:17:43076494:A:T	4625255	Val1493Glu	c.4478T>A	2026-08-19	BRCA1 c.4478T>A	PubMed	42609953		Adaptive Surgical Decision-Making for Synchronous Metastatic Pancreatic Cancer and Early Breast Cancer with a BRCA1 Pathogenic Variant: A Case Report.	publication	NA	NA	NA			NA	UNCLEAR	
GRCh38:17:43076494:A:T	4625255	Val1493Glu	c.4478T>A	2026-08-19	BRCA1 c.4478T>A	PubMed	42609763		An Unusual Presentation of Dermatofibrosarcoma Protuberans (DFSP): The Role of Advanced Molecular Testing in Collagen Type I Alpha 1 Chain (COL1A1)-Negative Cases.	publication	NA	NA	NA			NA	UNCLEAR	
GRCh38:17:43076542:A:T	4625434	Phe1477Tyr	c.4430T>A	2026-08-19	Findlay SGE (MaveDB)	MaveDB			Findlay et al. 2018 (PMID 30209399)	saturation genome editing	saturation genome editing (HDR)	Phe1477Tyr					HIGH	partial coverage: RING+BRCT domains only
GRCh38:17:43076542:A:T	4625434	Phe1477Tyr	c.4430T>A	2026-08-19	ClinVar esummary	ClinVar				clinical interpretation	NA	NA	NA		Uncertain significance	current=Uncertain significance; review=criteria provided, single submitter	MODERATE	
GRCh38:17:43091698:T:C	4625448	Lys1278Arg	c.3833A>G	2026-08-19	Findlay SGE (MaveDB)	MaveDB			Findlay et al. 2018 (PMID 30209399)	saturation genome editing	saturation genome editing (HDR)	Lys1278Arg					HIGH	partial coverage: RING+BRCT domains only
GRCh38:17:43091698:T:C	4625448	Lys1278Arg	c.3833A>G	2026-08-19	ClinVar esummary	ClinVar				clinical interpretation	NA	NA	NA		Uncertain significance	current=Uncertain significance; review=criteria provided, single submitter	MODERATE	
GRCh38:17:43082422:G:C	4625516	Gln1447Glu	c.4339C>G	2026-08-19	Findlay SGE (MaveDB)	MaveDB			Findlay et al. 2018 (PMID 30209399)	saturation genome editing	saturation genome editing (HDR)	Gln1447Glu					HIGH	partial coverage: RING+BRCT domains only
GRCh38:17:43082422:G:C	4625516	Gln1447Glu	c.4339C>G	2026-08-19	ClinVar esummary	ClinVar				clinical interpretation	NA	NA	NA		Uncertain significance	current=Uncertain significance; review=criteria provided, single submitter	MODERATE	
GRCh38:17:43082533:C:T	4686566	Glu1410Lys	c.4228G>A	2026-08-19	Findlay SGE (MaveDB)	MaveDB			Findlay et al. 2018 (PMID 30209399)	saturation genome editing	saturation genome editing (HDR)	Glu1410Lys					HIGH	partial coverage: RING+BRCT domains only
GRCh38:17:43082533:C:T	4686566	Glu1410Lys	c.4228G>A	2026-08-19	ClinVar esummary	ClinVar				clinical interpretation	NA	NA	NA		Uncertain significance	current=Uncertain significance; review=criteria provided, single submitter	MODERATE	
GRCh38:17:43094428:T:C	4686574	Glu368Gly	c.1103A>G	2026-08-19	Findlay SGE (MaveDB)	MaveDB			Findlay et al. 2018 (PMID 30209399)	saturation genome editing	saturation genome editing (HDR)	Glu368Gly					HIGH	partial coverage: RING+BRCT domains only
GRCh38:17:43094428:T:C	4686574	Glu368Gly	c.1103A>G	2026-08-19	ClinVar esummary	ClinVar				clinical interpretation	NA	NA	NA		Uncertain significance	current=Uncertain significance; review=criteria provided, single submitter	MODERATE	
GRCh38:17:43104123:A:G	4725926	Leu147Ser	c.440T>C	2026-08-19	Findlay SGE (MaveDB)	MaveDB			Findlay et al. 2018 (PMID 30209399)	saturation genome editing	saturation genome editing (HDR)	Leu147Ser					HIGH	partial coverage: RING+BRCT domains only
GRCh38:17:43104123:A:G	4725926	Leu147Ser	c.440T>C	2026-08-19	ClinVar esummary	ClinVar				clinical interpretation	NA	NA	NA		Uncertain significance	current=Uncertain significance; review=criteria provided, single submitter	MODERATE	
GRCh38:17:43076548:T:A	4756458	Asp1475Val	c.4424A>T	2026-08-19	Findlay SGE (MaveDB)	MaveDB			Findlay et al. 2018 (PMID 30209399)	saturation genome editing	saturation genome editing (HDR)	Asp1475Val					HIGH	partial coverage: RING+BRCT domains only
GRCh38:17:43076548:T:A	4756458	Asp1475Val	c.4424A>T	2026-08-19	ClinVar esummary	ClinVar				clinical interpretation	NA	NA	NA		Uncertain significance	current=Uncertain significance; review=criteria provided, single submitter	MODERATE	
GRCh38:17:43094656:A:G	4756463	Leu292Pro	c.875T>C	2026-08-19	Findlay SGE (MaveDB)	MaveDB			Findlay et al. 2018 (PMID 30209399)	saturation genome editing	saturation genome editing (HDR)	Leu292Pro					HIGH	partial coverage: RING+BRCT domains only
GRCh38:17:43094656:A:G	4756463	Leu292Pro	c.875T>C	2026-08-19	ClinVar esummary	ClinVar				clinical interpretation	NA	NA	NA		Uncertain significance	current=Uncertain significance; review=criteria provided, single submitter	MODERATE	
GRCh38:17:43094371:G:A	4757054	Ser387Phe	c.1160C>T	2026-08-19	Findlay SGE (MaveDB)	MaveDB			Findlay et al. 2018 (PMID 30209399)	saturation genome editing	saturation genome editing (HDR)	Ser387Phe					HIGH	partial coverage: RING+BRCT domains only
GRCh38:17:43094371:G:A	4757054	Ser387Phe	c.1160C>T	2026-08-19	ClinVar esummary	ClinVar				clinical interpretation	NA	NA	NA		Uncertain significance	current=Uncertain significance; review=criteria provided, single submitter	MODERATE	
GRCh38:17:43094371:G:A	4757054	Ser387Phe	c.1160C>T	2026-08-19	BRCA1 Ser387Phe	PubMed	42611417		Hormonal contraceptives and cancer risk in women with a BRCA1 or BRCA2 pathogenic variant.	publication	NA	NA	NA			NA	UNCLEAR	
GRCh38:17:43094371:G:A	4757054	Ser387Phe	c.1160C>T	2026-08-19	BRCA1 Ser387Phe	PubMed	42610144		AI-driven CRISPR strategies in breast cancer: Organoid modeling, adaptive editing, and precision delivery.	publication	NA	NA	NA			NA	UNCLEAR	
GRCh38:17:43094371:G:A	4757054	Ser387Phe	c.1160C>T	2026-08-19	BRCA1 Ser387Phe	PubMed	42610096		Alliance A022106: A Phase II/III Trial of Nab-Paclitaxel and Gemcitabine ± Cisplatin as Second-Line Treatment for BRCA1/2 or PALB2 Mutant Metastatic Pancreatic Ductal Adenocarcinoma (PLATINUM).	publication	NA	NA	NA			NA	UNCLEAR	
GRCh38:17:43094371:G:A	4757054	Ser387Phe	c.1160C>T	2026-08-19	BRCA1 Ser387Phe	PubMed	42609953		Adaptive Surgical Decision-Making for Synchronous Metastatic Pancreatic Cancer and Early Breast Cancer with a BRCA1 Pathogenic Variant: A Case Report.	publication	NA	NA	NA			NA	UNCLEAR	
GRCh38:17:43094371:G:A	4757054	Ser387Phe	c.1160C>T	2026-08-19	BRCA1 Ser387Phe	PubMed	42609763		An Unusual Presentation of Dermatofibrosarcoma Protuberans (DFSP): The Role of Advanced Molecular Testing in Collagen Type I Alpha 1 Chain (COL1A1)-Negative Cases.	publication	NA	NA	NA			NA	UNCLEAR	
GRCh38:17:43093725:A:C	4758076	Asn602Lys	c.1806T>G	2026-08-19	Findlay SGE (MaveDB)	MaveDB			Findlay et al. 2018 (PMID 30209399)	saturation genome editing	saturation genome editing (HDR)	Asn602Lys					HIGH	partial coverage: RING+BRCT domains only
GRCh38:17:43093725:A:C	4758076	Asn602Lys	c.1806T>G	2026-08-19	ClinVar esummary	ClinVar				clinical interpretation	NA	NA	NA		Uncertain significance	current=Uncertain significance; review=criteria provided, single submitter	MODERATE	
GRCh38:17:43082427:G:A	4800830	Pro1445Leu	c.4334C>T	2026-08-19	Findlay SGE (MaveDB)	MaveDB			Findlay et al. 2018 (PMID 30209399)	saturation genome editing	saturation genome editing (HDR)	Pro1445Leu					HIGH	partial coverage: RING+BRCT domains only
GRCh38:17:43082427:G:A	4800830	Pro1445Leu	c.4334C>T	2026-08-19	ClinVar esummary	ClinVar				clinical interpretation	NA	NA	NA		Uncertain significance	current=Uncertain significance; review=criteria provided, single submitter	MODERATE	
GRCh38:17:43091500:T:A	4800831	Asp1344Val	c.4031A>T	2026-08-19	Findlay SGE (MaveDB)	MaveDB			Findlay et al. 2018 (PMID 30209399)	saturation genome editing	saturation genome editing (HDR)	Asp1344Val					HIGH	partial coverage: RING+BRCT domains only
GRCh38:17:43091500:T:A	4800831	Asp1344Val	c.4031A>T	2026-08-19	ClinVar esummary	ClinVar				clinical interpretation	NA	NA	NA		Uncertain significance	current=Uncertain significance; review=criteria provided, single submitter	MODERATE	
GRCh38:17:43091618:C:A	4800833	Asp1305Tyr	c.3913G>T	2026-08-19	Findlay SGE (MaveDB)	MaveDB			Findlay et al. 2018 (PMID 30209399)	saturation genome editing	saturation genome editing (HDR)	Asp1305Tyr					HIGH	partial coverage: RING+BRCT domains only
GRCh38:17:43091618:C:A	4800833	Asp1305Tyr	c.3913G>T	2026-08-19	ClinVar esummary	ClinVar				clinical interpretation	NA	NA	NA		Uncertain significance	current=Uncertain significance; review=criteria provided, single submitter	MODERATE	
GRCh38:17:43091618:C:A	4800833	Asp1305Tyr	c.3913G>T	2026-08-19	BRCA1 Asp1305Tyr	PubMed	42611417		Hormonal contraceptives and cancer risk in women with a BRCA1 or BRCA2 pathogenic variant.	publication	NA	NA	NA			NA	UNCLEAR	
GRCh38:17:43091618:C:A	4800833	Asp1305Tyr	c.3913G>T	2026-08-19	BRCA1 Asp1305Tyr	PubMed	42610144		AI-driven CRISPR strategies in breast cancer: Organoid modeling, adaptive editing, and precision delivery.	publication	NA	NA	NA			NA	UNCLEAR	
GRCh38:17:43091618:C:A	4800833	Asp1305Tyr	c.3913G>T	2026-08-19	BRCA1 Asp1305Tyr	PubMed	42610096		Alliance A022106: A Phase II/III Trial of Nab-Paclitaxel and Gemcitabine ± Cisplatin as Second-Line Treatment for BRCA1/2 or PALB2 Mutant Metastatic Pancreatic Ductal Adenocarcinoma (PLATINUM).	publication	NA	NA	NA			NA	UNCLEAR	
GRCh38:17:43091618:C:A	4800833	Asp1305Tyr	c.3913G>T	2026-08-19	BRCA1 Asp1305Tyr	PubMed	42609953		Adaptive Surgical Decision-Making for Synchronous Metastatic Pancreatic Cancer and Early Breast Cancer with a BRCA1 Pathogenic Variant: A Case Report.	publication	NA	NA	NA			NA	UNCLEAR	
GRCh38:17:43091618:C:A	4800833	Asp1305Tyr	c.3913G>T	2026-08-19	BRCA1 Asp1305Tyr	PubMed	42609763		An Unusual Presentation of Dermatofibrosarcoma Protuberans (DFSP): The Role of Advanced Molecular Testing in Collagen Type I Alpha 1 Chain (COL1A1)-Negative Cases.	publication	NA	NA	NA			NA	UNCLEAR	
GRCh38:17:43091618:C:A	4800833	Asp1305Tyr	c.3913G>T	2026-08-19	BRCA1 c.3913G>T	PubMed	42610144		AI-driven CRISPR strategies in breast cancer: Organoid modeling, adaptive editing, and precision delivery.	publication	NA	NA	NA			NA	UNCLEAR	
GRCh38:17:43091618:C:A	4800833	Asp1305Tyr	c.3913G>T	2026-08-19	BRCA1 c.3913G>T	PubMed	42609450		Biomarker testing in advanced or metastatic hormone receptor-positive, human epidermal growth factor receptor 2 negative breast cancer: expert recommendations.	publication	NA	NA	NA			NA	UNCLEAR	
GRCh38:17:43091618:C:A	4800833	Asp1305Tyr	c.3913G>T	2026-08-19	BRCA1 c.3913G>T	PubMed	42597706		Germline BRCA1 pathogenic variants and T cell dysfunction.	publication	NA	NA	NA			NA	UNCLEAR	
GRCh38:17:43091618:C:A	4800833	Asp1305Tyr	c.3913G>T	2026-08-19	BRCA1 c.3913G>T	PubMed	42581048		A ubiquitin chain-feeding mechanism for BRCA1-A.	publication	NA	NA	NA			NA	UNCLEAR	
GRCh38:17:43091618:C:A	4800833	Asp1305Tyr	c.3913G>T	2026-08-19	BRCA1 c.3913G>T	PubMed	42580462		Mechanistic Insights into Genomic Basis of Crosstalk Between Metabolic Reprogramming and Immune Dysfunction in Ovarian Cancer.	publication	NA	NA	NA			NA	UNCLEAR	
GRCh38:17:43092167:T:C	4800838	Thr1122Ala	c.3364A>G	2026-08-19	Findlay SGE (MaveDB)	MaveDB			Findlay et al. 2018 (PMID 30209399)	saturation genome editing	saturation genome editing (HDR)	Thr1122Ala					HIGH	partial coverage: RING+BRCT domains only
GRCh38:17:43092167:T:C	4800838	Thr1122Ala	c.3364A>G	2026-08-19	ClinVar esummary	ClinVar				clinical interpretation	NA	NA	NA		Uncertain significance	current=Uncertain significance; review=criteria provided, single submitter	MODERATE	
GRCh38:17:43094102:C:A	4800861	Val477Leu	c.1429G>T	2026-08-19	Findlay SGE (MaveDB)	MaveDB			Findlay et al. 2018 (PMID 30209399)	saturation genome editing	saturation genome editing (HDR)	Val477Leu					HIGH	partial coverage: RING+BRCT domains only
GRCh38:17:43094102:C:A	4800861	Val477Leu	c.1429G>T	2026-08-19	ClinVar esummary	ClinVar				clinical interpretation	NA	NA	NA		Uncertain significance	current=Uncertain significance; review=criteria provided, single submitter	MODERATE	
GRCh38:17:43094102:C:A	4800861	Val477Leu	c.1429G>T	2026-08-19	BRCA1 Val477Leu	PubMed	42611417		Hormonal contraceptives and cancer risk in women with a BRCA1 or BRCA2 pathogenic variant.	publication	NA	NA	NA			NA	UNCLEAR	
GRCh38:17:43094102:C:A	4800861	Val477Leu	c.1429G>T	2026-08-19	BRCA1 Val477Leu	PubMed	42610144		AI-driven CRISPR strategies in breast cancer: Organoid modeling, adaptive editing, and precision delivery.	publication	NA	NA	NA			NA	UNCLEAR	
GRCh38:17:43094102:C:A	4800861	Val477Leu	c.1429G>T	2026-08-19	BRCA1 Val477Leu	PubMed	42610096		Alliance A022106: A Phase II/III Trial of Nab-Paclitaxel and Gemcitabine ± Cisplatin as Second-Line Treatment for BRCA1/2 or PALB2 Mutant Metastatic Pancreatic Ductal Adenocarcinoma (PLATINUM).	publication	NA	NA	NA			NA	UNCLEAR	
GRCh38:17:43094102:C:A	4800861	Val477Leu	c.1429G>T	2026-08-19	BRCA1 Val477Leu	PubMed	42609953		Adaptive Surgical Decision-Making for Synchronous Metastatic Pancreatic Cancer and Early Breast Cancer with a BRCA1 Pathogenic Variant: A Case Report.	publication	NA	NA	NA			NA	UNCLEAR	
GRCh38:17:43094102:C:A	4800861	Val477Leu	c.1429G>T	2026-08-19	BRCA1 Val477Leu	PubMed	42609763		An Unusual Presentation of Dermatofibrosarcoma Protuberans (DFSP): The Role of Advanced Molecular Testing in Collagen Type I Alpha 1 Chain (COL1A1)-Negative Cases.	publication	NA	NA	NA			NA	UNCLEAR	
GRCh38:17:43094364:A:C	4800862	Ser389Arg	c.1167T>G	2026-08-19	Findlay SGE (MaveDB)	MaveDB			Findlay et al. 2018 (PMID 30209399)	saturation genome editing	saturation genome editing (HDR)	Ser389Arg					HIGH	partial coverage: RING+BRCT domains only
GRCh38:17:43094364:A:C	4800862	Ser389Arg	c.1167T>G	2026-08-19	ClinVar esummary	ClinVar				clinical interpretation	NA	NA	NA		Uncertain significance	current=Uncertain significance; review=criteria provided, single submitter	MODERATE	
GRCh38:17:43094721:A:T	4800863	His270Gln	c.810T>A	2026-08-19	Findlay SGE (MaveDB)	MaveDB			Findlay et al. 2018 (PMID 30209399)	saturation genome editing	saturation genome editing (HDR)	His270Gln					HIGH	partial coverage: RING+BRCT domains only
GRCh38:17:43094721:A:T	4800863	His270Gln	c.810T>A	2026-08-19	ClinVar esummary	ClinVar				clinical interpretation	NA	NA	NA		Uncertain significance	current=Uncertain significance; review=criteria provided, multiple submitters, no conflicts	MODERATE	
GRCh38:17:43094806:C:A	4800866	Ser242Ile	c.725G>T	2026-08-19	Findlay SGE (MaveDB)	MaveDB			Findlay et al. 2018 (PMID 30209399)	saturation genome editing	saturation genome editing (HDR)	Ser242Ile					HIGH	partial coverage: RING+BRCT domains only
GRCh38:17:43094806:C:A	4800866	Ser242Ile	c.725G>T	2026-08-19	ClinVar esummary	ClinVar				clinical interpretation	NA	NA	NA		Uncertain significance	current=Uncertain significance; review=criteria provided, single submitter	MODERATE	
GRCh38:17:43094806:C:A	4800866	Ser242Ile	c.725G>T	2026-08-19	BRCA1 Ser242Ile	PubMed	42611417		Hormonal contraceptives and cancer risk in women with a BRCA1 or BRCA2 pathogenic variant.	publication	NA	NA	NA			NA	UNCLEAR	
GRCh38:17:43094806:C:A	4800866	Ser242Ile	c.725G>T	2026-08-19	BRCA1 Ser242Ile	PubMed	42610144		AI-driven CRISPR strategies in breast cancer: Organoid modeling, adaptive editing, and precision delivery.	publication	NA	NA	NA			NA	UNCLEAR	
GRCh38:17:43094806:C:A	4800866	Ser242Ile	c.725G>T	2026-08-19	BRCA1 Ser242Ile	PubMed	42610096		Alliance A022106: A Phase II/III Trial of Nab-Paclitaxel and Gemcitabine ± Cisplatin as Second-Line Treatment for BRCA1/2 or PALB2 Mutant Metastatic Pancreatic Ductal Adenocarcinoma (PLATINUM).	publication	NA	NA	NA			NA	UNCLEAR	
GRCh38:17:43094806:C:A	4800866	Ser242Ile	c.725G>T	2026-08-19	BRCA1 Ser242Ile	PubMed	42609953		Adaptive Surgical Decision-Making for Synchronous Metastatic Pancreatic Cancer and Early Breast Cancer with a BRCA1 Pathogenic Variant: A Case Report.	publication	NA	NA	NA			NA	UNCLEAR	
GRCh38:17:43094806:C:A	4800866	Ser242Ile	c.725G>T	2026-08-19	BRCA1 Ser242Ile	PubMed	42609763		An Unusual Presentation of Dermatofibrosarcoma Protuberans (DFSP): The Role of Advanced Molecular Testing in Collagen Type I Alpha 1 Chain (COL1A1)-Negative Cases.	publication	NA	NA	NA			NA	UNCLEAR	
GRCh38:17:43104205:C:G	4800872	Asp120His	c.358G>C	2026-08-19	Findlay SGE (MaveDB)	MaveDB			Findlay et al. 2018 (PMID 30209399)	saturation genome editing	saturation genome editing (HDR)	Asp120His					HIGH	partial coverage: RING+BRCT domains only
GRCh38:17:43104205:C:G	4800872	Asp120His	c.358G>C	2026-08-19	ClinVar esummary	ClinVar				clinical interpretation	NA	NA	NA		Uncertain significance	current=Uncertain significance; review=criteria provided, single submitter	MODERATE	
GRCh38:17:43076594:T:G	4824189	Ser1460Arg	c.4378A>C	2026-08-19	Findlay SGE (MaveDB)	MaveDB			Findlay et al. 2018 (PMID 30209399)	saturation genome editing	saturation genome editing (HDR)	Ser1460Arg					HIGH	partial coverage: RING+BRCT domains only
GRCh38:17:43076594:T:G	4824189	Ser1460Arg	c.4378A>C	2026-08-19	ClinVar esummary	ClinVar				clinical interpretation	NA	NA	NA		Uncertain significance	current=Uncertain significance; review=criteria provided, single submitter	MODERATE	
GRCh38:17:43094359:T:C	4824191	Glu391Gly	c.1172A>G	2026-08-19	Findlay SGE (MaveDB)	MaveDB			Findlay et al. 2018 (PMID 30209399)	saturation genome editing	saturation genome editing (HDR)	Glu391Gly					HIGH	partial coverage: RING+BRCT domains only
GRCh38:17:43094359:T:C	4824191	Glu391Gly	c.1172A>G	2026-08-19	ClinVar esummary	ClinVar				clinical interpretation	NA	NA	NA		Uncertain significance	current=Uncertain significance; review=criteria provided, single submitter	MODERATE	
GRCh38:17:43094173:T:C	4828182	Glu453Gly	c.1358A>G	2026-08-19	Findlay SGE (MaveDB)	MaveDB			Findlay et al. 2018 (PMID 30209399)	saturation genome editing	saturation genome editing (HDR)	Glu453Gly					HIGH	partial coverage: RING+BRCT domains only
GRCh38:17:43094173:T:C	4828182	Glu453Gly	c.1358A>G	2026-08-19	ClinVar esummary	ClinVar				clinical interpretation	NA	NA	NA		Uncertain significance	current=Uncertain significance; review=criteria provided, single submitter	MODERATE	
GRCh38:17:43091782:T:G	4842652	Glu1250Ala	c.3749A>C	2026-08-19	Findlay SGE (MaveDB)	MaveDB			Findlay et al. 2018 (PMID 30209399)	saturation genome editing	saturation genome editing (HDR)	Glu1250Ala					HIGH	partial coverage: RING+BRCT domains only
GRCh38:17:43091782:T:G	4842652	Glu1250Ala	c.3749A>C	2026-08-19	ClinVar esummary	ClinVar				clinical interpretation	NA	NA	NA		Uncertain significance	current=Uncertain significance; review=criteria provided, single submitter	MODERATE	
GRCh38:17:43091576:C:G	4842654	Gly1319Arg	c.3955G>C	2026-08-19	Findlay SGE (MaveDB)	MaveDB			Findlay et al. 2018 (PMID 30209399)	saturation genome editing	saturation genome editing (HDR)	Gly1319Arg					HIGH	partial coverage: RING+BRCT domains only
GRCh38:17:43091576:C:G	4842654	Gly1319Arg	c.3955G>C	2026-08-19	ClinVar esummary	ClinVar				clinical interpretation	NA	NA	NA		Uncertain significance	current=Uncertain significance; review=criteria provided, single submitter	MODERATE	
GRCh38:17:43104202:C:T	4842666	Glu121Lys	c.361G>A	2026-08-19	Findlay SGE (MaveDB)	MaveDB			Findlay et al. 2018 (PMID 30209399)	saturation genome editing	saturation genome editing (HDR)	Glu121Lys					HIGH	partial coverage: RING+BRCT domains only
GRCh38:17:43104202:C:T	4842666	Glu121Lys	c.361G>A	2026-08-19	ClinVar esummary	ClinVar				clinical interpretation	NA	NA	NA		Uncertain significance	current=Uncertain significance; review=criteria provided, single submitter	MODERATE	
GRCh38:17:43082479:T:C	4867691	Ser1428Gly	c.4282A>G	2026-08-19	Findlay SGE (MaveDB)	MaveDB			Findlay et al. 2018 (PMID 30209399)	saturation genome editing	saturation genome editing (HDR)	Ser1428Gly					HIGH	partial coverage: RING+BRCT domains only
GRCh38:17:43082479:T:C	4867691	Ser1428Gly	c.4282A>G	2026-08-19	ClinVar esummary	ClinVar				clinical interpretation	NA	NA	NA		Uncertain significance	current=Uncertain significance; review=criteria provided, single submitter	MODERATE	
GRCh38:17:43091011:T:C	4867703	Glu1373Gly	c.4118A>G	2026-08-19	Findlay SGE (MaveDB)	MaveDB			Findlay et al. 2018 (PMID 30209399)	saturation genome editing	saturation genome editing (HDR)	Glu1373Gly					HIGH	partial coverage: RING+BRCT domains only
GRCh38:17:43091011:T:C	4867703	Glu1373Gly	c.4118A>G	2026-08-19	ClinVar esummary	ClinVar				clinical interpretation	NA	NA	NA		Uncertain significance	current=Uncertain significance; review=criteria provided, single submitter	MODERATE	
GRCh38:17:43082455:A:C	4867705	Ser1436Ala	c.4306T>G	2026-08-19	Findlay SGE (MaveDB)	MaveDB			Findlay et al. 2018 (PMID 30209399)	saturation genome editing	saturation genome editing (HDR)	Ser1436Ala					HIGH	partial coverage: RING+BRCT domains only
GRCh38:17:43082455:A:C	4867705	Ser1436Ala	c.4306T>G	2026-08-19	ClinVar esummary	ClinVar				clinical interpretation	NA	NA	NA		Uncertain significance	current=Uncertain significance; review=criteria provided, single submitter	MODERATE	
GRCh38:17:43082454:G:T	4867706	Ser1436Tyr	c.4307C>A	2026-08-19	Findlay SGE (MaveDB)	MaveDB			Findlay et al. 2018 (PMID 30209399)	saturation genome editing	saturation genome editing (HDR)	Ser1436Tyr					HIGH	partial coverage: RING+BRCT domains only
GRCh38:17:43082454:G:T	4867706	Ser1436Tyr	c.4307C>A	2026-08-19	ClinVar esummary	ClinVar				clinical interpretation	NA	NA	NA		Uncertain significance	current=Uncertain significance; review=criteria provided, single submitter	MODERATE	
GRCh38:17:43094621:A:C	4867711	Phe304Val	c.910T>G	2026-08-19	Findlay SGE (MaveDB)	MaveDB			Findlay et al. 2018 (PMID 30209399)	saturation genome editing	saturation genome editing (HDR)	Phe304Val					HIGH	partial coverage: RING+BRCT domains only
GRCh38:17:43094621:A:C	4867711	Phe304Val	c.910T>G	2026-08-19	ClinVar esummary	ClinVar				clinical interpretation	NA	NA	NA		Uncertain significance	current=Uncertain significance; review=criteria provided, single submitter	MODERATE	
GRCh38:17:43094621:A:C	4867711	Phe304Val	c.910T>G	2026-08-19	BRCA1 Phe304Val	PubMed	42611417		Hormonal contraceptives and cancer risk in women with a BRCA1 or BRCA2 pathogenic variant.	publication	NA	NA	NA			NA	UNCLEAR	
GRCh38:17:43094621:A:C	4867711	Phe304Val	c.910T>G	2026-08-19	BRCA1 Phe304Val	PubMed	42610144		AI-driven CRISPR strategies in breast cancer: Organoid modeling, adaptive editing, and precision delivery.	publication	NA	NA	NA			NA	UNCLEAR	
GRCh38:17:43094621:A:C	4867711	Phe304Val	c.910T>G	2026-08-19	BRCA1 Phe304Val	PubMed	42610096		Alliance A022106: A Phase II/III Trial of Nab-Paclitaxel and Gemcitabine ± Cisplatin as Second-Line Treatment for BRCA1/2 or PALB2 Mutant Metastatic Pancreatic Ductal Adenocarcinoma (PLATINUM).	publication	NA	NA	NA			NA	UNCLEAR	
GRCh38:17:43094621:A:C	4867711	Phe304Val	c.910T>G	2026-08-19	BRCA1 Phe304Val	PubMed	42609953		Adaptive Surgical Decision-Making for Synchronous Metastatic Pancreatic Cancer and Early Breast Cancer with a BRCA1 Pathogenic Variant: A Case Report.	publication	NA	NA	NA			NA	UNCLEAR	
GRCh38:17:43094621:A:C	4867711	Phe304Val	c.910T>G	2026-08-19	BRCA1 Phe304Val	PubMed	42609763		An Unusual Presentation of Dermatofibrosarcoma Protuberans (DFSP): The Role of Advanced Molecular Testing in Collagen Type I Alpha 1 Chain (COL1A1)-Negative Cases.	publication	NA	NA	NA			NA	UNCLEAR	
GRCh38:17:43094621:A:C	4867711	Phe304Val	c.910T>G	2026-08-19	BRCA1 c.910T>G	PubMed	42609450		Biomarker testing in advanced or metastatic hormone receptor-positive, human epidermal growth factor receptor 2 negative breast cancer: expert recommendations.	publication	NA	NA	NA			NA	UNCLEAR	
GRCh38:17:43094621:A:C	4867711	Phe304Val	c.910T>G	2026-08-19	BRCA1 c.910T>G	PubMed	42581048		A ubiquitin chain-feeding mechanism for BRCA1-A.	publication	NA	NA	NA			NA	UNCLEAR	
GRCh38:17:43094621:A:C	4867711	Phe304Val	c.910T>G	2026-08-19	BRCA1 c.910T>G	PubMed	42572185		Current Advances of Molecular Biomarkers and Liquid Biopsies Techniques in Ovarian Cancer.	publication	NA	NA	NA			NA	UNCLEAR	
GRCh38:17:43094621:A:C	4867711	Phe304Val	c.910T>G	2026-08-19	BRCA1 c.910T>G	PubMed	42558868		Rewired DDR-TGF-β-β-catenin-PD-L1 axis accelerates progression and shapes therapy in human papillomavirus-driven cancer.	publication	NA	NA	NA			NA	UNCLEAR	
GRCh38:17:43094621:A:C	4867711	Phe304Val	c.910T>G	2026-08-19	BRCA1 c.910T>G	PubMed	42513228		Breast Cancer: Epidemiology, Molecular Classification, Diagnostics and Evolving Treatment Paradigms.	publication	NA	NA	NA			NA	UNCLEAR	
GRCh38:17:43092910:T:C	4867721	Asn874Ser	c.2621A>G	2026-08-19	Findlay SGE (MaveDB)	MaveDB			Findlay et al. 2018 (PMID 30209399)	saturation genome editing	saturation genome editing (HDR)	Asn874Ser					HIGH	partial coverage: RING+BRCT domains only
GRCh38:17:43092910:T:C	4867721	Asn874Ser	c.2621A>G	2026-08-19	ClinVar esummary	ClinVar				clinical interpretation	NA	NA	NA		Uncertain significance	current=Uncertain significance; review=criteria provided, single submitter	MODERATE	
GRCh38:17:43092910:T:C	4867721	Asn874Ser	c.2621A>G	2026-08-19	BRCA1 Asn874Ser	PubMed	42611417		Hormonal contraceptives and cancer risk in women with a BRCA1 or BRCA2 pathogenic variant.	publication	NA	NA	NA			NA	UNCLEAR	
GRCh38:17:43092910:T:C	4867721	Asn874Ser	c.2621A>G	2026-08-19	BRCA1 Asn874Ser	PubMed	42610144		AI-driven CRISPR strategies in breast cancer: Organoid modeling, adaptive editing, and precision delivery.	publication	NA	NA	NA			NA	UNCLEAR	
GRCh38:17:43092910:T:C	4867721	Asn874Ser	c.2621A>G	2026-08-19	BRCA1 Asn874Ser	PubMed	42610096		Alliance A022106: A Phase II/III Trial of Nab-Paclitaxel and Gemcitabine ± Cisplatin as Second-Line Treatment for BRCA1/2 or PALB2 Mutant Metastatic Pancreatic Ductal Adenocarcinoma (PLATINUM).	publication	NA	NA	NA			NA	UNCLEAR	
GRCh38:17:43092910:T:C	4867721	Asn874Ser	c.2621A>G	2026-08-19	BRCA1 Asn874Ser	PubMed	42609953		Adaptive Surgical Decision-Making for Synchronous Metastatic Pancreatic Cancer and Early Breast Cancer with a BRCA1 Pathogenic Variant: A Case Report.	publication	NA	NA	NA			NA	UNCLEAR	
GRCh38:17:43092910:T:C	4867721	Asn874Ser	c.2621A>G	2026-08-19	BRCA1 Asn874Ser	PubMed	42609763		An Unusual Presentation of Dermatofibrosarcoma Protuberans (DFSP): The Role of Advanced Molecular Testing in Collagen Type I Alpha 1 Chain (COL1A1)-Negative Cases.	publication	NA	NA	NA			NA	UNCLEAR	
GRCh38:17:43092910:T:C	4867721	Asn874Ser	c.2621A>G	2026-08-19	BRCA1 c.2621A>G	PubMed	42609450		Biomarker testing in advanced or metastatic hormone receptor-positive, human epidermal growth factor receptor 2 negative breast cancer: expert recommendations.	publication	NA	NA	NA			NA	UNCLEAR	
GRCh38:17:43092910:T:C	4867721	Asn874Ser	c.2621A>G	2026-08-19	BRCA1 c.2621A>G	PubMed	42581048		A ubiquitin chain-feeding mechanism for BRCA1-A.	publication	NA	NA	NA			NA	UNCLEAR	
GRCh38:17:43092910:T:C	4867721	Asn874Ser	c.2621A>G	2026-08-19	BRCA1 c.2621A>G	PubMed	42572185		Current Advances of Molecular Biomarkers and Liquid Biopsies Techniques in Ovarian Cancer.	publication	NA	NA	NA			NA	UNCLEAR	
GRCh38:17:43092910:T:C	4867721	Asn874Ser	c.2621A>G	2026-08-19	BRCA1 c.2621A>G	PubMed	42558868		Rewired DDR-TGF-β-β-catenin-PD-L1 axis accelerates progression and shapes therapy in human papillomavirus-driven cancer.	publication	NA	NA	NA			NA	UNCLEAR	
GRCh38:17:43092910:T:C	4867721	Asn874Ser	c.2621A>G	2026-08-19	BRCA1 c.2621A>G	PubMed	42513228		Breast Cancer: Epidemiology, Molecular Classification, Diagnostics and Evolving Treatment Paradigms.	publication	NA	NA	NA			NA	UNCLEAR	
GRCh38:17:43104144:C:A	4867739	Ser140Ile	c.419G>T	2026-08-19	Findlay SGE (MaveDB)	MaveDB			Findlay et al. 2018 (PMID 30209399)	saturation genome editing	saturation genome editing (HDR)	Ser140Ile					HIGH	partial coverage: RING+BRCT domains only
GRCh38:17:43104144:C:A	4867739	Ser140Ile	c.419G>T	2026-08-19	ClinVar esummary	ClinVar				clinical interpretation	NA	NA	NA		Uncertain significance	current=Uncertain significance; review=criteria provided, single submitter	MODERATE	
GRCh38:17:43091622:C:G	4867750	Leu1303Phe	c.3909G>C	2026-08-19	Findlay SGE (MaveDB)	MaveDB			Findlay et al. 2018 (PMID 30209399)	saturation genome editing	saturation genome editing (HDR)	Leu1303Phe					HIGH	partial coverage: RING+BRCT domains only
GRCh38:17:43091622:C:G	4867750	Leu1303Phe	c.3909G>C	2026-08-19	ClinVar esummary	ClinVar				clinical interpretation	NA	NA	NA		Uncertain significance	current=Uncertain significance; review=criteria provided, single submitter	MODERATE	
GRCh38:17:43082551:G:T	4883311	Leu1404Met	c.4210C>A	2026-08-19	Findlay SGE (MaveDB)	MaveDB			Findlay et al. 2018 (PMID 30209399)	saturation genome editing	saturation genome editing (HDR)	Leu1404Met					HIGH	partial coverage: RING+BRCT domains only
GRCh38:17:43082551:G:T	4883311	Leu1404Met	c.4210C>A	2026-08-19	ClinVar esummary	ClinVar				clinical interpretation	NA	NA	NA		Uncertain significance	current=Uncertain significance; review=no assertion criteria provided	MODERATE	
GRCh38:17:43082551:G:T	4883311	Leu1404Met	c.4210C>A	2026-08-19	BRCA1 Leu1404Met	PubMed	42611417		Hormonal contraceptives and cancer risk in women with a BRCA1 or BRCA2 pathogenic variant.	publication	NA	NA	NA			NA	UNCLEAR	
GRCh38:17:43082551:G:T	4883311	Leu1404Met	c.4210C>A	2026-08-19	BRCA1 Leu1404Met	PubMed	42610144		AI-driven CRISPR strategies in breast cancer: Organoid modeling, adaptive editing, and precision delivery.	publication	NA	NA	NA			NA	UNCLEAR	
GRCh38:17:43082551:G:T	4883311	Leu1404Met	c.4210C>A	2026-08-19	BRCA1 Leu1404Met	PubMed	42610096		Alliance A022106: A Phase II/III Trial of Nab-Paclitaxel and Gemcitabine ± Cisplatin as Second-Line Treatment for BRCA1/2 or PALB2 Mutant Metastatic Pancreatic Ductal Adenocarcinoma (PLATINUM).	publication	NA	NA	NA			NA	UNCLEAR	
GRCh38:17:43082551:G:T	4883311	Leu1404Met	c.4210C>A	2026-08-19	BRCA1 Leu1404Met	PubMed	42609953		Adaptive Surgical Decision-Making for Synchronous Metastatic Pancreatic Cancer and Early Breast Cancer with a BRCA1 Pathogenic Variant: A Case Report.	publication	NA	NA	NA			NA	UNCLEAR	
GRCh38:17:43082551:G:T	4883311	Leu1404Met	c.4210C>A	2026-08-19	BRCA1 Leu1404Met	PubMed	42609763		An Unusual Presentation of Dermatofibrosarcoma Protuberans (DFSP): The Role of Advanced Molecular Testing in Collagen Type I Alpha 1 Chain (COL1A1)-Negative Cases.	publication	NA	NA	NA			NA	UNCLEAR	
GRCh38:17:43082551:G:T	4883311	Leu1404Met	c.4210C>A	2026-08-19	BRCA1 c.4210C>A	PubMed	42611417		Hormonal contraceptives and cancer risk in women with a BRCA1 or BRCA2 pathogenic variant.	publication	NA	NA	NA			NA	UNCLEAR	
GRCh38:17:43082551:G:T	4883311	Leu1404Met	c.4210C>A	2026-08-19	BRCA1 c.4210C>A	PubMed	42610144		AI-driven CRISPR strategies in breast cancer: Organoid modeling, adaptive editing, and precision delivery.	publication	NA	NA	NA			NA	UNCLEAR	
GRCh38:17:43082551:G:T	4883311	Leu1404Met	c.4210C>A	2026-08-19	BRCA1 c.4210C>A	PubMed	42610096		Alliance A022106: A Phase II/III Trial of Nab-Paclitaxel and Gemcitabine ± Cisplatin as Second-Line Treatment for BRCA1/2 or PALB2 Mutant Metastatic Pancreatic Ductal Adenocarcinoma (PLATINUM).	publication	NA	NA	NA			NA	UNCLEAR	
GRCh38:17:43082551:G:T	4883311	Leu1404Met	c.4210C>A	2026-08-19	BRCA1 c.4210C>A	PubMed	42609953		Adaptive Surgical Decision-Making for Synchronous Metastatic Pancreatic Cancer and Early Breast Cancer with a BRCA1 Pathogenic Variant: A Case Report.	publication	NA	NA	NA			NA	UNCLEAR	
GRCh38:17:43082551:G:T	4883311	Leu1404Met	c.4210C>A	2026-08-19	BRCA1 c.4210C>A	PubMed	42609763		An Unusual Presentation of Dermatofibrosarcoma Protuberans (DFSP): The Role of Advanced Molecular Testing in Collagen Type I Alpha 1 Chain (COL1A1)-Negative Cases.	publication	NA	NA	NA			NA	UNCLEAR	
