variant_key	ClinVar_VariationID	ClinVar_AlleleID	protein_change	original_HGVS	normalized_HGVS
GRCh38:17:43082542:G:C	37576	46132	Leu1407Val	NM_007294.4(BRCA1):c.4219C>G (p.Leu1407Val)	ENST00000357654.9:c.4219C>G
GRCh38:17:43076570:T:C	37591	46147	Asn1468Asp	NM_007294.4(BRCA1):c.4402A>G (p.Asn1468Asp)	ENST00000357654.9:c.4402A>G
GRCh38:17:43076516:T:A	37593	46149	Ser1486Cys	NM_007294.4(BRCA1):c.4456A>T (p.Ser1486Cys)	ENST00000357654.9:c.4456A>T
GRCh38:17:43076558:G:A	41824	50263	Leu1472Phe	NM_007294.4(BRCA1):c.4414C>T (p.Leu1472Phe)	ENST00000357654.9:c.4414C>T
GRCh38:17:43106533:T:A	54219	68886	Lys45Asn	NM_007294.4(BRCA1):c.135A>T (p.Lys45Asn)	ENST00000357654.9:c.135A>T
GRCh38:17:43106467:A:C	54439	69106	Asp67Glu	NM_007294.4(BRCA1):c.201T>G (p.Asp67Glu)	ENST00000357654.9:c.201T>G
GRCh38:17:43106465:A:T	54444	69111	Ile68Lys	NM_007294.4(BRCA1):c.203T>A (p.Ile68Lys)	ENST00000357654.9:c.203T>A
GRCh38:17:43106462:G:T	54450	69117	Thr69Asn	NM_007294.4(BRCA1):c.206C>A (p.Thr69Asn)	ENST00000357654.9:c.206C>A
GRCh38:17:43104900:A:G	54651	69318	Ile90Thr	NM_007294.4(BRCA1):c.269T>C (p.Ile90Thr)	ENST00000357654.9:c.269T>C
GRCh38:17:43104877:C:G	54724	69391	Gly98Arg	NM_007294.4(BRCA1):c.292G>C (p.Gly98Arg)	ENST00000357654.9:c.292G>C
GRCh38:17:43124065:A:G	54828	69495	Val11Ala	NM_007294.4(BRCA1):c.32T>C (p.Val11Ala)	ENST00000357654.9:c.32T>C
GRCh38:17:43104217:C:T	54893	69560	Glu116Lys	NM_007294.4(BRCA1):c.346G>A (p.Glu116Lys)	ENST00000357654.9:c.346G>A
GRCh38:17:43104183:C:T	55012	69679	Ser127Asn	NM_007294.4(BRCA1):c.380G>A (p.Ser127Asn)	ENST00000357654.9:c.380G>A
GRCh38:17:43104174:T:A	55041	69708	Tyr130Phe	NM_007294.4(BRCA1):c.389A>T (p.Tyr130Phe)	ENST00000357654.9:c.389A>T
GRCh38:17:43090998:G:T	55110	69777	Ser1377Arg	NM_007294.4(BRCA1):c.4131C>A (p.Ser1377Arg)	ENST00000357654.9:c.4131C>A
GRCh38:17:43090957:A:G	55123	69790	Ile1391Thr	NM_007294.4(BRCA1):c.4172T>C (p.Ile1391Thr)	ENST00000357654.9:c.4172T>C
GRCh38:17:43082563:T:C	55137	69804	Met1400Val	NM_007294.4(BRCA1):c.4198A>G (p.Met1400Val)	ENST00000357654.9:c.4198A>G
GRCh38:17:43082562:A:G	55138	69805	Met1400Thr	NM_007294.4(BRCA1):c.4199T>C (p.Met1400Thr)	ENST00000357654.9:c.4199T>C
GRCh38:17:43082556:T:C	55141	69808	His1402Arg	NM_007294.4(BRCA1):c.4205A>G (p.His1402Arg)	ENST00000357654.9:c.4205A>G
GRCh38:17:43082550:A:G	55143	69810	Leu1404Pro	NM_007294.4(BRCA1):c.4211T>C (p.Leu1404Pro)	ENST00000357654.9:c.4211T>C
GRCh38:17:43082541:A:G	55144	69811	Leu1407Pro	NM_007294.4(BRCA1):c.4220T>C (p.Leu1407Pro)	ENST00000357654.9:c.4220T>C
GRCh38:17:43104139:G:C	55152	69819	Pro142Ala	NM_007294.4(BRCA1):c.424C>G (p.Pro142Ala)	ENST00000357654.9:c.424C>G
GRCh38:17:43082499:T:A	55158	69825	His1421Leu	NM_007294.4(BRCA1):c.4262A>T (p.His1421Leu)	ENST00000357654.9:c.4262A>T
GRCh38:17:43076593:C:T	55185	69852	Ser1460Asn	NM_007294.4(BRCA1):c.4379G>A (p.Ser1460Asn)	ENST00000357654.9:c.4379G>A
GRCh38:17:43076567:G:A	55194	69861	Pro1469Ser	NM_007294.4(BRCA1):c.4405C>T (p.Pro1469Ser)	ENST00000357654.9:c.4405C>T
GRCh38:17:43076512:T:C	55206	69873	Lys1487Arg	NM_007294.4(BRCA1):c.4460A>G (p.Lys1487Arg)	ENST00000357654.9:c.4460A>G
GRCh38:17:43076501:G:C	55207	69874	Pro1491Ala	NM_007294.4(BRCA1):c.4471C>G (p.Pro1491Ala)	ENST00000357654.9:c.4471C>G
GRCh38:17:43124053:A:G	55217	69884	Ile15Thr	NM_007294.4(BRCA1):c.44T>C (p.Ile15Thr)	ENST00000357654.9:c.44T>C
GRCh38:17:43074502:G:A	55218	69885	Pro1502Ser	NM_007294.4(BRCA1):c.4504C>T (p.Pro1502Ser)	ENST00000357654.9:c.4504C>T
GRCh38:17:43074427:C:T	55231	69898	Glu1527Lys	NM_007294.4(BRCA1):c.4579G>A (p.Glu1527Lys)	ENST00000357654.9:c.4579G>A
GRCh38:17:43074357:G:A	55251	69918	Thr1550Ile	NM_007294.4(BRCA1):c.4649C>T (p.Thr1550Ile)	ENST00000357654.9:c.4649C>T
GRCh38:17:43071229:G:A	55261	69928	Pro1562Leu	NM_007294.4(BRCA1):c.4685C>T (p.Pro1562Leu)	ENST00000357654.9:c.4685C>T
GRCh38:17:43071212:T:C	55265	69932	Ile1568Val	NM_007294.4(BRCA1):c.4702A>G (p.Ile1568Val)	ENST00000357654.9:c.4702A>G
GRCh38:17:43099852:G:C	55266	69933	Ser157Cys	NM_007294.4(BRCA1):c.470C>G (p.Ser157Cys)	ENST00000357654.9:c.470C>G
GRCh38:17:43071190:G:T	55270	69937	Pro1575His	NM_007294.4(BRCA1):c.4724C>A (p.Pro1575His)	ENST00000357654.9:c.4724C>A
GRCh38:17:43071137:T:C	55285	69952	Ile1593Val	NM_007294.4(BRCA1):c.4777A>G (p.Ile1593Val)	ENST00000357654.9:c.4777A>G
GRCh38:17:43071127:G:A	55287	69954	Ser1596Leu	NM_007294.4(BRCA1):c.4787C>T (p.Ser1596Leu)	ENST00000357654.9:c.4787C>T
GRCh38:17:43071101:A:C	55295	69962	Leu1605Val	NM_007294.4(BRCA1):c.4813T>G (p.Leu1605Val)	ENST00000357654.9:c.4813T>G
GRCh38:17:43071091:G:A	55296	69963	Ala1608Val	NM_007294.4(BRCA1):c.4823C>T (p.Ala1608Val)	ENST00000357654.9:c.4823C>T
GRCh38:17:43071030:C:A	55307	69974	Met1628Ile	NM_007294.4(BRCA1):c.4884G>T (p.Met1628Ile)	ENST00000357654.9:c.4884G>T
GRCh38:17:43099832:T:G	55313	69980	Thr164Pro	NM_007294.4(BRCA1):c.490A>C (p.Thr164Pro)	ENST00000357654.9:c.490A>C
GRCh38:17:43070980:C:A	55320	69987	Arg1645Met	NM_007294.4(BRCA1):c.4934G>T (p.Arg1645Met)	ENST00000357654.9:c.4934G>T
GRCh38:17:43070962:G:A	55330	69997	Ser1651Phe	NM_007294.4(BRCA1):c.4952C>T (p.Ser1651Phe)	ENST00000357654.9:c.4952C>T
GRCh38:17:43070947:C:T	55337	70004	Gly1656Asp	NM_007294.4(BRCA1):c.4967G>A (p.Gly1656Asp)	ENST00000357654.9:c.4967G>A
GRCh38:17:43067695:T:A	55348	70015	Met1663Leu	NM_007294.4(BRCA1):c.4987A>T (p.Met1663Leu)	ENST00000357654.9:c.4987A>T
GRCh38:17:43067694:A:T	55349	70016	Met1663Lys	NM_007294.4(BRCA1):c.4988T>A (p.Met1663Lys)	ENST00000357654.9:c.4988T>A
GRCh38:17:43063940:C:G	55390	70057	Val1696Leu	NM_007294.4(BRCA1):c.5086G>C (p.Val1696Leu)	ENST00000357654.9:c.5086G>C
GRCh38:17:43063930:C:G	55397	70064	Arg1699Pro	NM_007294.4(BRCA1):c.5096G>C (p.Arg1699Pro)	ENST00000357654.9:c.5096G>C
GRCh38:17:43063373:C:G	55433	70100	Trp1718Ser	NM_007294.4(BRCA1):c.5153G>C (p.Trp1718Ser)	ENST00000357654.9:c.5153G>C
GRCh38:17:43057107:A:C	55468	70135	Val1741Gly	NM_007294.4(BRCA1):c.5222T>G (p.Val1741Gly)	ENST00000357654.9:c.5222T>G
GRCh38:17:43057093:G:T	55472	70139	His1746Asn	NM_007294.4(BRCA1):c.5236C>A (p.His1746Asn)	ENST00000357654.9:c.5236C>A
GRCh38:17:43057074:G:A	55484	70151	Ala1752Val	NM_007294.4(BRCA1):c.5255C>T (p.Ala1752Val)	ENST00000357654.9:c.5255C>T
GRCh38:17:43049164:C:T	55551	70218	Gly1788Asp	NM_007294.4(BRCA1):c.5363G>A (p.Gly1788Asp)	ENST00000357654.9:c.5363G>A
GRCh38:17:43047687:A:G	55572	70239	Val1808Ala	NM_007294.4(BRCA1):c.5423T>C (p.Val1808Ala)	ENST00000357654.9:c.5423T>C
GRCh38:17:43047681:A:C	55576	70243	Val1810Gly	NM_007294.4(BRCA1):c.5429T>G (p.Val1810Gly)	ENST00000357654.9:c.5429T>G
GRCh38:17:43045748:C:T	55613	70280	Ser1841Asn	NM_007294.4(BRCA1):c.5522G>A (p.Ser1841Asn)	ENST00000357654.9:c.5522G>A
GRCh38:17:43045717:G:T	55624	70291	Asp1851Glu	NM_007294.4(BRCA1):c.5553C>A (p.Asp1851Glu)	ENST00000357654.9:c.5553C>A
GRCh38:17:43097280:G:A	55636	70303	Ser186Phe	NM_007294.4(BRCA1):c.557C>T (p.Ser186Phe)	ENST00000357654.9:c.557C>T
GRCh38:17:43095915:C:T	55645	70312	Asp201Asn	NM_007294.4(BRCA1):c.601G>A (p.Asp201Asn)	ENST00000357654.9:c.601G>A
GRCh38:17:43095879:T:C	55652	70319	Arg213Gly	NM_007294.4(BRCA1):c.637A>G (p.Arg213Gly)	ENST00000357654.9:c.637A>G
GRCh38:17:43124024:G:T	55684	70351	Pro25Thr	NM_007294.4(BRCA1):c.73C>A (p.Pro25Thr)	ENST00000357654.9:c.73C>A
GRCh38:17:43115777:A:G	55732	70399	Leu28Pro	NM_007294.4(BRCA1):c.83T>C (p.Leu28Pro)	ENST00000357654.9:c.83T>C
GRCh38:17:43071161:G:A	1742857	91399	Pro1585Ser	NM_007294.4(BRCA1):c.4753C>T (p.Pro1585Ser)	ENST00000357654.9:c.4753C>T
GRCh38:17:43104224:G:C	89058	94601	Asn113Lys	NM_007294.4(BRCA1):c.339C>G (p.Asn113Lys)	ENST00000357654.9:c.339C>G
GRCh38:17:43106508:G:T	91559	97036	Gln54Lys	NM_007294.4(BRCA1):c.160C>A (p.Gln54Lys)	ENST00000357654.9:c.160C>A
GRCh38:17:43106469:C:T	91572	97049	Asp67Asn	NM_007294.4(BRCA1):c.199G>A (p.Asp67Asn)	ENST00000357654.9:c.199G>A
GRCh38:17:43104166:G:T	91619	97096	Arg133Ser	NM_007294.4(BRCA1):c.397C>A (p.Arg133Ser)	ENST00000357654.9:c.397C>A
GRCh38:17:43074417:T:G	91633	97110	Lys1530Thr	NM_007294.4(BRCA1):c.4589A>C (p.Lys1530Thr)	ENST00000357654.9:c.4589A>C
GRCh38:17:43063335:C:T	91641	97118	Glu1731Lys	NM_007294.4(BRCA1):c.5191G>A (p.Glu1731Lys)	ENST00000357654.9:c.5191G>A
GRCh38:17:43057132:C:T	91643	97120	Asp1733Asn	NM_007294.4(BRCA1):c.5197G>A (p.Asp1733Asn)	ENST00000357654.9:c.5197G>A
GRCh38:17:43051065:G:A	91648	97125	Thr1777Ile	NM_007294.4(BRCA1):c.5330C>T (p.Thr1777Ile)	ENST00000357654.9:c.5330C>T
GRCh38:17:43095909:C:T	91658	97135	Glu203Lys	NM_007294.4(BRCA1):c.607G>A (p.Glu203Lys)	ENST00000357654.9:c.607G>A
GRCh38:17:43095851:T:C	91660	97137	Lys222Arg	NM_007294.4(BRCA1):c.665A>G (p.Lys222Arg)	ENST00000357654.9:c.665A>G
GRCh38:17:43104879:G:C	96909	102812	Thr97Arg	NM_007294.4(BRCA1):c.290C>G (p.Thr97Arg)	ENST00000357654.9:c.290C>G
GRCh38:17:43104174:T:C	96919	102822	Tyr130Cys	NM_007294.4(BRCA1):c.389A>G (p.Tyr130Cys)	ENST00000357654.9:c.389A>G
GRCh38:17:43091435:C:T	96925	102828	Gly1366Ser	NM_007294.4(BRCA1):c.4096G>A (p.Gly1366Ser)	ENST00000357654.9:c.4096G>A
GRCh38:17:43076589:A:T	96932	102835	Ser1461Arg	NM_007294.4(BRCA1):c.4383T>A (p.Ser1461Arg)	ENST00000357654.9:c.4383T>A
GRCh38:17:43099865:T:C	96934	102837	Ser153Gly	NM_007294.4(BRCA1):c.457A>G (p.Ser153Gly)	ENST00000357654.9:c.457A>G
GRCh38:17:43057075:C:T	96944	102847	Ala1752Thr	NM_007294.4(BRCA1):c.5254G>A (p.Ala1752Thr)	ENST00000357654.9:c.5254G>A
GRCh38:17:43051093:A:C	96948	102851	Cys1768Gly	NM_007294.4(BRCA1):c.5302T>G (p.Cys1768Gly)	ENST00000357654.9:c.5302T>G
GRCh38:17:43095846:C:T	96954	102857	Ala224Thr	NM_007294.4(BRCA1):c.670G>A (p.Ala224Thr)	ENST00000357654.9:c.670G>A
GRCh38:17:43093222:G:A	125553	131091	Ser770Leu	NM_007294.4(BRCA1):c.2309C>T (p.Ser770Leu)	ENST00000357654.9:c.2309C>T
GRCh38:17:43071088:T:C	125731	131269	Glu1609Gly	NM_007294.4(BRCA1):c.4826A>G (p.Glu1609Gly)	ENST00000357654.9:c.4826A>G
GRCh38:17:43057129:A:G	125806	131344	Phe1734Leu	NM_007294.4(BRCA1):c.5200T>C (p.Phe1734Leu)	ENST00000357654.9:c.5200T>C
GRCh38:17:43104879:G:A	133721	137460	Thr97Ile	NM_007294.4(BRCA1):c.290C>T (p.Thr97Ile)	ENST00000357654.9:c.290C>T
GRCh38:17:43099856:G:C	133722	137461	Leu156Val	NM_007294.4(BRCA1):c.466C>G (p.Leu156Val)	ENST00000357654.9:c.466C>G
GRCh38:17:43104225:T:C	136084	139796	Asn113Ser	NM_007294.4(BRCA1):c.338A>G (p.Asn113Ser)	ENST00000357654.9:c.338A>G
GRCh38:17:43099816:T:G	136087	139799	Gln169Pro	NM_007294.4(BRCA1):c.506A>C (p.Gln169Pro)	ENST00000357654.9:c.506A>C
GRCh38:17:43063937:A:T	141077	150791	Cys1697Ser	NM_007294.4(BRCA1):c.5089T>A (p.Cys1697Ser)	ENST00000357654.9:c.5089T>A
GRCh38:17:43104204:T:C	141096	150810	Asp120Gly	NM_007294.4(BRCA1):c.359A>G (p.Asp120Gly)	ENST00000357654.9:c.359A>G
GRCh38:17:43071124:G:T	141272	150986	Thr1597Asn	NM_007294.4(BRCA1):c.4790C>A (p.Thr1597Asn)	ENST00000357654.9:c.4790C>A
GRCh38:17:43099787:A:G	141458	151172	Tyr179His	NM_007294.4(BRCA1):c.535T>C (p.Tyr179His)	ENST00000357654.9:c.535T>C
GRCh38:17:43082530:T:C	141465	151179	Met1411Val	NM_007294.4(BRCA1):c.4231A>G (p.Met1411Val)	ENST00000357654.9:c.4231A>G
GRCh38:17:43104261:T:C	141504	151218	Tyr101Cys	NM_007294.4(BRCA1):c.302A>G (p.Tyr101Cys)	ENST00000357654.9:c.302A>G
GRCh38:17:43076506:T:C	141615	151329	Lys1489Arg	NM_007294.4(BRCA1):c.4466A>G (p.Lys1489Arg)	ENST00000357654.9:c.4466A>G
GRCh38:17:43071134:G:C	141789	151503	Pro1594Ala	NM_007294.4(BRCA1):c.4780C>G (p.Pro1594Ala)	ENST00000357654.9:c.4780C>G
GRCh38:17:43104229:T:C	141794	151508	Asn112Asp	NM_007294.4(BRCA1):c.334A>G (p.Asn112Asp)	ENST00000357654.9:c.334A>G
GRCh38:17:43045772:A:G	142256	151970	Val1833Ala	NM_007294.4(BRCA1):c.5498T>C (p.Val1833Ala)	ENST00000357654.9:c.5498T>C
GRCh38:17:43071235:C:A	142627	152341	Gly1560Val	NM_007294.4(BRCA1):c.4679G>T (p.Gly1560Val)	ENST00000357654.9:c.4679G>T
GRCh38:17:43076560:C:G	142774	152488	Gly1471Ala	NM_007294.4(BRCA1):c.4412G>C (p.Gly1471Ala)	ENST00000357654.9:c.4412G>C
GRCh38:17:43104151:G:C	142796	152510	Leu138Val	NM_007294.4(BRCA1):c.412C>G (p.Leu138Val)	ENST00000357654.9:c.412C>G
GRCh38:17:43099795:G:C	142823	152537	Thr176Arg	NM_007294.4(BRCA1):c.527C>G (p.Thr176Arg)	ENST00000357654.9:c.527C>G
GRCh38:17:43071143:C:T	142926	152640	Gly1591Ser	NM_007294.4(BRCA1):c.4771G>A (p.Gly1591Ser)	ENST00000357654.9:c.4771G>A
GRCh38:17:43090952:T:C	142985	152699	Thr1393Ala	NM_007294.4(BRCA1):c.4177A>G (p.Thr1393Ala)	ENST00000357654.9:c.4177A>G
GRCh38:17:43104205:C:T	143000	152714	Asp120Asn	NM_007294.4(BRCA1):c.358G>A (p.Asp120Asn)	ENST00000357654.9:c.358G>A
GRCh38:17:43104190:T:C	156193	165992	Ile125Val	NM_007294.4(BRCA1):c.373A>G (p.Ile125Val)	ENST00000357654.9:c.373A>G
GRCh38:17:43045766:C:G	182172	180814	Arg1835Pro	NM_007294.4(BRCA1):c.5504G>C (p.Arg1835Pro)	ENST00000357654.9:c.5504G>C
GRCh38:17:43051092:C:T	182167	180823	Cys1768Tyr	NM_007294.4(BRCA1):c.5303G>A (p.Cys1768Tyr)	ENST00000357654.9:c.5303G>A
GRCh38:17:43071040:T:C	182164	180826	Tyr1625Cys	NM_007294.4(BRCA1):c.4874A>G (p.Tyr1625Cys)	ENST00000357654.9:c.4874A>G
GRCh38:17:43071218:A:C	182163	180827	Ser1566Ala	NM_007294.4(BRCA1):c.4696T>G (p.Ser1566Ala)	ENST00000357654.9:c.4696T>G
GRCh38:17:43074367:A:T	182162	180828	Leu1547Met	NM_007294.4(BRCA1):c.4639T>A (p.Leu1547Met)	ENST00000357654.9:c.4639T>A
GRCh38:17:43082456:G:C	182080	180832	Asp1435Glu	NM_007294.4(BRCA1):c.4305C>G (p.Asp1435Glu)	ENST00000357654.9:c.4305C>G
GRCh38:17:43082575:G:T	182160	180834	Gln1396Lys	NM_007294.4(BRCA1):c.4186C>A (p.Gln1396Lys)	ENST00000357654.9:c.4186C>A
GRCh38:17:43091000:T:C	182159	180835	Ser1377Gly	NM_007294.4(BRCA1):c.4129A>G (p.Ser1377Gly)	ENST00000357654.9:c.4129A>G
GRCh38:17:43095891:G:A	182125	180886	Pro209Ser	NM_007294.4(BRCA1):c.625C>T (p.Pro209Ser)	ENST00000357654.9:c.625C>T
GRCh38:17:43045699:C:G	185265	184865	Gln1857His	NM_007294.4(BRCA1):c.5571G>C (p.Gln1857His)	ENST00000357654.9:c.5571G>C
GRCh38:17:43057091:G:C	185702	184882	His1746Gln	NM_007294.4(BRCA1):c.5238C>G (p.His1746Gln)	ENST00000357654.9:c.5238C>G
GRCh38:17:43071020:C:A	186979	184895	Val1632Leu	NM_007294.4(BRCA1):c.4894G>T (p.Val1632Leu)	ENST00000357654.9:c.4894G>T
GRCh38:17:43071049:G:C	185934	184897	Thr1622Ser	NM_007294.4(BRCA1):c.4865C>G (p.Thr1622Ser)	ENST00000357654.9:c.4865C>G
GRCh38:17:43071050:T:C	185243	184898	Thr1622Ala	NM_007294.4(BRCA1):c.4864A>G (p.Thr1622Ala)	ENST00000357654.9:c.4864A>G
GRCh38:17:43071078:C:G	185283	184901	Gln1612His	NM_007294.4(BRCA1):c.4836G>C (p.Gln1612His)	ENST00000357654.9:c.4836G>C
GRCh38:17:43071101:A:T	185823	184903	Leu1605Met	NM_007294.4(BRCA1):c.4813T>A (p.Leu1605Met)	ENST00000357654.9:c.4813T>A
GRCh38:17:43074342:C:T	185428	184912	Arg1555Lys	NM_007294.4(BRCA1):c.4664G>A (p.Arg1555Lys)	ENST00000357654.9:c.4664G>A
GRCh38:17:43074432:T:C	186994	184916	Gln1525Arg	NM_007294.4(BRCA1):c.4574A>G (p.Gln1525Arg)	ENST00000357654.9:c.4574A>G
GRCh38:17:43076537:C:G	187167	184921	Val1479Leu	NM_007294.4(BRCA1):c.4435G>C (p.Val1479Leu)	ENST00000357654.9:c.4435G>C
GRCh38:17:43076606:T:C	184974	184925	Thr1456Ala	NM_007294.4(BRCA1):c.4366A>G (p.Thr1456Ala)	ENST00000357654.9:c.4366A>G
GRCh38:17:43082442:T:C	185580	184927	Glu1440Gly	NM_007294.4(BRCA1):c.4319A>G (p.Glu1440Gly)	ENST00000357654.9:c.4319A>G
GRCh38:17:43090978:C:T	187199	184934	Gly1384Glu	NM_007294.4(BRCA1):c.4151G>A (p.Gly1384Glu)	ENST00000357654.9:c.4151G>A
GRCh38:17:43091018:C:G	185744	184937	Gly1371Arg	NM_007294.4(BRCA1):c.4111G>C (p.Gly1371Arg)	ENST00000357654.9:c.4111G>C
GRCh38:17:43095876:C:T	187522	185102	Asp214Asn	NM_007294.4(BRCA1):c.640G>A (p.Asp214Asn)	ENST00000357654.9:c.640G>A
GRCh38:17:43099792:G:C	187240	185108	Ser177Cys	NM_007294.4(BRCA1):c.530C>G (p.Ser177Cys)	ENST00000357654.9:c.530C>G
GRCh38:17:43104143:A:C	186399	185112	Ser140Arg	NM_007294.4(BRCA1):c.420T>G (p.Ser140Arg)	ENST00000357654.9:c.420T>G
GRCh38:17:43104147:T:C	185488	185113	Gln139Arg	NM_007294.4(BRCA1):c.416A>G (p.Gln139Arg)	ENST00000357654.9:c.416A>G
GRCh38:17:43104222:G:C	185998	185117	Ser114Cys	NM_007294.4(BRCA1):c.341C>G (p.Ser114Cys)	ENST00000357654.9:c.341C>G
GRCh38:17:43104247:T:G	186420	185118	Asn106His	NM_007294.4(BRCA1):c.316A>C (p.Asn106His)	ENST00000357654.9:c.316A>C
GRCh38:17:43104898:A:G	187707	185119	Cys91Arg	NM_007294.4(BRCA1):c.271T>C (p.Cys91Arg)	ENST00000357654.9:c.271T>C
GRCh38:17:43106483:G:C	185578	185126	Pro62Arg	NM_007294.4(BRCA1):c.185C>G (p.Pro62Arg)	ENST00000357654.9:c.185C>G
GRCh38:17:43124031:T:G	185882	185130	Leu22Phe	NM_007294.4(BRCA1):c.66A>C (p.Leu22Phe)	ENST00000357654.9:c.66A>C
GRCh38:17:43057069:C:T	188419	186536	Glu1754Lys	NM_007294.4(BRCA1):c.5260G>A (p.Glu1754Lys)	ENST00000357654.9:c.5260G>A
GRCh38:17:43063900:C:T	188417	186538	Gly1709Glu	NM_007294.4(BRCA1):c.5126G>A (p.Gly1709Glu)	ENST00000357654.9:c.5126G>A
GRCh38:17:43067640:G:A	188416	186539	Thr1681Ile	NM_007294.4(BRCA1):c.5042C>T (p.Thr1681Ile)	ENST00000357654.9:c.5042C>T
GRCh38:17:43070959:A:T	188415	186540	Met1652Lys	NM_007294.4(BRCA1):c.4955T>A (p.Met1652Lys)	ENST00000357654.9:c.4955T>A
GRCh38:17:43071073:G:A	216671	213308	Pro1614Leu	NM_007294.4(BRCA1):c.4841C>T (p.Pro1614Leu)	ENST00000357654.9:c.4841C>T
GRCh38:17:43071221:C:T	216670	213309	Glu1565Lys	NM_007294.4(BRCA1):c.4693G>A (p.Glu1565Lys)	ENST00000357654.9:c.4693G>A
GRCh38:17:43074465:G:A	216669	213310	Ser1514Phe	NM_007294.4(BRCA1):c.4541C>T (p.Ser1514Phe)	ENST00000357654.9:c.4541C>T
GRCh38:17:43082568:T:C	216667	213314	Asp1398Gly	NM_007294.4(BRCA1):c.4193A>G (p.Asp1398Gly)	ENST00000357654.9:c.4193A>G
GRCh38:17:43104153:A:G	216666	213333	Leu137Pro	NM_007294.4(BRCA1):c.410T>C (p.Leu137Pro)	ENST00000357654.9:c.410T>C
GRCh38:17:43104895:C:G	216657	213335	Ala92Pro	NM_007294.4(BRCA1):c.274G>C (p.Ala92Pro)	ENST00000357654.9:c.274G>C
GRCh38:17:43074365:C:A	219819	222654	Leu1547Phe	NM_007294.4(BRCA1):c.4641G>T (p.Leu1547Phe)	ENST00000357654.9:c.4641G>T
GRCh38:17:43074454:G:C	219563	222655	Gln1518Glu	NM_007294.4(BRCA1):c.4552C>G (p.Gln1518Glu)	ENST00000357654.9:c.4552C>G
GRCh38:17:43099857:T:G	219804	222677	Gln155His	NM_007294.4(BRCA1):c.465A>C (p.Gln155His)	ENST00000357654.9:c.465A>C
GRCh38:17:43045785:C:T	225731	227557	Glu1829Lys	NM_007294.4(BRCA1):c.5485G>A (p.Glu1829Lys)	ENST00000357654.9:c.5485G>A
GRCh38:17:43074336:T:C	225710	227559	Asp1557Gly	NM_007294.4(BRCA1):c.4670A>G (p.Asp1557Gly)	ENST00000357654.9:c.4670A>G
GRCh38:17:43047703:C:T	232037	235927	Gly1803Ser	NM_007294.4(BRCA1):c.5407G>A (p.Gly1803Ser)	ENST00000357654.9:c.5407G>A
GRCh38:17:43049156:C:T	234129	235929	Val1791Met	NM_007294.4(BRCA1):c.5371G>A (p.Val1791Met)	ENST00000357654.9:c.5371G>A
GRCh38:17:43049173:T:G	232897	235930	Gln1785Pro	NM_007294.4(BRCA1):c.5354A>C (p.Gln1785Pro)	ENST00000357654.9:c.5354A>C
GRCh38:17:43051108:C:G	234183	235933	Gly1763Arg	NM_007294.4(BRCA1):c.5287G>C (p.Gly1763Arg)	ENST00000357654.9:c.5287G>C
GRCh38:17:43057092:T:G	232790	235937	His1746Pro	NM_007294.4(BRCA1):c.5237A>C (p.His1746Pro)	ENST00000357654.9:c.5237A>C
GRCh38:17:43067652:G:A	233207	235947	Thr1677Ile	NM_007294.4(BRCA1):c.5030C>T (p.Thr1677Ile)	ENST00000357654.9:c.5030C>T
GRCh38:17:43070968:C:G	233593	235950	Arg1649Thr	NM_007294.4(BRCA1):c.4946G>C (p.Arg1649Thr)	ENST00000357654.9:c.4946G>C
GRCh38:17:43071187:T:C	231185	235957	Glu1576Gly	NM_007294.4(BRCA1):c.4727A>G (p.Glu1576Gly)	ENST00000357654.9:c.4727A>G
GRCh38:17:43074360:T:A	231176	235961	Glu1549Val	NM_007294.4(BRCA1):c.4646A>T (p.Glu1549Val)	ENST00000357654.9:c.4646A>T
GRCh38:17:43074400:C:G	233522	235962	Glu1536Gln	NM_007294.4(BRCA1):c.4606G>C (p.Glu1536Gln)	ENST00000357654.9:c.4606G>C
GRCh38:17:43074403:C:T	231268	235963	Glu1535Lys	NM_007294.4(BRCA1):c.4603G>A (p.Glu1535Lys)	ENST00000357654.9:c.4603G>A
GRCh38:17:43074454:G:T	232176	235965	Gln1518Lys	NM_007294.4(BRCA1):c.4552C>A (p.Gln1518Lys)	ENST00000357654.9:c.4552C>A
GRCh38:17:43076542:A:G	233654	235967	Phe1477Ser	NM_007294.4(BRCA1):c.4430T>C (p.Phe1477Ser)	ENST00000357654.9:c.4430T>C
GRCh38:17:43076549:C:A	234224	235968	Asp1475Tyr	NM_007294.4(BRCA1):c.4423G>T (p.Asp1475Tyr)	ENST00000357654.9:c.4423G>T
GRCh38:17:43082428:G:T	233854	235971	Pro1445Thr	NM_007294.4(BRCA1):c.4333C>A (p.Pro1445Thr)	ENST00000357654.9:c.4333C>A
GRCh38:17:43082457:T:C	234039	235972	Asp1435Gly	NM_007294.4(BRCA1):c.4304A>G (p.Asp1435Gly)	ENST00000357654.9:c.4304A>G
GRCh38:17:43082475:T:C	231566	235973	Tyr1429Cys	NM_007294.4(BRCA1):c.4286A>G (p.Tyr1429Cys)	ENST00000357654.9:c.4286A>G
GRCh38:17:43082493:C:A	233009	235974	Ser1423Ile	NM_007294.4(BRCA1):c.4268G>T (p.Ser1423Ile)	ENST00000357654.9:c.4268G>T
GRCh38:17:43082503:G:C	230483	235975	Gln1420Glu	NM_007294.4(BRCA1):c.4258C>G (p.Gln1420Glu)	ENST00000357654.9:c.4258C>G
GRCh38:17:43082565:G:C	230250	235977	Thr1399Ser	NM_007294.4(BRCA1):c.4196C>G (p.Thr1399Ser)	ENST00000357654.9:c.4196C>G
GRCh38:17:43082569:C:A	233320	235978	Asp1398Tyr	NM_007294.4(BRCA1):c.4192G>T (p.Asp1398Tyr)	ENST00000357654.9:c.4192G>T
GRCh38:17:43091032:C:T	234236	235982	Gly1366Asp	NM_007294.4(BRCA1):c.4097G>A (p.Gly1366Asp)	ENST00000357654.9:c.4097G>A
GRCh38:17:43095861:C:G	234087	236157	Asp219His	NM_007294.4(BRCA1):c.655G>C (p.Asp219His)	ENST00000357654.9:c.655G>C
GRCh38:17:43099789:A:T	232937	236158	Val178Asp	NM_007294.4(BRCA1):c.533T>A (p.Val178Asp)	ENST00000357654.9:c.533T>A
GRCh38:17:43099844:C:T	233928	236161	Gly160Arg	NM_007294.4(BRCA1):c.478G>A (p.Gly160Arg)	ENST00000357654.9:c.478G>A
GRCh38:17:43099856:G:T	233464	236162	Leu156Ile	NM_007294.4(BRCA1):c.466C>A (p.Leu156Ile)	ENST00000357654.9:c.466C>A
GRCh38:17:43099857:T:A	232297	236163	Gln155His	NM_007294.4(BRCA1):c.465A>T (p.Gln155His)	ENST00000357654.9:c.465A>T
GRCh38:17:43099877:C:T	230088	236165	Glu149Lys	NM_007294.4(BRCA1):c.445G>A (p.Glu149Lys)	ENST00000357654.9:c.445G>A
GRCh38:17:43099880:G:T	233408	236167	Gln148Lys	NM_007294.4(BRCA1):c.442C>A (p.Gln148Lys)	ENST00000357654.9:c.442C>A
GRCh38:17:43104124:A:C	230275	236168	Leu147Val	NM_007294.4(BRCA1):c.439T>G (p.Leu147Val)	ENST00000357654.9:c.439T>G
GRCh38:17:43104136:C:G	232628	236169	Glu143Gln	NM_007294.4(BRCA1):c.427G>C (p.Glu143Gln)	ENST00000357654.9:c.427G>C
GRCh38:17:43104211:G:C	231713	236170	Leu118Val	NM_007294.4(BRCA1):c.352C>G (p.Leu118Val)	ENST00000357654.9:c.352C>G
GRCh38:17:43104219:G:A	232058	236171	Pro115Leu	NM_007294.4(BRCA1):c.344C>T (p.Pro115Leu)	ENST00000357654.9:c.344C>T
GRCh38:17:43124028:C:G	232427	236183	Glu23Asp	NM_007294.4(BRCA1):c.69G>C (p.Glu23Asp)	ENST00000357654.9:c.69G>C
GRCh38:17:43063912:A:C	240816	242762	Leu1705Arg	NM_007294.4(BRCA1):c.5114T>G (p.Leu1705Arg)	ENST00000357654.9:c.5114T>G
GRCh38:17:43063940:C:A	240813	242765	Val1696Leu	NM_007294.4(BRCA1):c.5086G>T (p.Val1696Leu)	ENST00000357654.9:c.5086G>T
GRCh38:17:43082520:A:G	240801	242777	Leu1414Pro	NM_007294.4(BRCA1):c.4241T>C (p.Leu1414Pro)	ENST00000357654.9:c.4241T>C
GRCh38:17:43082556:T:G	240800	242778	His1402Pro	NM_007294.4(BRCA1):c.4205A>C (p.His1402Pro)	ENST00000357654.9:c.4205A>C
GRCh38:17:43097286:G:A	240825	242810	Ser184Phe	NM_007294.4(BRCA1):c.551C>T (p.Ser184Phe)	ENST00000357654.9:c.551C>T
GRCh38:17:43104193:T:G	240796	242812	Ile124Leu	NM_007294.4(BRCA1):c.370A>C (p.Ile124Leu)	ENST00000357654.9:c.370A>C
GRCh38:17:43104235:T:C	240790	242814	Lys110Glu	NM_007294.4(BRCA1):c.328A>G (p.Lys110Glu)	ENST00000357654.9:c.328A>G
GRCh38:17:43104244:A:T	240788	242815	Phe107Ile	NM_007294.4(BRCA1):c.319T>A (p.Phe107Ile)	ENST00000357654.9:c.319T>A
GRCh38:17:43045699:C:A	246518	245017	Gln1857His	NM_007294.4(BRCA1):c.5571G>T (p.Gln1857His)	ENST00000357654.9:c.5571G>T
GRCh38:17:43071062:G:T	245717	245026	His1618Asn	NM_007294.4(BRCA1):c.4852C>A (p.His1618Asn)	ENST00000357654.9:c.4852C>A
GRCh38:17:43071232:G:T	246219	245027	Thr1561Asn	NM_007294.4(BRCA1):c.4682C>A (p.Thr1561Asn)	ENST00000357654.9:c.4682C>A
GRCh38:17:43082508:A:G	246517	245030	Leu1418Ser	NM_007294.4(BRCA1):c.4253T>C (p.Leu1418Ser)	ENST00000357654.9:c.4253T>C
GRCh38:17:43082520:A:C	245779	245031	Leu1414Arg	NM_007294.4(BRCA1):c.4241T>G (p.Leu1414Arg)	ENST00000357654.9:c.4241T>G
GRCh38:17:43091030:C:T	245679	245032	Glu1367Lys	NM_007294.4(BRCA1):c.4099G>A (p.Glu1367Lys)	ENST00000357654.9:c.4099G>A
GRCh38:17:43051066:T:A	252402	246809	Thr1777Ser	NM_007294.4(BRCA1):c.5329A>T (p.Thr1777Ser)	ENST00000357654.9:c.5329A>T
GRCh38:17:43076514:A:C	252387	246816	Ser1486Arg	NM_007294.4(BRCA1):c.4458T>G (p.Ser1486Arg)	ENST00000357654.9:c.4458T>G
GRCh38:17:43082488:G:C	252398	246818	Pro1425Ala	NM_007294.4(BRCA1):c.4273C>G (p.Pro1425Ala)	ENST00000357654.9:c.4273C>G
GRCh38:17:43106496:G:A	252393	246829	Pro58Ser	NM_007294.4(BRCA1):c.172C>T (p.Pro58Ser)	ENST00000357654.9:c.172C>T
GRCh38:17:43115757:C:A	252386	246832	Val35Phe	NM_007294.4(BRCA1):c.103G>T (p.Val35Phe)	ENST00000357654.9:c.103G>T
GRCh38:17:43095899:T:G	252888	247289	Gln206Pro	NM_007294.4(BRCA1):c.617A>C (p.Gln206Pro)	ENST00000357654.9:c.617A>C
GRCh38:17:43071094:A:G	4751061	262102	Val1607Ala	NM_007294.4(BRCA1):c.4820T>C (p.Val1607Ala)	ENST00000357654.9:c.4820T>C
GRCh38:17:43104927:T:A	267217	262105	Gln81Leu	NM_007294.4(BRCA1):c.242A>T (p.Gln81Leu)	ENST00000357654.9:c.242A>T
GRCh38:17:43104129:G:A	279704	265016	Pro145Leu	NM_007294.4(BRCA1):c.434C>T (p.Pro145Leu)	ENST00000357654.9:c.434C>T
GRCh38:17:43067676:G:A	373827	360717	Ala1669Val	NM_007294.4(BRCA1):c.5006C>T (p.Ala1669Val)	ENST00000357654.9:c.5006C>T
GRCh38:17:43047687:A:T	409308	401949	Val1808Glu	NM_007294.4(BRCA1):c.5423T>A (p.Val1808Glu)	ENST00000357654.9:c.5423T>A
GRCh38:17:43063940:C:T	409346	401983	Val1696Met	NM_007294.4(BRCA1):c.5086G>A (p.Val1696Met)	ENST00000357654.9:c.5086G>A
GRCh38:17:43071188:C:T	409355	402046	Glu1576Lys	NM_007294.4(BRCA1):c.4726G>A (p.Glu1576Lys)	ENST00000357654.9:c.4726G>A
GRCh38:17:43074337:C:A	409325	402048	Asp1557Tyr	NM_007294.4(BRCA1):c.4669G>T (p.Asp1557Tyr)	ENST00000357654.9:c.4669G>T
GRCh38:17:43095911:T:G	409373	402078	Gln202Pro	NM_007294.4(BRCA1):c.605A>C (p.Gln202Pro)	ENST00000357654.9:c.605A>C
GRCh38:17:43094860:G:A	409319	402130	Ala224Val	NM_007294.4(BRCA1):c.671C>T (p.Ala224Val)	ENST00000357654.9:c.671C>T
GRCh38:17:43099856:G:A	409330	402140	Leu156Phe	NM_007294.4(BRCA1):c.466C>T (p.Leu156Phe)	ENST00000357654.9:c.466C>T
GRCh38:17:43104126:G:A	409358	402146	Ser146Phe	NM_007294.4(BRCA1):c.437C>T (p.Ser146Phe)	ENST00000357654.9:c.437C>T
GRCh38:17:43106468:T:A	409307	402154	Asp67Val	NM_007294.4(BRCA1):c.200A>T (p.Asp67Val)	ENST00000357654.9:c.200A>T
GRCh38:17:43045698:T:A	409352	402454	Ile1858Phe	NM_007294.4(BRCA1):c.5572A>T (p.Ile1858Phe)	ENST00000357654.9:c.5572A>T
GRCh38:17:43099778:A:T	409323	402549	Leu182Met	NM_007294.4(BRCA1):c.544T>A (p.Leu182Met)	ENST00000357654.9:c.544T>A
GRCh38:17:43106513:A:G	409340	402567	Leu52Pro	NM_007294.4(BRCA1):c.155T>C (p.Leu52Pro)	ENST00000357654.9:c.155T>C
GRCh38:17:43071163:G:A	409295	402645	Ala1584Val	NM_007294.4(BRCA1):c.4751C>T (p.Ala1584Val)	ENST00000357654.9:c.4751C>T
GRCh38:17:43074390:A:G	409342	402650	Leu1539Pro	NM_007294.4(BRCA1):c.4616T>C (p.Leu1539Pro)	ENST00000357654.9:c.4616T>C
GRCh38:17:43099795:G:A	409326	402741	Thr176Met	NM_007294.4(BRCA1):c.527C>T (p.Thr176Met)	ENST00000357654.9:c.527C>T
GRCh38:17:43045748:C:G	423044	409941	Ser1841Thr	NM_007294.4(BRCA1):c.5522G>C (p.Ser1841Thr)	ENST00000357654.9:c.5522G>C
GRCh38:17:43063347:T:G	418072	409948	Lys1727Gln	NM_007294.4(BRCA1):c.5179A>C (p.Lys1727Gln)	ENST00000357654.9:c.5179A>C
GRCh38:17:43063882:C:A	422674	409951	Ser1715Ile	NM_007294.4(BRCA1):c.5144G>T (p.Ser1715Ile)	ENST00000357654.9:c.5144G>T
GRCh38:17:43063906:A:C	422989	409953	Ile1707Ser	NM_007294.4(BRCA1):c.5120T>G (p.Ile1707Ser)	ENST00000357654.9:c.5120T>G
GRCh38:17:43071062:G:A	418981	409957	His1618Tyr	NM_007294.4(BRCA1):c.4852C>T (p.His1618Tyr)	ENST00000357654.9:c.4852C>T
GRCh38:17:43071106:G:A	419702	409958	Pro1603Leu	NM_007294.4(BRCA1):c.4808C>T (p.Pro1603Leu)	ENST00000357654.9:c.4808C>T
GRCh38:17:43074477:A:G	420259	409963	Met1510Thr	NM_007294.4(BRCA1):c.4529T>C (p.Met1510Thr)	ENST00000357654.9:c.4529T>C
GRCh38:17:43074521:C:G	419384	409965	Arg1495Ser	NM_007294.4(BRCA1):c.4485G>C (p.Arg1495Ser)	ENST00000357654.9:c.4485G>C
GRCh38:17:43076576:T:A	420981	409967	Ser1466Cys	NM_007294.4(BRCA1):c.4396A>T (p.Ser1466Cys)	ENST00000357654.9:c.4396A>T
GRCh38:17:43090981:G:A	418953	409969	Ser1383Leu	NM_007294.4(BRCA1):c.4148C>T (p.Ser1383Leu)	ENST00000357654.9:c.4148C>T
GRCh38:17:43091027:C:T	423494	409971	Ala1368Thr	NM_007294.4(BRCA1):c.4102G>A (p.Ala1368Thr)	ENST00000357654.9:c.4102G>A
GRCh38:17:43097287:A:T	421643	410025	Ser184Thr	NM_007294.4(BRCA1):c.550T>A (p.Ser184Thr)	ENST00000357654.9:c.550T>A
GRCh38:17:43099862:C:T	418595	410028	Val154Ile	NM_007294.4(BRCA1):c.460G>A (p.Val154Ile)	ENST00000357654.9:c.460G>A
GRCh38:17:43104180:A:G	418065	410031	Met128Thr	NM_007294.4(BRCA1):c.383T>C (p.Met128Thr)	ENST00000357654.9:c.383T>C
GRCh38:17:43076531:C:T	431186	424712	Ala1481Thr	NM_007294.4(BRCA1):c.4441G>A (p.Ala1481Thr)	ENST00000357654.9:c.4441G>A
GRCh38:17:43051070:C:T	431278	424786	Met1775Ile	NM_007294.4(BRCA1):c.5325G>A (p.Met1775Ile)	ENST00000357654.9:c.5325G>A
GRCh38:17:43071175:G:T	431267	424796	Ser1580Tyr	NM_007294.4(BRCA1):c.4739C>A (p.Ser1580Tyr)	ENST00000357654.9:c.4739C>A
GRCh38:17:43104122:C:A	431199	424863	Leu147Phe	NM_007294.4(BRCA1):c.441G>T (p.Leu147Phe)	ENST00000357654.9:c.441G>T
GRCh38:17:43124035:A:C	431195	424867	Ile21Ser	NM_007294.4(BRCA1):c.62T>G (p.Ile21Ser)	ENST00000357654.9:c.62T>G
GRCh38:17:43099775:C:G	431353	424886	Gly183Arg	NM_007294.4(BRCA1):c.547G>C (p.Gly183Arg)	ENST00000357654.9:c.547G>C
GRCh38:17:43049155:A:T	433732	427524	Val1791Glu	NM_007294.4(BRCA1):c.5372T>A (p.Val1791Glu)	ENST00000357654.9:c.5372T>A
GRCh38:17:43076579:T:G	433714	427544	Ile1465Leu	NM_007294.4(BRCA1):c.4393A>C (p.Ile1465Leu)	ENST00000357654.9:c.4393A>C
GRCh38:17:43076587:T:C	433713	427545	Glu1462Gly	NM_007294.4(BRCA1):c.4385A>G (p.Glu1462Gly)	ENST00000357654.9:c.4385A>G
GRCh38:17:43076612:C:T	433712	427546	Val1454Ile	NM_007294.4(BRCA1):c.4360G>A (p.Val1454Ile)	ENST00000357654.9:c.4360G>A
GRCh38:17:43082443:C:G	433710	427548	Glu1440Gln	NM_007294.4(BRCA1):c.4318G>C (p.Glu1440Gln)	ENST00000357654.9:c.4318G>C
GRCh38:17:43104127:A:G	433691	427567	Ser146Pro	NM_007294.4(BRCA1):c.436T>C (p.Ser146Pro)	ENST00000357654.9:c.436T>C
GRCh38:17:43104251:G:T	433689	427569	Ser104Arg	NM_007294.4(BRCA1):c.312C>A (p.Ser104Arg)	ENST00000357654.9:c.312C>A
GRCh38:17:43106516:A:G	433685	427573	Leu51Pro	NM_007294.4(BRCA1):c.152T>C (p.Leu51Pro)	ENST00000357654.9:c.152T>C
GRCh38:17:43063916:A:G	440479	432896	Phe1704Leu	NM_007294.4(BRCA1):c.5110T>C (p.Phe1704Leu)	ENST00000357654.9:c.5110T>C
GRCh38:17:43076538:C:G	440475	432899	Glu1478Asp	NM_007294.4(BRCA1):c.4434G>C (p.Glu1478Asp)	ENST00000357654.9:c.4434G>C
GRCh38:17:43082424:T:G	440473	432901	Glu1446Ala	NM_007294.4(BRCA1):c.4337A>C (p.Glu1446Ala)	ENST00000357654.9:c.4337A>C
GRCh38:17:43091007:A:T	440472	432902	Ser1374Arg	NM_007294.4(BRCA1):c.4122T>A (p.Ser1374Arg)	ENST00000357654.9:c.4122T>A
GRCh38:17:43104153:A:T	440471	432925	Leu137His	NM_007294.4(BRCA1):c.410T>A (p.Leu137His)	ENST00000357654.9:c.410T>A
GRCh38:17:43124066:C:G	438922	432927	Val11Leu	NM_007294.4(BRCA1):c.31G>C (p.Val11Leu)	ENST00000357654.9:c.31G>C
GRCh38:17:43045716:T:C	441287	435102	Thr1852Ala	NM_007294.4(BRCA1):c.5554A>G (p.Thr1852Ala)	ENST00000357654.9:c.5554A>G
GRCh38:17:43071035:C:T	441357	435107	Ala1627Thr	NM_007294.4(BRCA1):c.4879G>A (p.Ala1627Thr)	ENST00000357654.9:c.4879G>A
GRCh38:17:43071131:A:G	441500	435109	Ser1595Pro	NM_007294.4(BRCA1):c.4783T>C (p.Ser1595Pro)	ENST00000357654.9:c.4783T>C
GRCh38:17:43071214:C:A	441380	435110	Gly1567Val	NM_007294.4(BRCA1):c.4700G>T (p.Gly1567Val)	ENST00000357654.9:c.4700G>T
GRCh38:17:43074337:C:T	441446	435112	Asp1557Asn	NM_007294.4(BRCA1):c.4669G>A (p.Asp1557Asn)	ENST00000357654.9:c.4669G>A
GRCh38:17:43074339:T:C	441427	435113	Gln1556Arg	NM_007294.4(BRCA1):c.4667A>G (p.Gln1556Arg)	ENST00000357654.9:c.4667A>G
GRCh38:17:43074409:C:A	441437	435114	Asp1533Tyr	NM_007294.4(BRCA1):c.4597G>T (p.Asp1533Tyr)	ENST00000357654.9:c.4597G>T
GRCh38:17:43074409:C:T	441499	435115	Asp1533Asn	NM_007294.4(BRCA1):c.4597G>A (p.Asp1533Asn)	ENST00000357654.9:c.4597G>A
GRCh38:17:43074435:G:C	441520	435116	Ser1524Cys	NM_007294.4(BRCA1):c.4571C>G (p.Ser1524Cys)	ENST00000357654.9:c.4571C>G
GRCh38:17:43074456:A:G	441429	435117	Leu1517Pro	NM_007294.4(BRCA1):c.4550T>C (p.Leu1517Pro)	ENST00000357654.9:c.4550T>C
GRCh38:17:43074480:T:C	441381	435118	Tyr1509Cys	NM_007294.4(BRCA1):c.4526A>G (p.Tyr1509Cys)	ENST00000357654.9:c.4526A>G
GRCh38:17:43076501:G:T	441439	435119	Pro1491Thr	NM_007294.4(BRCA1):c.4471C>A (p.Pro1491Thr)	ENST00000357654.9:c.4471C>A
GRCh38:17:43076523:A:T	441497	435120	Ser1483Arg	NM_007294.4(BRCA1):c.4449T>A (p.Ser1483Arg)	ENST00000357654.9:c.4449T>A
GRCh38:17:43076525:T:G	441440	435121	Ser1483Arg	NM_007294.4(BRCA1):c.4447A>C (p.Ser1483Arg)	ENST00000357654.9:c.4447A>C
GRCh38:17:43082507:T:A	441391	435122	Leu1418Phe	NM_007294.4(BRCA1):c.4254A>T (p.Leu1418Phe)	ENST00000357654.9:c.4254A>T
GRCh38:17:43091435:C:G	441362	435123	Gly1366Arg	NM_007294.4(BRCA1):c.4096G>C (p.Gly1366Arg)	ENST00000357654.9:c.4096G>C
GRCh38:17:43104259:C:T	441426	435174	Ala102Thr	NM_007294.4(BRCA1):c.304G>A (p.Ala102Thr)	ENST00000357654.9:c.304G>A
GRCh38:17:43115732:A:G	441341	435179	Phe43Ser	NM_007294.4(BRCA1):c.128T>C (p.Phe43Ser)	ENST00000357654.9:c.128T>C
GRCh38:17:43115733:A:G	441319	435180	Phe43Leu	NM_007294.4(BRCA1):c.127T>C (p.Phe43Leu)	ENST00000357654.9:c.127T>C
GRCh38:17:43082518:C:T	462639	466847	Glu1415Lys	NM_007294.4(BRCA1):c.4243G>A (p.Glu1415Lys)	ENST00000357654.9:c.4243G>A
GRCh38:17:43090949:T:G	462637	466853	Thr1394Pro	NM_007294.4(BRCA1):c.4180A>C (p.Thr1394Pro)	ENST00000357654.9:c.4180A>C
GRCh38:17:43095876:C:A	462682	466909	Asp214Tyr	NM_007294.4(BRCA1):c.640G>T (p.Asp214Tyr)	ENST00000357654.9:c.640G>T
GRCh38:17:43104201:T:C	462617	466916	Glu121Gly	NM_007294.4(BRCA1):c.362A>G (p.Glu121Gly)	ENST00000357654.9:c.362A>G
GRCh38:17:43104220:G:T	462611	466917	Pro115Thr	NM_007294.4(BRCA1):c.343C>A (p.Pro115Thr)	ENST00000357654.9:c.343C>A
GRCh38:17:43071043:C:T	462656	467679	Gly1624Glu	NM_007294.4(BRCA1):c.4871G>A (p.Gly1624Glu)	ENST00000357654.9:c.4871G>A
GRCh38:17:43071142:C:T	462655	467682	Gly1591Asp	NM_007294.4(BRCA1):c.4772G>A (p.Gly1591Asp)	ENST00000357654.9:c.4772G>A
GRCh38:17:43082469:G:A	462643	467687	Ser1431Phe	NM_007294.4(BRCA1):c.4292C>T (p.Ser1431Phe)	ENST00000357654.9:c.4292C>T
GRCh38:17:43090957:A:C	462636	467688	Ile1391Ser	NM_007294.4(BRCA1):c.4172T>G (p.Ile1391Ser)	ENST00000357654.9:c.4172T>G
GRCh38:17:43090961:C:T	462635	467689	Asp1390Asn	NM_007294.4(BRCA1):c.4168G>A (p.Asp1390Asn)	ENST00000357654.9:c.4168G>A
GRCh38:17:43104178:C:A	462625	467776	Gly129Cys	NM_007294.4(BRCA1):c.385G>T (p.Gly129Cys)	ENST00000357654.9:c.385G>T
GRCh38:17:43104178:C:T	462624	467777	Gly129Ser	NM_007294.4(BRCA1):c.385G>A (p.Gly129Ser)	ENST00000357654.9:c.385G>A
GRCh38:17:43045685:T:C	462678	467871	His1862Arg	NM_007294.4(BRCA1):c.5585A>G (p.His1862Arg)	ENST00000357654.9:c.5585A>G
GRCh38:17:43045695:G:T	462676	468106	Pro1859Thr	NM_007294.4(BRCA1):c.5575C>A (p.Pro1859Thr)	ENST00000357654.9:c.5575C>A
GRCh38:17:43082496:C:T	462642	468128	Gly1422Glu	NM_007294.4(BRCA1):c.4265G>A (p.Gly1422Glu)	ENST00000357654.9:c.4265G>A
GRCh38:17:43082512:C:T	462641	468129	Val1417Met	NM_007294.4(BRCA1):c.4249G>A (p.Val1417Met)	ENST00000357654.9:c.4249G>A
GRCh38:17:43082518:C:G	462640	468136	Glu1415Gln	NM_007294.4(BRCA1):c.4243G>C (p.Glu1415Gln)	ENST00000357654.9:c.4243G>C
GRCh38:17:43104928:G:C	462586	468250	Gln81Glu	NM_007294.4(BRCA1):c.241C>G (p.Gln81Glu)	ENST00000357654.9:c.241C>G
GRCh38:17:43071076:C:T	481463	478526	Ser1613Asn	NM_007294.4(BRCA1):c.4838G>A (p.Ser1613Asn)	ENST00000357654.9:c.4838G>A
GRCh38:17:43074415:C:T	485392	478529	Val1531Ile	NM_007294.4(BRCA1):c.4591G>A (p.Val1531Ile)	ENST00000357654.9:c.4591G>A
GRCh38:17:43074493:C:G	479215	478532	Asp1505His	NM_007294.4(BRCA1):c.4513G>C (p.Asp1505His)	ENST00000357654.9:c.4513G>C
GRCh38:17:43076552:C:T	481446	478538	Ala1474Thr	NM_007294.4(BRCA1):c.4420G>A (p.Ala1474Thr)	ENST00000357654.9:c.4420G>A
GRCh38:17:43076596:T:C	479194	478539	Lys1459Arg	NM_007294.4(BRCA1):c.4376A>G (p.Lys1459Arg)	ENST00000357654.9:c.4376A>G
GRCh38:17:43076614:G:A	481452	478540	Ala1453Val	NM_007294.4(BRCA1):c.4358C>T (p.Ala1453Val)	ENST00000357654.9:c.4358C>T
GRCh38:17:43082410:C:T	482942	478544	Glu1451Lys	NM_007294.4(BRCA1):c.4351G>A (p.Glu1451Lys)	ENST00000357654.9:c.4351G>A
GRCh38:17:43047673:C:A	479266	478553	Asp1813Tyr	NM_007294.4(BRCA1):c.5437G>T (p.Asp1813Tyr)	ENST00000357654.9:c.5437G>T
GRCh38:17:43047677:C:G	479210	478556	Gln1811His	NM_007294.4(BRCA1):c.5433G>C (p.Gln1811His)	ENST00000357654.9:c.5433G>C
GRCh38:17:43063337:T:A	485403	478562	Asn1730Ile	NM_007294.4(BRCA1):c.5189A>T (p.Asn1730Ile)	ENST00000357654.9:c.5189A>T
GRCh38:17:43071061:T:C	482919	478576	His1618Arg	NM_007294.4(BRCA1):c.4853A>G (p.His1618Arg)	ENST00000357654.9:c.4853A>G
GRCh38:17:43074423:A:G	481486	478599	Leu1528Pro	NM_007294.4(BRCA1):c.4583T>C (p.Leu1528Pro)	ENST00000357654.9:c.4583T>C
GRCh38:17:43074438:G:A	482903	478601	Pro1523Leu	NM_007294.4(BRCA1):c.4568C>T (p.Pro1523Leu)	ENST00000357654.9:c.4568C>T
GRCh38:17:43074476:C:T	482904	478614	Met1510Ile	NM_007294.4(BRCA1):c.4530G>A (p.Met1510Ile)	ENST00000357654.9:c.4530G>A
GRCh38:17:43074513:G:C	485378	478622	Pro1498Arg	NM_007294.4(BRCA1):c.4493C>G (p.Pro1498Arg)	ENST00000357654.9:c.4493C>G
GRCh38:17:43076491:T:C	481436	478633	Glu1494Gly	NM_007294.4(BRCA1):c.4481A>G (p.Glu1494Gly)	ENST00000357654.9:c.4481A>G
GRCh38:17:43049153:C:G	485397	478648	Val1792Leu	NM_007294.4(BRCA1):c.5374G>C (p.Val1792Leu)	ENST00000357654.9:c.5374G>C
GRCh38:17:43071113:T:G	481187	478668	Lys1601Gln	NM_007294.4(BRCA1):c.4801A>C (p.Lys1601Gln)	ENST00000357654.9:c.4801A>C
GRCh38:17:43074334:G:C	479263	478672	Leu1558Val	NM_007294.4(BRCA1):c.4672C>G (p.Leu1558Val)	ENST00000357654.9:c.4672C>G
GRCh38:17:43076502:T:A	482951	478676	Glu1490Asp	NM_007294.4(BRCA1):c.4470A>T (p.Glu1490Asp)	ENST00000357654.9:c.4470A>T
GRCh38:17:43076560:C:A	485391	478680	Gly1471Val	NM_007294.4(BRCA1):c.4412G>T (p.Gly1471Val)	ENST00000357654.9:c.4412G>T
GRCh38:17:43082538:T:C	481440	478683	Gln1408Arg	NM_007294.4(BRCA1):c.4223A>G (p.Gln1408Arg)	ENST00000357654.9:c.4223A>G
GRCh38:17:43082541:A:C	481429	478688	Leu1407Arg	NM_007294.4(BRCA1):c.4220T>G (p.Leu1407Arg)	ENST00000357654.9:c.4220T>G
GRCh38:17:43099790:C:G	479255	478716	Val178Leu	NM_007294.4(BRCA1):c.532G>C (p.Val178Leu)	ENST00000357654.9:c.532G>C
GRCh38:17:43104238:T:C	479247	478721	Lys109Glu	NM_007294.4(BRCA1):c.325A>G (p.Lys109Glu)	ENST00000357654.9:c.325A>G
GRCh38:17:43099793:A:T	481474	478798	Ser177Thr	NM_007294.4(BRCA1):c.529T>A (p.Ser177Thr)	ENST00000357654.9:c.529T>A
GRCh38:17:43106499:C:T	482934	478819	Gly57Arg	NM_007294.4(BRCA1):c.169G>A (p.Gly57Arg)	ENST00000357654.9:c.169G>A
GRCh38:17:43106518:T:A	479269	478822	Lys50Asn	NM_007294.4(BRCA1):c.150A>T (p.Lys50Asn)	ENST00000357654.9:c.150A>T
GRCh38:17:43124049:A:T	479225	478851	Asn16Lys	NM_007294.4(BRCA1):c.48T>A (p.Asn16Lys)	ENST00000357654.9:c.48T>A
GRCh38:17:43099807:T:C	482899	478872	Gln172Arg	NM_007294.4(BRCA1):c.515A>G (p.Gln172Arg)	ENST00000357654.9:c.515A>G
GRCh38:17:43099838:C:T	479271	478879	Val162Met	NM_007294.4(BRCA1):c.484G>A (p.Val162Met)	ENST00000357654.9:c.484G>A
GRCh38:17:43057074:G:C	482908	479253	Ala1752Gly	NM_007294.4(BRCA1):c.5255C>G (p.Ala1752Gly)	ENST00000357654.9:c.5255C>G
GRCh38:17:43063906:A:G	481464	479263	Ile1707Thr	NM_007294.4(BRCA1):c.5120T>C (p.Ile1707Thr)	ENST00000357654.9:c.5120T>C
GRCh38:17:43067617:T:C	481444	479275	Met1689Val	NM_007294.4(BRCA1):c.5065A>G (p.Met1689Val)	ENST00000357654.9:c.5065A>G
GRCh38:17:43071145:A:G	479272	479299	Val1590Ala	NM_007294.4(BRCA1):c.4769T>C (p.Val1590Ala)	ENST00000357654.9:c.4769T>C
GRCh38:17:43071201:G:C	481193	479300	Phe1571Leu	NM_007294.4(BRCA1):c.4713C>G (p.Phe1571Leu)	ENST00000357654.9:c.4713C>G
GRCh38:17:43074359:T:G	482929	479303	Glu1549Asp	NM_007294.4(BRCA1):c.4647A>C (p.Glu1549Asp)	ENST00000357654.9:c.4647A>C
GRCh38:17:43074447:C:G	482932	479310	Arg1520Thr	NM_007294.4(BRCA1):c.4559G>C (p.Arg1520Thr)	ENST00000357654.9:c.4559G>C
GRCh38:17:43076526:A:C	481168	479312	Asp1482Glu	NM_007294.4(BRCA1):c.4446T>G (p.Asp1482Glu)	ENST00000357654.9:c.4446T>G
GRCh38:17:43095877:C:A	480992	479487	Arg213Ser	NM_007294.4(BRCA1):c.639G>T (p.Arg213Ser)	ENST00000357654.9:c.639G>T
GRCh38:17:43095900:G:C	482902	479519	Gln206Glu	NM_007294.4(BRCA1):c.616C>G (p.Gln206Glu)	ENST00000357654.9:c.616C>G
GRCh38:17:43099784:T:G	482943	479523	Ile180Leu	NM_007294.4(BRCA1):c.538A>C (p.Ile180Leu)	ENST00000357654.9:c.538A>C
GRCh38:17:43099831:G:A	482962	479525	Thr164Ile	NM_007294.4(BRCA1):c.491C>T (p.Thr164Ile)	ENST00000357654.9:c.491C>T
GRCh38:17:43104177:C:A	481476	479543	Gly129Val	NM_007294.4(BRCA1):c.386G>T (p.Gly129Val)	ENST00000357654.9:c.386G>T
GRCh38:17:43104214:G:A	481456	479545	His117Tyr	NM_007294.4(BRCA1):c.349C>T (p.His117Tyr)	ENST00000357654.9:c.349C>T
GRCh38:17:43104220:G:A	482958	479546	Pro115Ser	NM_007294.4(BRCA1):c.343C>T (p.Pro115Ser)	ENST00000357654.9:c.343C>T
GRCh38:17:43047672:T:A	489733	482925	Asp1813Val	NM_007294.4(BRCA1):c.5438A>T (p.Asp1813Val)	ENST00000357654.9:c.5438A>T
GRCh38:17:43071070:G:A	489725	482935	Ala1615Val	NM_007294.4(BRCA1):c.4844C>T (p.Ala1615Val)	ENST00000357654.9:c.4844C>T
GRCh38:17:43071215:C:T	489723	482938	Gly1567Arg	NM_007294.4(BRCA1):c.4699G>A (p.Gly1567Arg)	ENST00000357654.9:c.4699G>A
GRCh38:17:43082527:C:A	489722	482945	Ala1412Ser	NM_007294.4(BRCA1):c.4234G>T (p.Ala1412Ser)	ENST00000357654.9:c.4234G>T
GRCh38:17:43047687:A:C	489732	482983	Val1808Gly	NM_007294.4(BRCA1):c.5423T>G (p.Val1808Gly)	ENST00000357654.9:c.5423T>G
GRCh38:17:43104868:A:G	489713	482998	Tyr101His	NM_007294.4(BRCA1):c.301T>C (p.Tyr101His)	ENST00000357654.9:c.301T>C
GRCh38:17:43124048:C:A	489728	483006	Ala17Ser	NM_007294.4(BRCA1):c.49G>T (p.Ala17Ser)	ENST00000357654.9:c.49G>T
GRCh38:17:43071133:G:T	489724	483017	Pro1594Gln	NM_007294.4(BRCA1):c.4781C>A (p.Pro1594Gln)	ENST00000357654.9:c.4781C>A
GRCh38:17:43063361:G:T	491098	484900	Ser1722Tyr	NM_007294.4(BRCA1):c.5165C>A (p.Ser1722Tyr)	ENST00000357654.9:c.5165C>A
GRCh38:17:43097275:C:T	491178	484960	Glu188Lys	NM_007294.4(BRCA1):c.562G>A (p.Glu188Lys)	ENST00000357654.9:c.562G>A
GRCh38:17:43071184:G:A	491086	485065	Ser1577Phe	NM_007294.4(BRCA1):c.4730C>T (p.Ser1577Phe)	ENST00000357654.9:c.4730C>T
GRCh38:17:43074457:G:C	491082	485070	Leu1517Val	NM_007294.4(BRCA1):c.4549C>G (p.Leu1517Val)	ENST00000357654.9:c.4549C>G
GRCh38:17:43082515:C:T	491073	485077	Ala1416Thr	NM_007294.4(BRCA1):c.4246G>A (p.Ala1416Thr)	ENST00000357654.9:c.4246G>A
GRCh38:17:43057110:A:G	491102	485085	Val1740Ala	NM_007294.4(BRCA1):c.5219T>C (p.Val1740Ala)	ENST00000357654.9:c.5219T>C
GRCh38:17:43071052:T:G	491088	485099	Asp1621Ala	NM_007294.4(BRCA1):c.4862A>C (p.Asp1621Ala)	ENST00000357654.9:c.4862A>C
GRCh38:17:43097271:T:C	491179	485120	Asp189Gly	NM_007294.4(BRCA1):c.566A>G (p.Asp189Gly)	ENST00000357654.9:c.566A>G
GRCh38:17:43082424:T:C	491074	485123	Glu1446Gly	NM_007294.4(BRCA1):c.4337A>G (p.Glu1446Gly)	ENST00000357654.9:c.4337A>G
GRCh38:17:43082550:A:C	491071	485125	Leu1404Arg	NM_007294.4(BRCA1):c.4211T>G (p.Leu1404Arg)	ENST00000357654.9:c.4211T>G
GRCh38:17:43082527:C:T	491072	485336	Ala1412Thr	NM_007294.4(BRCA1):c.4234G>A (p.Ala1412Thr)	ENST00000357654.9:c.4234G>A
GRCh38:17:43091006:C:T	491067	485341	Glu1375Lys	NM_007294.4(BRCA1):c.4123G>A (p.Glu1375Lys)	ENST00000357654.9:c.4123G>A
GRCh38:17:43099776:C:A	491176	485398	Leu182Phe	NM_007294.4(BRCA1):c.546G>T (p.Leu182Phe)	ENST00000357654.9:c.546G>T
GRCh38:17:43049140:G:A	496395	487709	Ser1796Leu	NM_007294.4(BRCA1):c.5387C>T (p.Ser1796Leu)	ENST00000357654.9:c.5387C>T
GRCh38:17:43074367:A:C	496386	487711	Leu1547Val	NM_007294.4(BRCA1):c.4639T>G (p.Leu1547Val)	ENST00000357654.9:c.4639T>G
GRCh38:17:43090960:T:C	496377	487713	Asp1390Gly	NM_007294.4(BRCA1):c.4169A>G (p.Asp1390Gly)	ENST00000357654.9:c.4169A>G
GRCh38:17:43057101:C:G	496391	487843	Gly1743Ala	NM_007294.4(BRCA1):c.5228G>C (p.Gly1743Ala)	ENST00000357654.9:c.5228G>C
GRCh38:17:43067617:T:G	496390	487851	Met1689Leu	NM_007294.4(BRCA1):c.5065A>C (p.Met1689Leu)	ENST00000357654.9:c.5065A>C
GRCh38:17:43076545:T:G	496384	487863	Lys1476Thr	NM_007294.4(BRCA1):c.4427A>C (p.Lys1476Thr)	ENST00000357654.9:c.4427A>C
GRCh38:17:43057086:C:A	496392	487943	Gly1748Val	NM_007294.4(BRCA1):c.5243G>T (p.Gly1748Val)	ENST00000357654.9:c.5243G>T
GRCh38:17:43071149:G:C	496389	487946	Arg1589Gly	NM_007294.4(BRCA1):c.4765C>G (p.Arg1589Gly)	ENST00000357654.9:c.4765C>G
GRCh38:17:43104199:C:G	496370	487996	Val122Leu	NM_007294.4(BRCA1):c.364G>C (p.Val122Leu)	ENST00000357654.9:c.364G>C
GRCh38:17:43104231:T:A	496365	487997	Glu111Val	NM_007294.4(BRCA1):c.332A>T (p.Glu111Val)	ENST00000357654.9:c.332A>T
GRCh38:17:43082404:C:A	496668	488139	Ala1453Ser	NM_007294.4(BRCA1):c.4357G>T (p.Ala1453Ser)	ENST00000357654.9:c.4357G>T
GRCh38:17:43057077:C:A	531284	531048	Arg1751Leu	NM_007294.4(BRCA1):c.5252G>T (p.Arg1751Leu)	ENST00000357654.9:c.5252G>T
GRCh38:17:43063928:T:G	531317	531056	Thr1700Pro	NM_007294.4(BRCA1):c.5098A>C (p.Thr1700Pro)	ENST00000357654.9:c.5098A>C
GRCh38:17:43076590:C:G	531434	531066	Ser1461Thr	NM_007294.4(BRCA1):c.4382G>C (p.Ser1461Thr)	ENST00000357654.9:c.4382G>C
GRCh38:17:43082473:G:C	531218	531068	Pro1430Ala	NM_007294.4(BRCA1):c.4288C>G (p.Pro1430Ala)	ENST00000357654.9:c.4288C>G
GRCh38:17:43076582:G:T	531324	531211	Pro1464Thr	NM_007294.4(BRCA1):c.4390C>A (p.Pro1464Thr)	ENST00000357654.9:c.4390C>A
GRCh38:17:43082451:G:A	531421	531215	Ser1437Phe	NM_007294.4(BRCA1):c.4310C>T (p.Ser1437Phe)	ENST00000357654.9:c.4310C>T
GRCh38:17:43082423:T:A	531260	531310	Glu1446Asp	NM_007294.4(BRCA1):c.4338A>T (p.Glu1446Asp)	ENST00000357654.9:c.4338A>T
GRCh38:17:43082538:T:G	531425	531314	Gln1408Pro	NM_007294.4(BRCA1):c.4223A>C (p.Gln1408Pro)	ENST00000357654.9:c.4223A>C
GRCh38:17:43095866:C:G	531351	531332	Ser217Thr	NM_007294.4(BRCA1):c.650G>C (p.Ser217Thr)	ENST00000357654.9:c.650G>C
GRCh38:17:43099834:C:G	531359	531384	Arg163Thr	NM_007294.4(BRCA1):c.488G>C (p.Arg163Thr)	ENST00000357654.9:c.488G>C
GRCh38:17:43124078:G:T	531388	531401	Arg7Ser	NM_007294.4(BRCA1):c.19C>A (p.Arg7Ser)	ENST00000357654.9:c.19C>A
GRCh38:17:43057083:G:A	531311	531543	Pro1749Leu	NM_007294.4(BRCA1):c.5246C>T (p.Pro1749Leu)	ENST00000357654.9:c.5246C>T
GRCh38:17:43063349:C:G	531408	531552	Arg1726Thr	NM_007294.4(BRCA1):c.5177G>C (p.Arg1726Thr)	ENST00000357654.9:c.5177G>C
GRCh38:17:43076527:T:A	531232	531564	Asp1482Val	NM_007294.4(BRCA1):c.4445A>T (p.Asp1482Val)	ENST00000357654.9:c.4445A>T
GRCh38:17:43082490:T:C	559982	550701	Gln1424Arg	NM_007294.4(BRCA1):c.4271A>G (p.Gln1424Arg)	ENST00000357654.9:c.4271A>G
GRCh38:17:43057095:T:C	560856	551932	Asn1745Ser	NM_007294.4(BRCA1):c.5234A>G (p.Asn1745Ser)	ENST00000357654.9:c.5234A>G
GRCh38:17:43063946:C:T	566134	569080	Glu1694Lys	NM_007294.4(BRCA1):c.5080G>A (p.Glu1694Lys)	ENST00000357654.9:c.5080G>A
GRCh38:17:43071197:C:G	569880	569086	Asp1573His	NM_007294.4(BRCA1):c.4717G>C (p.Asp1573His)	ENST00000357654.9:c.4717G>C
GRCh38:17:43071217:G:C	565578	569089	Ser1566Cys	NM_007294.4(BRCA1):c.4697C>G (p.Ser1566Cys)	ENST00000357654.9:c.4697C>G
GRCh38:17:43074492:T:A	570514	569094	Asp1505Val	NM_007294.4(BRCA1):c.4514A>T (p.Asp1505Val)	ENST00000357654.9:c.4514A>T
GRCh38:17:43090954:A:G	578485	569111	Leu1392Ser	NM_007294.4(BRCA1):c.4175T>C (p.Leu1392Ser)	ENST00000357654.9:c.4175T>C
GRCh38:17:43091008:C:T	583140	569117	Ser1374Asn	NM_007294.4(BRCA1):c.4121G>A (p.Ser1374Asn)	ENST00000357654.9:c.4121G>A
GRCh38:17:43104230:T:G	569377	569177	Glu111Asp	NM_007294.4(BRCA1):c.333A>C (p.Glu111Asp)	ENST00000357654.9:c.333A>C
GRCh38:17:43063945:T:C	567879	571137	Glu1694Gly	NM_007294.4(BRCA1):c.5081A>G (p.Glu1694Gly)	ENST00000357654.9:c.5081A>G
GRCh38:17:43057098:C:T	571901	571378	Arg1744Lys	NM_007294.4(BRCA1):c.5231G>A (p.Arg1744Lys)	ENST00000357654.9:c.5231G>A
GRCh38:17:43074473:G:T	570598	571413	His1511Gln	NM_007294.4(BRCA1):c.4533C>A (p.His1511Gln)	ENST00000357654.9:c.4533C>A
GRCh38:17:43074451:T:C	571121	574469	Asn1519Asp	NM_007294.4(BRCA1):c.4555A>G (p.Asn1519Asp)	ENST00000357654.9:c.4555A>G
GRCh38:17:43071140:T:G	584508	575610	Asn1592His	NM_007294.4(BRCA1):c.4774A>C (p.Asn1592His)	ENST00000357654.9:c.4774A>C
GRCh38:17:43099801:T:G	584955	576004	Gln174Pro	NM_007294.4(BRCA1):c.521A>C (p.Gln174Pro)	ENST00000357654.9:c.521A>C
GRCh38:17:43104172:T:C	584956	576005	Arg131Gly	NM_007294.4(BRCA1):c.391A>G (p.Arg131Gly)	ENST00000357654.9:c.391A>G
GRCh38:17:43104191:G:C	584957	576006	Ile124Met	NM_007294.4(BRCA1):c.372C>G (p.Ile124Met)	ENST00000357654.9:c.372C>G
GRCh38:17:43104873:A:G	584958	576007	Leu99Ser	NM_007294.4(BRCA1):c.296T>C (p.Leu99Ser)	ENST00000357654.9:c.296T>C
GRCh38:17:43076509:T:G	619628	611230	Asn1488Thr	NM_007294.4(BRCA1):c.4463A>C (p.Asn1488Thr)	ENST00000357654.9:c.4463A>C
GRCh38:17:43104182:A:C	626904	615145	Ser127Arg	NM_007294.4(BRCA1):c.381T>G (p.Ser127Arg)	ENST00000357654.9:c.381T>G
GRCh38:17:43047663:G:T	631079	618551	Thr1816Lys	NM_007294.4(BRCA1):c.5447C>A (p.Thr1816Lys)	ENST00000357654.9:c.5447C>A
GRCh38:17:43049159:A:G	630815	618554	Ser1790Pro	NM_007294.4(BRCA1):c.5368T>C (p.Ser1790Pro)	ENST00000357654.9:c.5368T>C
GRCh38:17:43049162:C:G	628780	618555	Ala1789Pro	NM_007294.4(BRCA1):c.5365G>C (p.Ala1789Pro)	ENST00000357654.9:c.5365G>C
GRCh38:17:43051096:A:G	630918	618556	Cys1767Arg	NM_007294.4(BRCA1):c.5299T>C (p.Cys1767Arg)	ENST00000357654.9:c.5299T>C
GRCh38:17:43051114:A:G	630802	618557	Phe1761Leu	NM_007294.4(BRCA1):c.5281T>C (p.Phe1761Leu)	ENST00000357654.9:c.5281T>C
GRCh38:17:43057132:C:G	628107	618558	Asp1733His	NM_007294.4(BRCA1):c.5197G>C (p.Asp1733His)	ENST00000357654.9:c.5197G>C
GRCh38:17:43063948:G:A	631209	618563	Ala1693Val	NM_007294.4(BRCA1):c.5078C>T (p.Ala1693Val)	ENST00000357654.9:c.5078C>T
GRCh38:17:43067667:T:A	631148	618566	His1672Leu	NM_007294.4(BRCA1):c.5015A>T (p.His1672Leu)	ENST00000357654.9:c.5015A>T
GRCh38:17:43067679:A:C	631339	618567	Phe1668Cys	NM_007294.4(BRCA1):c.5003T>G (p.Phe1668Cys)	ENST00000357654.9:c.5003T>G
GRCh38:17:43067679:A:G	629251	618568	Phe1668Ser	NM_007294.4(BRCA1):c.5003T>C (p.Phe1668Ser)	ENST00000357654.9:c.5003T>C
GRCh38:17:43070998:A:G	628290	618570	Leu1639Ser	NM_007294.4(BRCA1):c.4916T>C (p.Leu1639Ser)	ENST00000357654.9:c.4916T>C
GRCh38:17:43071015:G:T	631413	618572	Ser1633Arg	NM_007294.4(BRCA1):c.4899C>A (p.Ser1633Arg)	ENST00000357654.9:c.4899C>A
GRCh38:17:43071021:A:T	628576	618575	Ser1631Arg	NM_007294.4(BRCA1):c.4893T>A (p.Ser1631Arg)	ENST00000357654.9:c.4893T>A
GRCh38:17:43071092:C:T	631142	618576	Ala1608Thr	NM_007294.4(BRCA1):c.4822G>A (p.Ala1608Thr)	ENST00000357654.9:c.4822G>A
GRCh38:17:43074442:A:G	627833	618579	Tyr1522His	NM_007294.4(BRCA1):c.4564T>C (p.Tyr1522His)	ENST00000357654.9:c.4564T>C
GRCh38:17:43074487:T:C	627910	618580	Arg1507Gly	NM_007294.4(BRCA1):c.4519A>G (p.Arg1507Gly)	ENST00000357654.9:c.4519A>G
GRCh38:17:43076522:A:C	630099	618581	Ser1484Ala	NM_007294.4(BRCA1):c.4450T>G (p.Ser1484Ala)	ENST00000357654.9:c.4450T>G
GRCh38:17:43076560:C:T	631018	618583	Gly1471Asp	NM_007294.4(BRCA1):c.4412G>A (p.Gly1471Asp)	ENST00000357654.9:c.4412G>A
GRCh38:17:43076561:C:T	630636	618584	Gly1471Ser	NM_007294.4(BRCA1):c.4411G>A (p.Gly1471Ser)	ENST00000357654.9:c.4411G>A
GRCh38:17:43076582:G:A	628044	618585	Pro1464Ser	NM_007294.4(BRCA1):c.4390C>T (p.Pro1464Ser)	ENST00000357654.9:c.4390C>T
GRCh38:17:43082412:G:A	630572	618586	Ser1450Leu	NM_007294.4(BRCA1):c.4349C>T (p.Ser1450Leu)	ENST00000357654.9:c.4349C>T
GRCh38:17:43082501:C:A	631225	618587	Gln1420His	NM_007294.4(BRCA1):c.4260G>T (p.Gln1420His)	ENST00000357654.9:c.4260G>T
GRCh38:17:43082528:C:T	628271	618588	Met1411Ile	NM_007294.4(BRCA1):c.4233G>A (p.Met1411Ile)	ENST00000357654.9:c.4233G>A
GRCh38:17:43082571:C:T	630120	618589	Arg1397Lys	NM_007294.4(BRCA1):c.4190G>A (p.Arg1397Lys)	ENST00000357654.9:c.4190G>A
GRCh38:17:43090986:G:C	628110	618591	Asp1381Glu	NM_007294.4(BRCA1):c.4143C>G (p.Asp1381Glu)	ENST00000357654.9:c.4143C>G
GRCh38:17:43095885:C:T	631030	618693	Gly211Arg	NM_007294.4(BRCA1):c.631G>A (p.Gly211Arg)	ENST00000357654.9:c.631G>A
GRCh38:17:43099801:T:C	627733	618696	Gln174Arg	NM_007294.4(BRCA1):c.521A>G (p.Gln174Arg)	ENST00000357654.9:c.521A>G
GRCh38:17:43099820:T:C	628391	618697	Lys168Glu	NM_007294.4(BRCA1):c.502A>G (p.Lys168Glu)	ENST00000357654.9:c.502A>G
GRCh38:17:43104922:C:T	629283	618700	Val83Ile	NM_007294.4(BRCA1):c.247G>A (p.Val83Ile)	ENST00000357654.9:c.247G>A
GRCh38:17:43104949:G:T	629710	618701	Gln74Lys	NM_007294.4(BRCA1):c.220C>A (p.Gln74Lys)	ENST00000357654.9:c.220C>A
GRCh38:17:43124072:C:G	630444	618705	Glu9Gln	NM_007294.4(BRCA1):c.25G>C (p.Glu9Gln)	ENST00000357654.9:c.25G>C
GRCh38:17:43063373:C:A	632609	621043	Trp1718Leu	NM_007294.4(BRCA1):c.5153G>T (p.Trp1718Leu)	ENST00000357654.9:c.5153G>T
GRCh38:17:43071134:G:A	633087	621570	Pro1594Ser	NM_007294.4(BRCA1):c.4780C>T (p.Pro1594Ser)	ENST00000357654.9:c.4780C>T
GRCh38:17:43090996:A:G	632684	621574	Val1378Ala	NM_007294.4(BRCA1):c.4133T>C (p.Val1378Ala)	ENST00000357654.9:c.4133T>C
GRCh38:17:43045752:C:A	648216	645917	Asp1840Tyr	NM_007294.4(BRCA1):c.5518G>T (p.Asp1840Tyr)	ENST00000357654.9:c.5518G>T
GRCh38:17:43063370:A:G	652310	645925	Val1719Ala	NM_007294.4(BRCA1):c.5156T>C (p.Val1719Ala)	ENST00000357654.9:c.5156T>C
GRCh38:17:43063924:A:G	664982	645926	Leu1701Pro	NM_007294.4(BRCA1):c.5102T>C (p.Leu1701Pro)	ENST00000357654.9:c.5102T>C
GRCh38:17:43067619:A:G	655629	645928	Val1688Ala	NM_007294.4(BRCA1):c.5063T>C (p.Val1688Ala)	ENST00000357654.9:c.5063T>C
GRCh38:17:43067647:G:C	665905	645930	Leu1679Val	NM_007294.4(BRCA1):c.5035C>G (p.Leu1679Val)	ENST00000357654.9:c.5035C>G
GRCh38:17:43071014:T:C	650798	645935	Arg1634Gly	NM_007294.4(BRCA1):c.4900A>G (p.Arg1634Gly)	ENST00000357654.9:c.4900A>G
GRCh38:17:43071104:G:C	662076	645936	Gln1604Glu	NM_007294.4(BRCA1):c.4810C>G (p.Gln1604Glu)	ENST00000357654.9:c.4810C>G
GRCh38:17:43071119:C:T	663314	645937	Ala1599Thr	NM_007294.4(BRCA1):c.4795G>A (p.Ala1599Thr)	ENST00000357654.9:c.4795G>A
GRCh38:17:43074333:A:C	659074	645941	Leu1558Arg	NM_007294.4(BRCA1):c.4673T>G (p.Leu1558Arg)	ENST00000357654.9:c.4673T>G
GRCh38:17:43074335:A:C	658642	645943	Asp1557Glu	NM_007294.4(BRCA1):c.4671T>G (p.Asp1557Glu)	ENST00000357654.9:c.4671T>G
GRCh38:17:43074365:C:G	646290	645944	Leu1547Phe	NM_007294.4(BRCA1):c.4641G>C (p.Leu1547Phe)	ENST00000357654.9:c.4641G>C
GRCh38:17:43074439:G:C	646371	645945	Pro1523Ala	NM_007294.4(BRCA1):c.4567C>G (p.Pro1523Ala)	ENST00000357654.9:c.4567C>G
GRCh38:17:43074492:T:C	650220	645947	Asp1505Gly	NM_007294.4(BRCA1):c.4514A>G (p.Asp1505Gly)	ENST00000357654.9:c.4514A>G
GRCh38:17:43076498:C:T	645683	645949	Gly1492Arg	NM_007294.4(BRCA1):c.4474G>A (p.Gly1492Arg)	ENST00000357654.9:c.4474G>A
GRCh38:17:43076567:G:T	664253	645950	Pro1469Thr	NM_007294.4(BRCA1):c.4405C>A (p.Pro1469Thr)	ENST00000357654.9:c.4405C>A
GRCh38:17:43076582:G:C	639775	645951	Pro1464Ala	NM_007294.4(BRCA1):c.4390C>G (p.Pro1464Ala)	ENST00000357654.9:c.4390C>G
GRCh38:17:43082430:T:A	662999	645952	Asn1444Ile	NM_007294.4(BRCA1):c.4331A>T (p.Asn1444Ile)	ENST00000357654.9:c.4331A>T
GRCh38:17:43082457:T:A	658688	645953	Asp1435Val	NM_007294.4(BRCA1):c.4304A>T (p.Asp1435Val)	ENST00000357654.9:c.4304A>T
GRCh38:17:43082527:C:G	650035	645955	Ala1412Pro	NM_007294.4(BRCA1):c.4234G>C (p.Ala1412Pro)	ENST00000357654.9:c.4234G>C
GRCh38:17:43082562:A:T	653845	645957	Met1400Lys	NM_007294.4(BRCA1):c.4199T>A (p.Met1400Lys)	ENST00000357654.9:c.4199T>A
GRCh38:17:43082569:C:T	650198	645958	Asp1398Asn	NM_007294.4(BRCA1):c.4192G>A (p.Asp1398Asn)	ENST00000357654.9:c.4192G>A
GRCh38:17:43090958:T:C	648881	645959	Ile1391Val	NM_007294.4(BRCA1):c.4171A>G (p.Ile1391Val)	ENST00000357654.9:c.4171A>G
GRCh38:17:43091024:C:G	663808	645961	Ala1369Pro	NM_007294.4(BRCA1):c.4105G>C (p.Ala1369Pro)	ENST00000357654.9:c.4105G>C
GRCh38:17:43095851:T:G	655049	646050	Lys222Thr	NM_007294.4(BRCA1):c.665A>C (p.Lys222Thr)	ENST00000357654.9:c.665A>C
GRCh38:17:43095905:A:C	639275	646051	Leu204Trp	NM_007294.4(BRCA1):c.611T>G (p.Leu204Trp)	ENST00000357654.9:c.611T>G
GRCh38:17:43097251:A:G	651908	646052	Tyr196His	NM_007294.4(BRCA1):c.586T>C (p.Tyr196His)	ENST00000357654.9:c.586T>C
GRCh38:17:43099837:A:C	648393	646055	Val162Gly	NM_007294.4(BRCA1):c.485T>G (p.Val162Gly)	ENST00000357654.9:c.485T>G
GRCh38:17:43104162:G:T	643188	646056	Ala134Asp	NM_007294.4(BRCA1):c.401C>A (p.Ala134Asp)	ENST00000357654.9:c.401C>A
GRCh38:17:43104163:C:T	658182	646057	Ala134Thr	NM_007294.4(BRCA1):c.400G>A (p.Ala134Thr)	ENST00000357654.9:c.400G>A
GRCh38:17:43104165:C:A	658804	646058	Arg133Leu	NM_007294.4(BRCA1):c.398G>T (p.Arg133Leu)	ENST00000357654.9:c.398G>T
GRCh38:17:43051095:C:G	801087	789610	Cys1767Ser	NM_007294.4(BRCA1):c.5300G>C (p.Cys1767Ser)	ENST00000357654.9:c.5300G>C
GRCh38:17:43067638:C:G	801081	789615	Glu1682Gln	NM_007294.4(BRCA1):c.5044G>C (p.Glu1682Gln)	ENST00000357654.9:c.5044G>C
GRCh38:17:43074415:C:A	801079	789616	Val1531Phe	NM_007294.4(BRCA1):c.4591G>T (p.Val1531Phe)	ENST00000357654.9:c.4591G>T
GRCh38:17:43082561:C:G	801074	789619	Met1400Ile	NM_007294.4(BRCA1):c.4200G>C (p.Met1400Ile)	ENST00000357654.9:c.4200G>C
GRCh38:17:43099864:C:T	801078	789632	Ser153Asn	NM_007294.4(BRCA1):c.458G>A (p.Ser153Asn)	ENST00000357654.9:c.458G>A
GRCh38:17:43076527:T:C	808278	797545	Asp1482Gly	NM_007294.4(BRCA1):c.4445A>G (p.Asp1482Gly)	ENST00000357654.9:c.4445A>G
GRCh38:17:43090975:A:G	808279	797546	Leu1385Pro	NM_007294.4(BRCA1):c.4154T>C (p.Leu1385Pro)	ENST00000357654.9:c.4154T>C
GRCh38:17:43047669:G:T	825736	813643	Ala1814Asp	NM_007294.4(BRCA1):c.5441C>A (p.Ala1814Asp)	ENST00000357654.9:c.5441C>A
GRCh38:17:43047691:T:A	825717	813645	Ile1807Phe	NM_007294.4(BRCA1):c.5419A>T (p.Ile1807Phe)	ENST00000357654.9:c.5419A>T
GRCh38:17:43049186:C:T	825665	813647	Glu1781Lys	NM_007294.4(BRCA1):c.5341G>A (p.Glu1781Lys)	ENST00000357654.9:c.5341G>A
GRCh38:17:43051075:T:G	825649	813652	Asn1774His	NM_007294.4(BRCA1):c.5320A>C (p.Asn1774His)	ENST00000357654.9:c.5320A>C
GRCh38:17:43057058:G:T	825607	813653	Asp1757Glu	NM_007294.4(BRCA1):c.5271C>A (p.Asp1757Glu)	ENST00000357654.9:c.5271C>A
GRCh38:17:43057105:T:C	825568	813656	Asn1742Asp	NM_007294.4(BRCA1):c.5224A>G (p.Asn1742Asp)	ENST00000357654.9:c.5224A>G
GRCh38:17:43057133:A:T	825529	813660	His1732Gln	NM_007294.4(BRCA1):c.5196T>A (p.His1732Gln)	ENST00000357654.9:c.5196T>A
GRCh38:17:43063340:A:G	825518	813661	Leu1729Pro	NM_007294.4(BRCA1):c.5186T>C (p.Leu1729Pro)	ENST00000357654.9:c.5186T>C
GRCh38:17:43063371:C:T	825488	813662	Val1719Met	NM_007294.4(BRCA1):c.5155G>A (p.Val1719Met)	ENST00000357654.9:c.5155G>A
GRCh38:17:43063880:A:G	825476	813663	Tyr1716His	NM_007294.4(BRCA1):c.5146T>C (p.Tyr1716His)	ENST00000357654.9:c.5146T>C
GRCh38:17:43063880:A:T	825475	813664	Tyr1716Asn	NM_007294.4(BRCA1):c.5146T>A (p.Tyr1716Asn)	ENST00000357654.9:c.5146T>A
GRCh38:17:43063907:T:G	825461	813665	Ile1707Leu	NM_007294.4(BRCA1):c.5119A>C (p.Ile1707Leu)	ENST00000357654.9:c.5119A>C
GRCh38:17:43067634:T:C	825397	813667	Glu1683Gly	NM_007294.4(BRCA1):c.5048A>G (p.Glu1683Gly)	ENST00000357654.9:c.5048A>G
GRCh38:17:43067689:C:A	825349	813670	Val1665Leu	NM_007294.4(BRCA1):c.4993G>T (p.Val1665Leu)	ENST00000357654.9:c.4993G>T
GRCh38:17:43070992:G:A	825294	813673	Ala1641Val	NM_007294.4(BRCA1):c.4922C>T (p.Ala1641Val)	ENST00000357654.9:c.4922C>T
GRCh38:17:43071110:C:A	825189	813678	Val1602Phe	NM_007294.4(BRCA1):c.4804G>T (p.Val1602Phe)	ENST00000357654.9:c.4804G>T
GRCh38:17:43071118:G:A	825179	813679	Ala1599Val	NM_007294.4(BRCA1):c.4796C>T (p.Ala1599Val)	ENST00000357654.9:c.4796C>T
GRCh38:17:43074372:T:C	825056	813684	His1545Arg	NM_007294.4(BRCA1):c.4634A>G (p.His1545Arg)	ENST00000357654.9:c.4634A>G
GRCh38:17:43074388:C:G	825047	813685	Glu1540Gln	NM_007294.4(BRCA1):c.4618G>C (p.Glu1540Gln)	ENST00000357654.9:c.4618G>C
GRCh38:17:43074418:T:G	825018	813687	Lys1530Gln	NM_007294.4(BRCA1):c.4588A>C (p.Lys1530Gln)	ENST00000357654.9:c.4588A>C
GRCh38:17:43074472:T:C	824982	813688	Ser1512Gly	NM_007294.4(BRCA1):c.4534A>G (p.Ser1512Gly)	ENST00000357654.9:c.4534A>G
GRCh38:17:43074514:G:A	824937	813689	Pro1498Ser	NM_007294.4(BRCA1):c.4492C>T (p.Pro1498Ser)	ENST00000357654.9:c.4492C>T
GRCh38:17:43076587:T:A	824847	813692	Glu1462Val	NM_007294.4(BRCA1):c.4385A>T (p.Glu1462Val)	ENST00000357654.9:c.4385A>T
GRCh38:17:43076602:G:A	824837	813693	Ser1457Leu	NM_007294.4(BRCA1):c.4370C>T (p.Ser1457Leu)	ENST00000357654.9:c.4370C>T
GRCh38:17:43082417:G:C	824811	813694	Ser1448Arg	NM_007294.4(BRCA1):c.4344C>G (p.Ser1448Arg)	ENST00000357654.9:c.4344C>G
GRCh38:17:43082443:C:T	824788	813696	Glu1440Lys	NM_007294.4(BRCA1):c.4318G>A (p.Glu1440Lys)	ENST00000357654.9:c.4318G>A
GRCh38:17:43082449:C:T	824782	813697	Ala1438Thr	NM_007294.4(BRCA1):c.4312G>A (p.Ala1438Thr)	ENST00000357654.9:c.4312G>A
GRCh38:17:43082461:T:C	824773	813698	Ser1434Gly	NM_007294.4(BRCA1):c.4300A>G (p.Ser1434Gly)	ENST00000357654.9:c.4300A>G
GRCh38:17:43082514:G:C	824716	813699	Ala1416Gly	NM_007294.4(BRCA1):c.4247C>G (p.Ala1416Gly)	ENST00000357654.9:c.4247C>G
GRCh38:17:43082524:C:T	824708	813700	Glu1413Lys	NM_007294.4(BRCA1):c.4237G>A (p.Glu1413Lys)	ENST00000357654.9:c.4237G>A
GRCh38:17:43091003:T:C	824612	813703	Thr1376Ala	NM_007294.4(BRCA1):c.4126A>G (p.Thr1376Ala)	ENST00000357654.9:c.4126A>G
GRCh38:17:43091026:G:A	824595	813704	Ala1368Val	NM_007294.4(BRCA1):c.4103C>T (p.Ala1368Val)	ENST00000357654.9:c.4103C>T
GRCh38:17:43095854:G:A	826519	813890	Ala221Val	NM_007294.4(BRCA1):c.662C>T (p.Ala221Val)	ENST00000357654.9:c.662C>T
GRCh38:17:43095888:G:C	826298	813891	Gln210Glu	NM_007294.4(BRCA1):c.628C>G (p.Gln210Glu)	ENST00000357654.9:c.628C>G
GRCh38:17:43095917:C:T	826105	813892	Gly200Glu	NM_007294.4(BRCA1):c.599G>A (p.Gly200Glu)	ENST00000357654.9:c.599G>A
GRCh38:17:43097244:C:T	826067	813893	Ser198Asn	NM_007294.4(BRCA1):c.593G>A (p.Ser198Asn)	ENST00000357654.9:c.593G>A
GRCh38:17:43097273:T:G	825873	813894	Glu188Asp	NM_007294.4(BRCA1):c.564A>C (p.Glu188Asp)	ENST00000357654.9:c.564A>C
GRCh38:17:43099792:G:A	825633	813896	Ser177Phe	NM_007294.4(BRCA1):c.530C>T (p.Ser177Phe)	ENST00000357654.9:c.530C>T
GRCh38:17:43099823:T:C	825351	813899	Thr167Ala	NM_007294.4(BRCA1):c.499A>G (p.Thr167Ala)	ENST00000357654.9:c.499A>G
GRCh38:17:43099829:G:C	825313	813900	Leu165Val	NM_007294.4(BRCA1):c.493C>G (p.Leu165Val)	ENST00000357654.9:c.493C>G
GRCh38:17:43104244:A:G	823161	813905	Phe107Leu	NM_007294.4(BRCA1):c.319T>C (p.Phe107Leu)	ENST00000357654.9:c.319T>C
GRCh38:17:43104894:G:C	821773	813907	Ala92Gly	NM_007294.4(BRCA1):c.275C>G (p.Ala92Gly)	ENST00000357654.9:c.275C>G
GRCh38:17:43104897:C:G	821724	813908	Cys91Ser	NM_007294.4(BRCA1):c.272G>C (p.Cys91Ser)	ENST00000357654.9:c.272G>C
GRCh38:17:43104941:A:C	821040	813909	Ser76Arg	NM_007294.4(BRCA1):c.228T>G (p.Ser76Arg)	ENST00000357654.9:c.228T>G
GRCh38:17:43115764:C:G	823423	813914	Lys32Asn	NM_007294.4(BRCA1):c.96G>C (p.Lys32Asn)	ENST00000357654.9:c.96G>C
GRCh38:17:43115778:G:C	827565	813917	Leu28Val	NM_007294.4(BRCA1):c.82C>G (p.Leu28Val)	ENST00000357654.9:c.82C>G
GRCh38:17:43124021:T:A	827206	813919	Ile26Phe	NM_007294.4(BRCA1):c.76A>T (p.Ile26Phe)	ENST00000357654.9:c.76A>T
GRCh38:17:43124029:T:G	826690	813921	Glu23Ala	NM_007294.4(BRCA1):c.68A>C (p.Glu23Ala)	ENST00000357654.9:c.68A>C
GRCh38:17:43124084:C:G	819110	813925	Ala5Pro	NM_007294.4(BRCA1):c.13G>C (p.Ala5Pro)	ENST00000357654.9:c.13G>C
GRCh38:17:43045697:A:T	851795	845357	Ile1858Asn	NM_007294.4(BRCA1):c.5573T>A (p.Ile1858Asn)	ENST00000357654.9:c.5573T>A
GRCh38:17:43045751:T:G	861117	845360	Asp1840Ala	NM_007294.4(BRCA1):c.5519A>C (p.Asp1840Ala)	ENST00000357654.9:c.5519A>C
GRCh38:17:43045769:G:T	840931	845362	Thr1834Asn	NM_007294.4(BRCA1):c.5501C>A (p.Thr1834Asn)	ENST00000357654.9:c.5501C>A
GRCh38:17:43049128:A:C	844181	845365	Leu1800Arg	NM_007294.4(BRCA1):c.5399T>G (p.Leu1800Arg)	ENST00000357654.9:c.5399T>G
GRCh38:17:43071035:C:A	851676	845371	Ala1627Ser	NM_007294.4(BRCA1):c.4879G>T (p.Ala1627Ser)	ENST00000357654.9:c.4879G>T
GRCh38:17:43071041:A:T	838907	845372	Tyr1625Asn	NM_007294.4(BRCA1):c.4873T>A (p.Tyr1625Asn)	ENST00000357654.9:c.4873T>A
GRCh38:17:43071100:A:G	864486	845373	Leu1605Ser	NM_007294.4(BRCA1):c.4814T>C (p.Leu1605Ser)	ENST00000357654.9:c.4814T>C
GRCh38:17:43071128:A:C	851302	845375	Ser1596Ala	NM_007294.4(BRCA1):c.4786T>G (p.Ser1596Ala)	ENST00000357654.9:c.4786T>G
GRCh38:17:43071131:A:T	851990	845376	Ser1595Thr	NM_007294.4(BRCA1):c.4783T>A (p.Ser1595Thr)	ENST00000357654.9:c.4783T>A
GRCh38:17:43074426:T:C	835355	845381	Glu1527Gly	NM_007294.4(BRCA1):c.4580A>G (p.Glu1527Gly)	ENST00000357654.9:c.4580A>G
GRCh38:17:43076497:C:T	839626	845382	Gly1492Glu	NM_007294.4(BRCA1):c.4475G>A (p.Gly1492Glu)	ENST00000357654.9:c.4475G>A
GRCh38:17:43076518:G:C	856839	845383	Thr1485Ser	NM_007294.4(BRCA1):c.4454C>G (p.Thr1485Ser)	ENST00000357654.9:c.4454C>G
GRCh38:17:43076543:A:C	850560	845385	Phe1477Val	NM_007294.4(BRCA1):c.4429T>G (p.Phe1477Val)	ENST00000357654.9:c.4429T>G
GRCh38:17:43076605:G:A	863784	845387	Thr1456Ile	NM_007294.4(BRCA1):c.4367C>T (p.Thr1456Ile)	ENST00000357654.9:c.4367C>T
GRCh38:17:43095890:G:C	845213	845465	Pro209Arg	NM_007294.4(BRCA1):c.626C>G (p.Pro209Arg)	ENST00000357654.9:c.626C>G
GRCh38:17:43095897:T:C	856578	845466	Ile207Val	NM_007294.4(BRCA1):c.619A>G (p.Ile207Val)	ENST00000357654.9:c.619A>G
GRCh38:17:43095912:G:T	838225	845468	Gln202Lys	NM_007294.4(BRCA1):c.604C>A (p.Gln202Lys)	ENST00000357654.9:c.604C>A
GRCh38:17:43097256:G:A	858239	845469	Ala194Val	NM_007294.4(BRCA1):c.581C>T (p.Ala194Val)	ENST00000357654.9:c.581C>T
GRCh38:17:43104130:G:T	846046	845471	Pro145Thr	NM_007294.4(BRCA1):c.433C>A (p.Pro145Thr)	ENST00000357654.9:c.433C>A
GRCh38:17:43104232:C:T	852070	845473	Glu111Lys	NM_007294.4(BRCA1):c.331G>A (p.Glu111Lys)	ENST00000357654.9:c.331G>A
GRCh38:17:43104253:T:G	849557	845474	Ser104Arg	NM_007294.4(BRCA1):c.310A>C (p.Ser104Arg)	ENST00000357654.9:c.310A>C
GRCh38:17:43104945:T:A	842334	845476	Glu75Val	NM_007294.4(BRCA1):c.224A>T (p.Glu75Val)	ENST00000357654.9:c.224A>T
GRCh38:17:43124041:T:C	864052	845478	Gln19Arg	NM_007294.4(BRCA1):c.56A>G (p.Gln19Arg)	ENST00000357654.9:c.56A>G
GRCh38:17:43124057:C:A	848933	845480	Val14Phe	NM_007294.4(BRCA1):c.40G>T (p.Val14Phe)	ENST00000357654.9:c.40G>T
GRCh38:17:43045706:A:T	868679	853073	Ile1855Lys	NM_007294.4(BRCA1):c.5564T>A (p.Ile1855Lys)	ENST00000357654.9:c.5564T>A
GRCh38:17:43045707:T:C	868677	853075	Ile1855Val	NM_007294.4(BRCA1):c.5563A>G (p.Ile1855Val)	ENST00000357654.9:c.5563A>G
GRCh38:17:43045712:T:A	865017	853085	Tyr1853Phe	NM_007294.4(BRCA1):c.5558A>T (p.Tyr1853Phe)	ENST00000357654.9:c.5558A>T
GRCh38:17:43045715:G:C	869042	853091	Thr1852Ser	NM_007294.4(BRCA1):c.5555C>G (p.Thr1852Ser)	ENST00000357654.9:c.5555C>G
GRCh38:17:43045718:T:A	868660	853096	Asp1851Val	NM_007294.4(BRCA1):c.5552A>T (p.Asp1851Val)	ENST00000357654.9:c.5552A>T
GRCh38:17:43045721:A:G	867653	853103	Leu1850Pro	NM_007294.4(BRCA1):c.5549T>C (p.Leu1850Pro)	ENST00000357654.9:c.5549T>C
GRCh38:17:43045726:C:A	869027	853116	Gln1848His	NM_007294.4(BRCA1):c.5544G>T (p.Gln1848His)	ENST00000357654.9:c.5544G>T
GRCh38:17:43045728:G:C	868639	853122	Gln1848Glu	NM_007294.4(BRCA1):c.5542C>G (p.Gln1848Glu)	ENST00000357654.9:c.5542C>G
GRCh38:17:43045740:G:A	868626	853144	Leu1844Phe	NM_007294.4(BRCA1):c.5530C>T (p.Leu1844Phe)	ENST00000357654.9:c.5530C>T
GRCh38:17:43045745:A:G	864970	853153	Val1842Ala	NM_007294.4(BRCA1):c.5525T>C (p.Val1842Ala)	ENST00000357654.9:c.5525T>C
GRCh38:17:43045749:T:A	868617	853160	Ser1841Cys	NM_007294.4(BRCA1):c.5521A>T (p.Ser1841Cys)	ENST00000357654.9:c.5521A>T
GRCh38:17:43045750:G:C	868615	853162	Asp1840Glu	NM_007294.4(BRCA1):c.5520C>G (p.Asp1840Glu)	ENST00000357654.9:c.5520C>G
GRCh38:17:43045775:A:C	868594	853202	Val1832Gly	NM_007294.4(BRCA1):c.5495T>G (p.Val1832Gly)	ENST00000357654.9:c.5495T>G
GRCh38:17:43045775:A:G	868593	853203	Val1832Ala	NM_007294.4(BRCA1):c.5495T>C (p.Val1832Ala)	ENST00000357654.9:c.5495T>C
GRCh38:17:43045779:G:T	864938	853212	Pro1831Thr	NM_007294.4(BRCA1):c.5491C>A (p.Pro1831Thr)	ENST00000357654.9:c.5491C>A
GRCh38:17:43045781:G:A	864934	853216	Ala1830Val	NM_007294.4(BRCA1):c.5489C>T (p.Ala1830Val)	ENST00000357654.9:c.5489C>T
GRCh38:17:43045781:G:C	864933	853217	Ala1830Gly	NM_007294.4(BRCA1):c.5489C>G (p.Ala1830Gly)	ENST00000357654.9:c.5489C>G
GRCh38:17:43045781:G:T	864932	853218	Ala1830Glu	NM_007294.4(BRCA1):c.5489C>A (p.Ala1830Glu)	ENST00000357654.9:c.5489C>A
GRCh38:17:43045783:C:G	868982	853222	Glu1829Asp	NM_007294.4(BRCA1):c.5487G>C (p.Glu1829Asp)	ENST00000357654.9:c.5487G>C
GRCh38:17:43045790:A:G	864923	853240	Met1827Thr	NM_007294.4(BRCA1):c.5480T>C (p.Met1827Thr)	ENST00000357654.9:c.5480T>C
GRCh38:17:43045790:A:T	864922	853241	Met1827Lys	NM_007294.4(BRCA1):c.5480T>A (p.Met1827Lys)	ENST00000357654.9:c.5480T>A
GRCh38:17:43045802:G:T	864909	853267	Ala1823Glu	NM_007294.4(BRCA1):c.5468C>A (p.Ala1823Glu)	ENST00000357654.9:c.5468C>A
GRCh38:17:43047646:G:A	868519	853275	His1822Tyr	NM_007294.4(BRCA1):c.5464C>T (p.His1822Tyr)	ENST00000357654.9:c.5464C>T
GRCh38:17:43047649:A:G	868104	853285	Phe1821Leu	NM_007294.4(BRCA1):c.5461T>C (p.Phe1821Leu)	ENST00000357654.9:c.5461T>C
GRCh38:17:43047651:C:A	865546	853290	Gly1820Val	NM_007294.4(BRCA1):c.5459G>T (p.Gly1820Val)	ENST00000357654.9:c.5459G>T
GRCh38:17:43047653:A:T	868911	853296	Asn1819Lys	NM_007294.4(BRCA1):c.5457T>A (p.Asn1819Lys)	ENST00000357654.9:c.5457T>A
GRCh38:17:43047655:T:A	868511	853299	Asn1819Tyr	NM_007294.4(BRCA1):c.5455A>T (p.Asn1819Tyr)	ENST00000357654.9:c.5455A>T
GRCh38:17:43047665:C:G	868899	853323	Trp1815Cys	NM_007294.4(BRCA1):c.5445G>C (p.Trp1815Cys)	ENST00000357654.9:c.5445G>C
GRCh38:17:43047673:C:G	867389	853340	Asp1813His	NM_007294.4(BRCA1):c.5437G>C (p.Asp1813His)	ENST00000357654.9:c.5437G>C
GRCh38:17:43047682:C:G	867386	853360	Val1810Leu	NM_007294.4(BRCA1):c.5428G>C (p.Val1810Leu)	ENST00000357654.9:c.5428G>C
GRCh38:17:43047691:T:G	868476	853372	Ile1807Leu	NM_007294.4(BRCA1):c.5419A>C (p.Ile1807Leu)	ENST00000357654.9:c.5419A>C
GRCh38:17:43047693:G:T	868078	853377	Pro1806Gln	NM_007294.4(BRCA1):c.5417C>A (p.Pro1806Gln)	ENST00000357654.9:c.5417C>A
GRCh38:17:43047696:T:C	867378	853382	His1805Arg	NM_007294.4(BRCA1):c.5414A>G (p.His1805Arg)	ENST00000357654.9:c.5414A>G
GRCh38:17:43047702:C:T	868461	853395	Gly1803Asp	NM_007294.4(BRCA1):c.5408G>A (p.Gly1803Asp)	ENST00000357654.9:c.5408G>A
GRCh38:17:43047703:C:G	868074	853396	Gly1803Arg	NM_007294.4(BRCA1):c.5407G>C (p.Gly1803Arg)	ENST00000357654.9:c.5407G>C
GRCh38:17:43049126:C:G	865701	853410	Gly1801Arg	NM_007294.4(BRCA1):c.5401G>C (p.Gly1801Arg)	ENST00000357654.9:c.5401G>C
GRCh38:17:43049132:T:C	868049	853424	Thr1799Ala	NM_007294.4(BRCA1):c.5395A>G (p.Thr1799Ala)	ENST00000357654.9:c.5395A>G
GRCh38:17:43049143:A:T	868040	853451	Leu1795His	NM_007294.4(BRCA1):c.5384T>A (p.Leu1795His)	ENST00000357654.9:c.5384T>A
GRCh38:17:43049149:T:C	865396	853462	Lys1793Arg	NM_007294.4(BRCA1):c.5378A>G (p.Lys1793Arg)	ENST00000357654.9:c.5378A>G
GRCh38:17:43049152:A:T	868389	853469	Val1792Glu	NM_007294.4(BRCA1):c.5375T>A (p.Val1792Glu)	ENST00000357654.9:c.5375T>A
GRCh38:17:43049155:A:C	868035	853474	Val1791Gly	NM_007294.4(BRCA1):c.5372T>G (p.Val1791Gly)	ENST00000357654.9:c.5372T>G
GRCh38:17:43049166:A:C	868032	853494	Cys1787Trp	NM_007294.4(BRCA1):c.5361T>G (p.Cys1787Trp)	ENST00000357654.9:c.5361T>G
GRCh38:17:43049174:G:C	868367	853511	Gln1785Glu	NM_007294.4(BRCA1):c.5353C>G (p.Gln1785Glu)	ENST00000357654.9:c.5353C>G
GRCh38:17:43049181:C:G	865368	853525	Trp1782Cys	NM_007294.4(BRCA1):c.5346G>C (p.Trp1782Cys)	ENST00000357654.9:c.5346G>C
GRCh38:17:43049189:G:C	868022	853536	Leu1780Val	NM_007294.4(BRCA1):c.5338C>G (p.Leu1780Val)	ENST00000357654.9:c.5338C>G
GRCh38:17:43049192:G:T	865633	853542	Gln1779Lys	NM_007294.4(BRCA1):c.5335C>A (p.Gln1779Lys)	ENST00000357654.9:c.5335C>A
GRCh38:17:43049193:A:T	865356	853544	Asp1778Glu	NM_007294.4(BRCA1):c.5334T>A (p.Asp1778Glu)	ENST00000357654.9:c.5334T>A
GRCh38:17:43051069:G:T	865307	853557	Pro1776Thr	NM_007294.4(BRCA1):c.5326C>A (p.Pro1776Thr)	ENST00000357654.9:c.5326C>A
GRCh38:17:43051070:C:A	865306	853558	Met1775Ile	NM_007294.4(BRCA1):c.5325G>T (p.Met1775Ile)	ENST00000357654.9:c.5325G>T
GRCh38:17:43051086:C:T	867980	853589	Gly1770Glu	NM_007294.4(BRCA1):c.5309G>A (p.Gly1770Glu)	ENST00000357654.9:c.5309G>A
GRCh38:17:43051087:C:T	865581	853592	Gly1770Arg	NM_007294.4(BRCA1):c.5308G>A (p.Gly1770Arg)	ENST00000357654.9:c.5308G>A
GRCh38:17:43051092:C:G	865283	853601	Cys1768Ser	NM_007294.4(BRCA1):c.5303G>C (p.Cys1768Ser)	ENST00000357654.9:c.5303G>C
GRCh38:17:43051102:C:T	865272	853623	Glu1765Lys	NM_007294.4(BRCA1):c.5293G>A (p.Glu1765Lys)	ENST00000357654.9:c.5293G>A
GRCh38:17:43051105:G:T	868288	853629	Leu1764Ile	NM_007294.4(BRCA1):c.5290C>A (p.Leu1764Ile)	ENST00000357654.9:c.5290C>A
GRCh38:17:43051107:C:G	868287	853630	Gly1763Ala	NM_007294.4(BRCA1):c.5288G>C (p.Gly1763Ala)	ENST00000357654.9:c.5288G>C
GRCh38:17:43051111:T:A	867955	853634	Arg1762Trp	NM_007294.4(BRCA1):c.5284A>T (p.Arg1762Trp)	ENST00000357654.9:c.5284A>T
GRCh38:17:43051117:T:G	868284	853649	Ile1760Leu	NM_007294.4(BRCA1):c.5278A>C (p.Ile1760Leu)	ENST00000357654.9:c.5278A>C
GRCh38:17:43057068:T:C	867287	853685	Glu1754Gly	NM_007294.4(BRCA1):c.5261A>G (p.Glu1754Gly)	ENST00000357654.9:c.5261A>G
GRCh38:17:43057089:T:C	867267	853718	Gln1747Arg	NM_007294.4(BRCA1):c.5240A>G (p.Gln1747Arg)	ENST00000357654.9:c.5240A>G
GRCh38:17:43057105:T:G	868199	853755	Asn1742His	NM_007294.4(BRCA1):c.5224A>C (p.Asn1742His)	ENST00000357654.9:c.5224A>C
GRCh38:17:43057107:A:G	868195	853759	Val1741Ala	NM_007294.4(BRCA1):c.5222T>C (p.Val1741Ala)	ENST00000357654.9:c.5222T>C
GRCh38:17:43057110:A:C	867858	853762	Val1740Gly	NM_007294.4(BRCA1):c.5219T>G (p.Val1740Gly)	ENST00000357654.9:c.5219T>G
GRCh38:17:43057111:C:G	867857	853763	Val1740Leu	NM_007294.4(BRCA1):c.5218G>C (p.Val1740Leu)	ENST00000357654.9:c.5218G>C
GRCh38:17:43057116:C:G	865166	853770	Gly1738Ala	NM_007294.4(BRCA1):c.5213G>C (p.Gly1738Ala)	ENST00000357654.9:c.5213G>C
GRCh38:17:43057119:C:A	868187	853774	Arg1737Ile	NM_007294.4(BRCA1):c.5210G>T (p.Arg1737Ile)	ENST00000357654.9:c.5210G>T
GRCh38:17:43057119:C:T	868185	853776	Arg1737Lys	NM_007294.4(BRCA1):c.5210G>A (p.Arg1737Lys)	ENST00000357654.9:c.5210G>A
GRCh38:17:43057126:C:G	865156	853792	Glu1735Gln	NM_007294.4(BRCA1):c.5203G>C (p.Glu1735Gln)	ENST00000357654.9:c.5203G>C
GRCh38:17:43057135:G:T	867500	853806	His1732Asn	NM_007294.4(BRCA1):c.5194C>A (p.His1732Asn)	ENST00000357654.9:c.5194C>A
GRCh38:17:43063333:C:A	867789	853807	Glu1731Asp	NM_007294.4(BRCA1):c.5193G>T (p.Glu1731Asp)	ENST00000357654.9:c.5193G>T
GRCh38:17:43063334:T:C	867786	853810	Glu1731Gly	NM_007294.4(BRCA1):c.5192A>G (p.Glu1731Gly)	ENST00000357654.9:c.5192A>G
GRCh38:17:43063337:T:G	865097	853816	Asn1730Thr	NM_007294.4(BRCA1):c.5189A>C (p.Asn1730Thr)	ENST00000357654.9:c.5189A>C
GRCh38:17:43063338:T:G	865094	853819	Asn1730His	NM_007294.4(BRCA1):c.5188A>C (p.Asn1730His)	ENST00000357654.9:c.5188A>C
GRCh38:17:43063341:G:C	868120	853824	Leu1729Val	NM_007294.4(BRCA1):c.5185C>G (p.Leu1729Val)	ENST00000357654.9:c.5185C>G
GRCh38:17:43063342:C:T	867781	853828	Met1728Ile	NM_007294.4(BRCA1):c.5184G>A (p.Met1728Ile)	ENST00000357654.9:c.5184G>A
GRCh38:17:43063344:T:C	867776	853833	Met1728Val	NM_007294.4(BRCA1):c.5182A>G (p.Met1728Val)	ENST00000357654.9:c.5182A>G
GRCh38:17:43063346:T:G	867445	853840	Lys1727Thr	NM_007294.4(BRCA1):c.5180A>C (p.Lys1727Thr)	ENST00000357654.9:c.5180A>C
GRCh38:17:43063347:T:C	867444	853841	Lys1727Glu	NM_007294.4(BRCA1):c.5179A>G (p.Lys1727Glu)	ENST00000357654.9:c.5179A>G
GRCh38:17:43063349:C:T	865082	853845	Arg1726Lys	NM_007294.4(BRCA1):c.5177G>A (p.Arg1726Lys)	ENST00000357654.9:c.5177G>A
GRCh38:17:43063352:T:C	868771	853849	Glu1725Gly	NM_007294.4(BRCA1):c.5174A>G (p.Glu1725Gly)	ENST00000357654.9:c.5174A>G
GRCh38:17:43063361:G:C	868766	853870	Ser1722Cys	NM_007294.4(BRCA1):c.5165C>G (p.Ser1722Cys)	ENST00000357654.9:c.5165C>G
GRCh38:17:43063364:T:C	867755	853876	Gln1721Arg	NM_007294.4(BRCA1):c.5162A>G (p.Gln1721Arg)	ENST00000357654.9:c.5162A>G
GRCh38:17:43063874:A:G	865030	853884	Trp1718Arg	NM_007294.4(BRCA1):c.5152T>C (p.Trp1718Arg)	ENST00000357654.9:c.5152T>C
GRCh38:17:43063883:T:C	867402	853900	Ser1715Gly	NM_007294.4(BRCA1):c.5143A>G (p.Ser1715Gly)	ENST00000357654.9:c.5143A>G
GRCh38:17:43063886:C:G	865011	853904	Val1714Leu	NM_007294.4(BRCA1):c.5140G>C (p.Val1714Leu)	ENST00000357654.9:c.5140G>C
GRCh38:17:43063886:C:T	865010	853905	Val1714Ile	NM_007294.4(BRCA1):c.5140G>A (p.Val1714Ile)	ENST00000357654.9:c.5140G>A
GRCh38:17:43063888:A:T	868701	853909	Val1713Glu	NM_007294.4(BRCA1):c.5138T>A (p.Val1713Glu)	ENST00000357654.9:c.5138T>A
GRCh38:17:43063892:A:G	867685	853917	Trp1712Arg	NM_007294.4(BRCA1):c.5134T>C (p.Trp1712Arg)	ENST00000357654.9:c.5134T>C
GRCh38:17:43063898:C:G	868692	853930	Gly1710Arg	NM_007294.4(BRCA1):c.5128G>C (p.Gly1710Arg)	ENST00000357654.9:c.5128G>C
GRCh38:17:43063900:C:G	868687	853935	Gly1709Ala	NM_007294.4(BRCA1):c.5126G>C (p.Gly1709Ala)	ENST00000357654.9:c.5126G>C
GRCh38:17:43063914:A:C	867662	853958	Phe1704Leu	NM_007294.4(BRCA1):c.5112T>G (p.Phe1704Leu)	ENST00000357654.9:c.5112T>G
GRCh38:17:43063933:T:C	868634	853992	Glu1698Gly	NM_007294.4(BRCA1):c.5093A>G (p.Glu1698Gly)	ENST00000357654.9:c.5093A>G
GRCh38:17:43067614:T:C	867593	854039	Lys1690Glu	NM_007294.4(BRCA1):c.5068A>G (p.Lys1690Glu)	ENST00000357654.9:c.5068A>G
GRCh38:17:43067615:C:G	867591	854041	Met1689Ile	NM_007294.4(BRCA1):c.5067G>C (p.Met1689Ile)	ENST00000357654.9:c.5067G>C
GRCh38:17:43067617:T:A	864898	854043	Met1689Leu	NM_007294.4(BRCA1):c.5065A>T (p.Met1689Leu)	ENST00000357654.9:c.5065A>T
GRCh38:17:43067620:C:T	868974	854050	Val1688Ile	NM_007294.4(BRCA1):c.5062G>A (p.Val1688Ile)	ENST00000357654.9:c.5062G>A
GRCh38:17:43067623:C:G	868574	854056	Val1687Leu	NM_007294.4(BRCA1):c.5059G>C (p.Val1687Leu)	ENST00000357654.9:c.5059G>C
GRCh38:17:43067631:G:C	868965	854069	Thr1684Ser	NM_007294.4(BRCA1):c.5051C>G (p.Thr1684Ser)	ENST00000357654.9:c.5051C>G
GRCh38:17:43067633:C:A	868565	854071	Glu1683Asp	NM_007294.4(BRCA1):c.5049G>T (p.Glu1683Asp)	ENST00000357654.9:c.5049G>T
GRCh38:17:43067635:C:T	867573	854077	Glu1683Lys	NM_007294.4(BRCA1):c.5047G>A (p.Glu1683Lys)	ENST00000357654.9:c.5047G>A
GRCh38:17:43067643:A:C	868952	854094	Ile1680Ser	NM_007294.4(BRCA1):c.5039T>G (p.Ile1680Ser)	ENST00000357654.9:c.5039T>G
GRCh38:17:43067644:T:C	868551	854098	Ile1680Val	NM_007294.4(BRCA1):c.5038A>G (p.Ile1680Val)	ENST00000357654.9:c.5038A>G
GRCh38:17:43067646:A:C	867560	854102	Leu1679Arg	NM_007294.4(BRCA1):c.5036T>G (p.Leu1679Arg)	ENST00000357654.9:c.5036T>G
GRCh38:17:43067648:A:C	867556	854106	Asn1678Lys	NM_007294.4(BRCA1):c.5034T>G (p.Asn1678Lys)	ENST00000357654.9:c.5034T>G
GRCh38:17:43067649:T:C	865556	854109	Asn1678Ser	NM_007294.4(BRCA1):c.5033A>G (p.Asn1678Ser)	ENST00000357654.9:c.5033A>G
GRCh38:17:43067650:T:A	865554	854111	Asn1678Tyr	NM_007294.4(BRCA1):c.5032A>T (p.Asn1678Tyr)	ENST00000357654.9:c.5032A>T
GRCh38:17:43067650:T:C	865553	854112	Asn1678Asp	NM_007294.4(BRCA1):c.5032A>G (p.Asn1678Asp)	ENST00000357654.9:c.5032A>G
GRCh38:17:43067653:T:C	868940	854119	Thr1677Ala	NM_007294.4(BRCA1):c.5029A>G (p.Thr1677Ala)	ENST00000357654.9:c.5029A>G
GRCh38:17:43067667:T:C	868927	854140	His1672Arg	NM_007294.4(BRCA1):c.5015A>G (p.His1672Arg)	ENST00000357654.9:c.5015A>G
GRCh38:17:43067670:T:C	868525	854148	Lys1671Arg	NM_007294.4(BRCA1):c.5012A>G (p.Lys1671Arg)	ENST00000357654.9:c.5012A>G
GRCh38:17:43067672:T:A	867533	854153	Arg1670Ser	NM_007294.4(BRCA1):c.5010A>T (p.Arg1670Ser)	ENST00000357654.9:c.5010A>T
GRCh38:17:43067673:C:T	865528	854157	Arg1670Lys	NM_007294.4(BRCA1):c.5009G>A (p.Arg1670Lys)	ENST00000357654.9:c.5009G>A
GRCh38:17:43067674:T:C	865526	854159	Arg1670Gly	NM_007294.4(BRCA1):c.5008A>G (p.Arg1670Gly)	ENST00000357654.9:c.5008A>G
GRCh38:17:43067678:A:C	868916	854166	Phe1668Leu	NM_007294.4(BRCA1):c.5004T>G (p.Phe1668Leu)	ENST00000357654.9:c.5004T>G
GRCh38:17:43067680:A:G	868514	854171	Phe1668Leu	NM_007294.4(BRCA1):c.5002T>C (p.Phe1668Leu)	ENST00000357654.9:c.5002T>C
GRCh38:17:43067685:T:A	865515	854178	Tyr1666Phe	NM_007294.4(BRCA1):c.4997A>T (p.Tyr1666Phe)	ENST00000357654.9:c.4997A>T
GRCh38:17:43067688:A:T	868905	854186	Val1665Glu	NM_007294.4(BRCA1):c.4994T>A (p.Val1665Glu)	ENST00000357654.9:c.4994T>A
GRCh38:17:43067692:G:C	868501	854191	Leu1664Val	NM_007294.4(BRCA1):c.4990C>G (p.Leu1664Val)	ENST00000357654.9:c.4990C>G
GRCh38:17:43067693:C:A	868099	854193	Met1663Ile	NM_007294.4(BRCA1):c.4989G>T (p.Met1663Ile)	ENST00000357654.9:c.4989G>T
GRCh38:17:43067694:A:G	868095	854197	Met1663Thr	NM_007294.4(BRCA1):c.4988T>C (p.Met1663Thr)	ENST00000357654.9:c.4988T>C
GRCh38:17:43070929:A:C	868081	854203	Phe1662Cys	NM_007294.4(BRCA1):c.4985T>G (p.Phe1662Cys)	ENST00000357654.9:c.4985T>G
GRCh38:17:43070929:A:T	865489	854204	Phe1662Tyr	NM_007294.4(BRCA1):c.4985T>A (p.Phe1662Tyr)	ENST00000357654.9:c.4985T>A
GRCh38:17:43070930:A:G	865487	854206	Phe1662Leu	NM_007294.4(BRCA1):c.4984T>C (p.Phe1662Leu)	ENST00000357654.9:c.4984T>C
GRCh38:17:43070935:T:G	868470	854220	Glu1660Ala	NM_007294.4(BRCA1):c.4979A>C (p.Glu1660Ala)	ENST00000357654.9:c.4979A>C
GRCh38:17:43070948:C:T	868458	854247	Gly1656Ser	NM_007294.4(BRCA1):c.4966G>A (p.Gly1656Ser)	ENST00000357654.9:c.4966G>A
GRCh38:17:43070967:T:G	868867	854290	Arg1649Ser	NM_007294.4(BRCA1):c.4947A>C (p.Arg1649Ser)	ENST00000357654.9:c.4947A>C
GRCh38:17:43070968:C:T	868865	854292	Arg1649Lys	NM_007294.4(BRCA1):c.4946G>A (p.Arg1649Lys)	ENST00000357654.9:c.4946G>A
GRCh38:17:43070969:T:C	868440	854294	Arg1649Gly	NM_007294.4(BRCA1):c.4945A>G (p.Arg1649Gly)	ENST00000357654.9:c.4945A>G
GRCh38:17:43070980:C:T	868425	854322	Arg1645Lys	NM_007294.4(BRCA1):c.4934G>A (p.Arg1645Lys)	ENST00000357654.9:c.4934G>A
GRCh38:17:43070986:G:A	865429	854333	Thr1643Ile	NM_007294.4(BRCA1):c.4928C>T (p.Thr1643Ile)	ENST00000357654.9:c.4928C>T
GRCh38:17:43070992:G:T	868410	854351	Ala1641Asp	NM_007294.4(BRCA1):c.4922C>A (p.Ala1641Asp)	ENST00000357654.9:c.4922C>A
GRCh38:17:43070995:G:A	865684	854357	Thr1640Ile	NM_007294.4(BRCA1):c.4919C>T (p.Thr1640Ile)	ENST00000357654.9:c.4919C>T
GRCh38:17:43070997:C:A	865415	854362	Leu1639Phe	NM_007294.4(BRCA1):c.4917G>T (p.Leu1639Phe)	ENST00000357654.9:c.4917G>T
GRCh38:17:43071005:G:T	865674	854381	Pro1637Thr	NM_007294.4(BRCA1):c.4909C>A (p.Pro1637Thr)	ENST00000357654.9:c.4909C>A
GRCh38:17:43071010:T:C	868839	854394	Glu1635Gly	NM_007294.4(BRCA1):c.4904A>G (p.Glu1635Gly)	ENST00000357654.9:c.4904A>G
GRCh38:17:43071016:C:T	865663	854404	Ser1633Asn	NM_007294.4(BRCA1):c.4898G>A (p.Ser1633Asn)	ENST00000357654.9:c.4898G>A
GRCh38:17:43071023:T:C	868834	854415	Ser1631Gly	NM_007294.4(BRCA1):c.4891A>G (p.Ser1631Gly)	ENST00000357654.9:c.4891A>G
GRCh38:17:43104881:G:T	868828	854437	Asp96Glu	NM_007294.4(BRCA1):c.288C>A (p.Asp96Glu)	ENST00000357654.9:c.288C>A
GRCh38:17:43104888:T:G	865628	854454	Gln94Pro	NM_007294.4(BRCA1):c.281A>C (p.Gln94Pro)	ENST00000357654.9:c.281A>C
GRCh38:17:43104895:C:A	868342	854471	Ala92Ser	NM_007294.4(BRCA1):c.274G>T (p.Ala92Ser)	ENST00000357654.9:c.274G>T
GRCh38:17:43104909:A:G	865611	854501	Leu87Ser	NM_007294.4(BRCA1):c.260T>C (p.Leu87Ser)	ENST00000357654.9:c.260T>C
GRCh38:17:43104910:A:T	865610	854502	Leu87Met	NM_007294.4(BRCA1):c.259T>A (p.Leu87Met)	ENST00000357654.9:c.259T>A
GRCh38:17:43104912:A:G	865339	854505	Leu86Pro	NM_007294.4(BRCA1):c.257T>C (p.Leu86Pro)	ENST00000357654.9:c.257T>C
GRCh38:17:43104914:C:G	868809	854510	Glu85Asp	NM_007294.4(BRCA1):c.255G>C (p.Glu85Asp)	ENST00000357654.9:c.255G>C
GRCh38:17:43104916:C:G	868804	854515	Glu85Gln	NM_007294.4(BRCA1):c.253G>C (p.Glu85Gln)	ENST00000357654.9:c.253G>C
GRCh38:17:43104916:C:T	868315	854516	Glu85Lys	NM_007294.4(BRCA1):c.253G>A (p.Glu85Lys)	ENST00000357654.9:c.253G>A
GRCh38:17:43104918:T:C	868310	854521	Glu84Gly	NM_007294.4(BRCA1):c.251A>G (p.Glu84Gly)	ENST00000357654.9:c.251A>G
GRCh38:17:43104919:C:T	865327	854524	Glu84Lys	NM_007294.4(BRCA1):c.250G>A (p.Glu84Lys)	ENST00000357654.9:c.250G>A
GRCh38:17:43104922:C:G	867375	854529	Val83Leu	NM_007294.4(BRCA1):c.247G>C (p.Val83Leu)	ENST00000357654.9:c.247G>C
GRCh38:17:43104924:A:C	867371	854533	Leu82Arg	NM_007294.4(BRCA1):c.245T>G (p.Leu82Arg)	ENST00000357654.9:c.245T>G
GRCh38:17:43104925:G:A	868803	854536	Leu82Phe	NM_007294.4(BRCA1):c.244C>T (p.Leu82Phe)	ENST00000357654.9:c.244C>T
GRCh38:17:43104925:G:C	868802	854537	Leu82Val	NM_007294.4(BRCA1):c.244C>G (p.Leu82Val)	ENST00000357654.9:c.244C>G
GRCh38:17:43104926:T:A	868800	854539	Gln81His	NM_007294.4(BRCA1):c.243A>T (p.Gln81His)	ENST00000357654.9:c.243A>T
GRCh38:17:43104927:T:C	868798	854541	Gln81Arg	NM_007294.4(BRCA1):c.242A>G (p.Gln81Arg)	ENST00000357654.9:c.242A>G
GRCh38:17:43104931:T:C	865313	854551	Ser80Gly	NM_007294.4(BRCA1):c.238A>G (p.Ser80Gly)	ENST00000357654.9:c.238A>G
GRCh38:17:43104931:T:G	865312	854552	Ser80Arg	NM_007294.4(BRCA1):c.238A>C (p.Ser80Arg)	ENST00000357654.9:c.238A>C
GRCh38:17:43104932:A:T	865309	854555	Phe79Leu	NM_007294.4(BRCA1):c.237T>A (p.Phe79Leu)	ENST00000357654.9:c.237T>A
GRCh38:17:43104933:A:C	867368	854556	Phe79Cys	NM_007294.4(BRCA1):c.236T>G (p.Phe79Cys)	ENST00000357654.9:c.236T>G
GRCh38:17:43104933:A:G	867367	854557	Phe79Ser	NM_007294.4(BRCA1):c.236T>C (p.Phe79Ser)	ENST00000357654.9:c.236T>C
GRCh38:17:43104934:A:G	867365	854559	Phe79Leu	NM_007294.4(BRCA1):c.235T>C (p.Phe79Leu)	ENST00000357654.9:c.235T>C
GRCh38:17:43104940:T:G	865301	854572	Thr77Pro	NM_007294.4(BRCA1):c.229A>C (p.Thr77Pro)	ENST00000357654.9:c.229A>C
GRCh38:17:43104943:T:C	867985	854579	Ser76Gly	NM_007294.4(BRCA1):c.226A>G (p.Ser76Gly)	ENST00000357654.9:c.226A>G
GRCh38:17:43104946:C:G	867357	854587	Glu75Gln	NM_007294.4(BRCA1):c.223G>C (p.Glu75Gln)	ENST00000357654.9:c.223G>C
GRCh38:17:43104954:C:A	867977	854600	Ser72Ile	NM_007294.4(BRCA1):c.215G>T (p.Ser72Ile)	ENST00000357654.9:c.215G>T
GRCh38:17:43104956:C:A	867971	854606	Arg71Ser	NM_007294.4(BRCA1):c.213G>T (p.Arg71Ser)	ENST00000357654.9:c.213G>T
GRCh38:17:43106462:G:C	868282	854621	Thr69Ser	NM_007294.4(BRCA1):c.206C>G (p.Thr69Ser)	ENST00000357654.9:c.206C>G
GRCh38:17:43106464:T:C	868278	854625	Ile68Met	NM_007294.4(BRCA1):c.204A>G (p.Ile68Met)	ENST00000357654.9:c.204A>G
GRCh38:17:43106468:T:C	867326	854631	Asp67Gly	NM_007294.4(BRCA1):c.200A>G (p.Asp67Gly)	ENST00000357654.9:c.200A>G
GRCh38:17:43106474:T:G	868265	854646	Lys65Thr	NM_007294.4(BRCA1):c.194A>C (p.Lys65Thr)	ENST00000357654.9:c.194A>C
GRCh38:17:43106483:G:A	865233	854661	Pro62Leu	NM_007294.4(BRCA1):c.185C>T (p.Pro62Leu)	ENST00000357654.9:c.185C>T
GRCh38:17:43106484:G:A	868256	854663	Pro62Ser	NM_007294.4(BRCA1):c.184C>T (p.Pro62Ser)	ENST00000357654.9:c.184C>T
GRCh38:17:43106486:C:A	867923	854668	Cys61Phe	NM_007294.4(BRCA1):c.182G>T (p.Cys61Phe)	ENST00000357654.9:c.182G>T
GRCh38:17:43106495:G:T	868242	854689	Pro58His	NM_007294.4(BRCA1):c.173C>A (p.Pro58His)	ENST00000357654.9:c.173C>A
GRCh38:17:43106503:C:A	867292	854698	Lys55Asn	NM_007294.4(BRCA1):c.165G>T (p.Lys55Asn)	ENST00000357654.9:c.165G>T
GRCh38:17:43106508:G:C	868234	854710	Gln54Glu	NM_007294.4(BRCA1):c.160C>G (p.Gln54Glu)	ENST00000357654.9:c.160C>G
GRCh38:17:43106514:G:C	867281	854724	Leu52Val	NM_007294.4(BRCA1):c.154C>G (p.Leu52Val)	ENST00000357654.9:c.154C>G
GRCh38:17:43106517:G:A	865203	854729	Leu51Phe	NM_007294.4(BRCA1):c.151C>T (p.Leu51Phe)	ENST00000357654.9:c.151C>T
GRCh38:17:43106522:A:G	867886	854741	Leu49Pro	NM_007294.4(BRCA1):c.146T>C (p.Leu49Pro)	ENST00000357654.9:c.146T>C
GRCh38:17:43106525:A:G	867269	854749	Met48Thr	NM_007294.4(BRCA1):c.143T>C (p.Met48Thr)	ENST00000357654.9:c.143T>C
GRCh38:17:43106532:A:C	867878	854761	Phe46Val	NM_007294.4(BRCA1):c.136T>G (p.Phe46Val)	ENST00000357654.9:c.136T>G
GRCh38:17:43106532:A:G	867877	854762	Phe46Leu	NM_007294.4(BRCA1):c.136T>C (p.Phe46Leu)	ENST00000357654.9:c.136T>C
GRCh38:17:43115726:T:A	865153	854766	Lys45Ile	NM_007294.4(BRCA1):c.134A>T (p.Lys45Ile)	ENST00000357654.9:c.134A>T
GRCh38:17:43115727:T:C	865150	854769	Lys45Glu	NM_007294.4(BRCA1):c.133A>G (p.Lys45Glu)	ENST00000357654.9:c.133A>G
GRCh38:17:43115731:A:C	867833	854772	Phe43Leu	NM_007294.4(BRCA1):c.129T>G (p.Phe43Leu)	ENST00000357654.9:c.129T>G
GRCh38:17:43115732:A:T	867829	854776	Phe43Tyr	NM_007294.4(BRCA1):c.128T>A (p.Phe43Tyr)	ENST00000357654.9:c.128T>A
GRCh38:17:43115733:A:C	867828	854777	Phe43Val	NM_007294.4(BRCA1):c.127T>G (p.Phe43Val)	ENST00000357654.9:c.127T>G
GRCh38:17:43115735:A:G	867506	854783	Ile42Thr	NM_007294.4(BRCA1):c.125T>C (p.Ile42Thr)	ENST00000357654.9:c.125T>C
GRCh38:17:43115747:T:A	865133	854800	Lys38Met	NM_007294.4(BRCA1):c.113A>T (p.Lys38Met)	ENST00000357654.9:c.113A>T
GRCh38:17:43115747:T:C	865132	854801	Lys38Arg	NM_007294.4(BRCA1):c.113A>G (p.Lys38Arg)	ENST00000357654.9:c.113A>G
GRCh38:17:43115748:T:C	865129	854804	Lys38Glu	NM_007294.4(BRCA1):c.112A>G (p.Lys38Glu)	ENST00000357654.9:c.112A>G
GRCh38:17:43115751:T:G	868145	854810	Thr37Pro	NM_007294.4(BRCA1):c.109A>C (p.Thr37Pro)	ENST00000357654.9:c.109A>C
GRCh38:17:43115757:C:T	867489	854819	Val35Ile	NM_007294.4(BRCA1):c.103G>A (p.Val35Ile)	ENST00000357654.9:c.103G>A
GRCh38:17:43115760:G:T	865117	854825	Pro34Thr	NM_007294.4(BRCA1):c.100C>A (p.Pro34Thr)	ENST00000357654.9:c.100C>A
GRCh38:17:43115766:T:C	867793	854838	Lys32Glu	NM_007294.4(BRCA1):c.94A>G (p.Lys32Glu)	ENST00000357654.9:c.94A>G
GRCh38:17:43115768:A:G	867477	854843	Ile31Thr	NM_007294.4(BRCA1):c.92T>C (p.Ile31Thr)	ENST00000357654.9:c.92T>C
GRCh38:17:43115768:A:T	867476	854844	Ile31Asn	NM_007294.4(BRCA1):c.92T>A (p.Ile31Asn)	ENST00000357654.9:c.92T>A
GRCh38:17:43115771:A:C	865103	854850	Leu30Trp	NM_007294.4(BRCA1):c.89T>G (p.Leu30Trp)	ENST00000357654.9:c.89T>G
GRCh38:17:43115771:A:G	865102	854851	Leu30Ser	NM_007294.4(BRCA1):c.89T>C (p.Leu30Ser)	ENST00000357654.9:c.89T>C
GRCh38:17:43115775:C:T	868122	854860	Glu29Lys	NM_007294.4(BRCA1):c.85G>A (p.Glu29Lys)	ENST00000357654.9:c.85G>A
GRCh38:17:43115778:G:T	867464	854865	Leu28Met	NM_007294.4(BRCA1):c.82C>A (p.Leu28Met)	ENST00000357654.9:c.82C>A
GRCh38:17:43124028:C:A	868756	854883	Glu23Asp	NM_007294.4(BRCA1):c.69G>T (p.Glu23Asp)	ENST00000357654.9:c.69G>T
GRCh38:17:43124030:C:T	867739	854887	Glu23Lys	NM_007294.4(BRCA1):c.67G>A (p.Glu23Lys)	ENST00000357654.9:c.67G>A
GRCh38:17:43124039:T:C	868743	854903	Lys20Glu	NM_007294.4(BRCA1):c.58A>G (p.Lys20Glu)	ENST00000357654.9:c.58A>G
GRCh38:17:43124042:G:C	867726	854910	Gln19Glu	NM_007294.4(BRCA1):c.55C>G (p.Gln19Glu)	ENST00000357654.9:c.55C>G
GRCh38:17:43124043:C:A	867724	854912	Met18Ile	NM_007294.4(BRCA1):c.54G>T (p.Met18Ile)	ENST00000357654.9:c.54G>T
GRCh38:17:43124045:T:C	865042	854915	Met18Val	NM_007294.4(BRCA1):c.52A>G (p.Met18Val)	ENST00000357654.9:c.52A>G
GRCh38:17:43124047:G:C	869097	854921	Ala17Gly	NM_007294.4(BRCA1):c.50C>G (p.Ala17Gly)	ENST00000357654.9:c.50C>G
GRCh38:17:43124048:C:G	869095	854923	Ala17Pro	NM_007294.4(BRCA1):c.49G>C (p.Ala17Pro)	ENST00000357654.9:c.49G>C
GRCh38:17:43124056:A:G	865032	854941	Val14Ala	NM_007294.4(BRCA1):c.41T>C (p.Val14Ala)	ENST00000357654.9:c.41T>C
GRCh38:17:43124068:T:C	869084	854967	Glu10Gly	NM_007294.4(BRCA1):c.29A>G (p.Glu10Gly)	ENST00000357654.9:c.29A>G
GRCh38:17:43124069:C:T	869080	854971	Glu10Lys	NM_007294.4(BRCA1):c.28G>A (p.Glu10Lys)	ENST00000357654.9:c.28G>A
GRCh38:17:43124074:A:G	867693	854984	Val8Ala	NM_007294.4(BRCA1):c.23T>C (p.Val8Ala)	ENST00000357654.9:c.23T>C
GRCh38:17:43124074:A:T	867692	854985	Val8Asp	NM_007294.4(BRCA1):c.23T>A (p.Val8Asp)	ENST00000357654.9:c.23T>A
GRCh38:17:43124081:G:C	868697	854998	Leu6Val	NM_007294.4(BRCA1):c.16C>G (p.Leu6Val)	ENST00000357654.9:c.16C>G
GRCh38:17:43124084:C:T	867681	855005	Ala5Thr	NM_007294.4(BRCA1):c.13G>A (p.Ala5Thr)	ENST00000357654.9:c.13G>A
GRCh38:17:43124089:A:G	869066	855014	Leu3Ser	NM_007294.4(BRCA1):c.8T>C (p.Leu3Ser)	ENST00000357654.9:c.8T>C
GRCh38:17:43124092:T:C	868684	855022	Asp2Gly	NM_007294.4(BRCA1):c.5A>G (p.Asp2Gly)	ENST00000357654.9:c.5A>G
GRCh38:17:43071148:C:G	888623	877639	Arg1589Pro	NM_007294.4(BRCA1):c.4766G>C (p.Arg1589Pro)	ENST00000357654.9:c.4766G>C
GRCh38:17:43095860:T:A	917777	906105	Asp219Val	NM_007294.4(BRCA1):c.656A>T (p.Asp219Val)	ENST00000357654.9:c.656A>T
GRCh38:17:43045703:G:A	921369	913858	Pro1856Leu	NM_007294.4(BRCA1):c.5567C>T (p.Pro1856Leu)	ENST00000357654.9:c.5567C>T
GRCh38:17:43071031:A:T	926247	913860	Met1628Lys	NM_007294.4(BRCA1):c.4883T>A (p.Met1628Lys)	ENST00000357654.9:c.4883T>A
GRCh38:17:43071064:G:A	919232	913862	Ala1617Val	NM_007294.4(BRCA1):c.4850C>T (p.Ala1617Val)	ENST00000357654.9:c.4850C>T
GRCh38:17:43071067:G:A	923712	913863	Ala1616Val	NM_007294.4(BRCA1):c.4847C>T (p.Ala1616Val)	ENST00000357654.9:c.4847C>T
GRCh38:17:43071167:T:C	928447	913867	Arg1583Gly	NM_007294.4(BRCA1):c.4747A>G (p.Arg1583Gly)	ENST00000357654.9:c.4747A>G
GRCh38:17:43071178:G:A	922319	913868	Pro1579Leu	NM_007294.4(BRCA1):c.4736C>T (p.Pro1579Leu)	ENST00000357654.9:c.4736C>T
GRCh38:17:43076546:T:C	921098	913874	Lys1476Glu	NM_007294.4(BRCA1):c.4426A>G (p.Lys1476Glu)	ENST00000357654.9:c.4426A>G
GRCh38:17:43076584:T:A	920532	913876	Tyr1463Phe	NM_007294.4(BRCA1):c.4388A>T (p.Tyr1463Phe)	ENST00000357654.9:c.4388A>T
GRCh38:17:43082463:A:G	924219	913877	Ile1433Thr	NM_007294.4(BRCA1):c.4298T>C (p.Ile1433Thr)	ENST00000357654.9:c.4298T>C
GRCh38:17:43082499:T:G	924853	913878	His1421Pro	NM_007294.4(BRCA1):c.4262A>C (p.His1421Pro)	ENST00000357654.9:c.4262A>C
GRCh38:17:43082532:T:A	918553	913879	Glu1410Val	NM_007294.4(BRCA1):c.4229A>T (p.Glu1410Val)	ENST00000357654.9:c.4229A>T
GRCh38:17:43082535:T:A	921480	913880	Gln1409Leu	NM_007294.4(BRCA1):c.4226A>T (p.Gln1409Leu)	ENST00000357654.9:c.4226A>T
GRCh38:17:43090982:A:G	926722	913881	Ser1383Pro	NM_007294.4(BRCA1):c.4147T>C (p.Ser1383Pro)	ENST00000357654.9:c.4147T>C
GRCh38:17:43095881:G:A	919790	913972	Thr212Ile	NM_007294.4(BRCA1):c.635C>T (p.Thr212Ile)	ENST00000357654.9:c.635C>T
GRCh38:17:43095894:T:C	920338	913975	Thr208Ala	NM_007294.4(BRCA1):c.622A>G (p.Thr208Ala)	ENST00000357654.9:c.622A>G
GRCh38:17:43099825:C:T	925718	913977	Arg166Lys	NM_007294.4(BRCA1):c.497G>A (p.Arg166Lys)	ENST00000357654.9:c.497G>A
GRCh38:17:43099832:T:A	919922	913978	Thr164Ser	NM_007294.4(BRCA1):c.490A>T (p.Thr164Ser)	ENST00000357654.9:c.490A>T
GRCh38:17:43099843:C:A	919142	913979	Gly160Val	NM_007294.4(BRCA1):c.479G>T (p.Gly160Val)	ENST00000357654.9:c.479G>T
GRCh38:17:43099861:A:G	921239	913980	Val154Ala	NM_007294.4(BRCA1):c.461T>C (p.Val154Ala)	ENST00000357654.9:c.461T>C
GRCh38:17:43104139:G:T	928212	913981	Pro142Thr	NM_007294.4(BRCA1):c.424C>A (p.Pro142Thr)	ENST00000357654.9:c.424C>A
GRCh38:17:43104870:T:G	920309	913984	Glu100Ala	NM_007294.4(BRCA1):c.299A>C (p.Glu100Ala)	ENST00000357654.9:c.299A>C
GRCh38:17:43071166:C:G	928766	917247	Arg1583Thr	NM_007294.4(BRCA1):c.4748G>C (p.Arg1583Thr)	ENST00000357654.9:c.4748G>C
GRCh38:17:43104210:A:C	928779	917263	Leu118Arg	NM_007294.4(BRCA1):c.353T>G (p.Leu118Arg)	ENST00000357654.9:c.353T>G
GRCh38:17:43074485:C:A	951707	928273	Arg1507Ser	NM_007294.4(BRCA1):c.4521G>T (p.Arg1507Ser)	ENST00000357654.9:c.4521G>T
GRCh38:17:43076506:T:A	951768	928274	Lys1489Ile	NM_007294.4(BRCA1):c.4466A>T (p.Lys1489Ile)	ENST00000357654.9:c.4466A>T
GRCh38:17:43076507:T:C	951096	928275	Lys1489Glu	NM_007294.4(BRCA1):c.4465A>G (p.Lys1489Glu)	ENST00000357654.9:c.4465A>G
GRCh38:17:43076530:G:A	946648	928276	Ala1481Val	NM_007294.4(BRCA1):c.4442C>T (p.Ala1481Val)	ENST00000357654.9:c.4442C>T
GRCh38:17:43076534:A:G	945255	928277	Ser1480Pro	NM_007294.4(BRCA1):c.4438T>C (p.Ser1480Pro)	ENST00000357654.9:c.4438T>C
GRCh38:17:43076595:T:A	952219	928279	Lys1459Asn	NM_007294.4(BRCA1):c.4377A>T (p.Lys1459Asn)	ENST00000357654.9:c.4377A>T
GRCh38:17:43076600:G:C	950696	928280	Gln1458Glu	NM_007294.4(BRCA1):c.4372C>G (p.Gln1458Glu)	ENST00000357654.9:c.4372C>G
GRCh38:17:43082438:G:T	951122	928281	Asp1441Glu	NM_007294.4(BRCA1):c.4323C>A (p.Asp1441Glu)	ENST00000357654.9:c.4323C>A
GRCh38:17:43082472:G:A	950626	928282	Pro1430Leu	NM_007294.4(BRCA1):c.4289C>T (p.Pro1430Leu)	ENST00000357654.9:c.4289C>T
GRCh38:17:43082493:C:T	946942	928283	Ser1423Asn	NM_007294.4(BRCA1):c.4268G>A (p.Ser1423Asn)	ENST00000357654.9:c.4268G>A
GRCh38:17:43090964:T:G	945108	928284	Ser1389Arg	NM_007294.4(BRCA1):c.4165A>C (p.Ser1389Arg)	ENST00000357654.9:c.4165A>C
GRCh38:17:43099804:G:A	952817	928325	Pro173Leu	NM_007294.4(BRCA1):c.518C>T (p.Pro173Leu)	ENST00000357654.9:c.518C>T
GRCh38:17:43104154:G:T	948029	928326	Leu137Ile	NM_007294.4(BRCA1):c.409C>A (p.Leu137Ile)	ENST00000357654.9:c.409C>A
GRCh38:17:43104261:T:A	945287	928327	Tyr101Phe	NM_007294.4(BRCA1):c.302A>T (p.Tyr101Phe)	ENST00000357654.9:c.302A>T
GRCh38:17:43071194:C:A	936973	937942	Asp1574Tyr	NM_007294.4(BRCA1):c.4720G>T (p.Asp1574Tyr)	ENST00000357654.9:c.4720G>T
GRCh38:17:43074452:C:G	936650	937944	Gln1518His	NM_007294.4(BRCA1):c.4554G>C (p.Gln1518His)	ENST00000357654.9:c.4554G>C
GRCh38:17:43076585:A:T	938286	937945	Tyr1463Asn	NM_007294.4(BRCA1):c.4387T>A (p.Tyr1463Asn)	ENST00000357654.9:c.4387T>A
GRCh38:17:43076599:T:A	934818	937946	Gln1458Leu	NM_007294.4(BRCA1):c.4373A>T (p.Gln1458Leu)	ENST00000357654.9:c.4373A>T
GRCh38:17:43082558:T:A	941274	937947	Gln1401His	NM_007294.4(BRCA1):c.4203A>T (p.Gln1401His)	ENST00000357654.9:c.4203A>T
GRCh38:17:43099869:A:C	937709	937977	Ser151Arg	NM_007294.4(BRCA1):c.453T>G (p.Ser151Arg)	ENST00000357654.9:c.453T>G
GRCh38:17:43051107:C:T	955912	949925	Gly1763Glu	NM_007294.4(BRCA1):c.5288G>A (p.Gly1763Glu)	ENST00000357654.9:c.5288G>A
GRCh38:17:43071070:G:C	953690	949926	Ala1615Gly	NM_007294.4(BRCA1):c.4844C>G (p.Ala1615Gly)	ENST00000357654.9:c.4844C>G
GRCh38:17:43074358:T:C	954020	949927	Thr1550Ala	NM_007294.4(BRCA1):c.4648A>G (p.Thr1550Ala)	ENST00000357654.9:c.4648A>G
GRCh38:17:43074424:G:C	963819	949928	Leu1528Val	NM_007294.4(BRCA1):c.4582C>G (p.Leu1528Val)	ENST00000357654.9:c.4582C>G
GRCh38:17:43074476:C:A	957112	949929	Met1510Ile	NM_007294.4(BRCA1):c.4530G>T (p.Met1510Ile)	ENST00000357654.9:c.4530G>T
GRCh38:17:43076500:G:C	953812	949931	Pro1491Arg	NM_007294.4(BRCA1):c.4472C>G (p.Pro1491Arg)	ENST00000357654.9:c.4472C>G
GRCh38:17:43090979:C:A	964444	949933	Gly1384Trp	NM_007294.4(BRCA1):c.4150G>T (p.Gly1384Trp)	ENST00000357654.9:c.4150G>T
GRCh38:17:43095868:G:C	960534	949961	Ile216Met	NM_007294.4(BRCA1):c.648C>G (p.Ile216Met)	ENST00000357654.9:c.648C>G
GRCh38:17:43097246:G:C	978545	949963	Cys197Trp	NM_007294.4(BRCA1):c.591C>G (p.Cys197Trp)	ENST00000357654.9:c.591C>G
GRCh38:17:43104222:G:A	958403	949964	Ser114Phe	NM_007294.4(BRCA1):c.341C>T (p.Ser114Phe)	ENST00000357654.9:c.341C>T
GRCh38:17:43071026:C:T	967028	958116	Glu1630Lys	NM_007294.4(BRCA1):c.4888G>A (p.Glu1630Lys)	ENST00000357654.9:c.4888G>A
GRCh38:17:43074493:C:T	965452	958119	Asp1505Asn	NM_007294.4(BRCA1):c.4513G>A (p.Asp1505Asn)	ENST00000357654.9:c.4513G>A
GRCh38:17:43095887:T:C	968031	958140	Gln210Arg	NM_007294.4(BRCA1):c.629A>G (p.Gln210Arg)	ENST00000357654.9:c.629A>G
GRCh38:17:43071185:A:C	981650	969735	Ser1577Ala	NM_007294.4(BRCA1):c.4729T>G (p.Ser1577Ala)	ENST00000357654.9:c.4729T>G
GRCh38:17:43071079:T:A	993137	981159	Gln1612Leu	NM_007294.4(BRCA1):c.4835A>T (p.Gln1612Leu)	ENST00000357654.9:c.4835A>T
GRCh38:17:43091017:C:G	993166	981163	Gly1371Ala	NM_007294.4(BRCA1):c.4112G>C (p.Gly1371Ala)	ENST00000357654.9:c.4112G>C
GRCh38:17:43074351:T:C	996241	983996	Tyr1552Cys	NM_007294.4(BRCA1):c.4655A>G (p.Tyr1552Cys)	ENST00000357654.9:c.4655A>G
GRCh38:17:43071074:G:C	1010734	997559	Pro1614Ala	NM_007294.4(BRCA1):c.4840C>G (p.Pro1614Ala)	ENST00000357654.9:c.4840C>G
GRCh38:17:43071205:A:G	1000183	997560	Leu1570Pro	NM_007294.4(BRCA1):c.4709T>C (p.Leu1570Pro)	ENST00000357654.9:c.4709T>C
GRCh38:17:43071229:G:C	1005528	997561	Pro1562Arg	NM_007294.4(BRCA1):c.4685C>G (p.Pro1562Arg)	ENST00000357654.9:c.4685C>G
GRCh38:17:43074354:G:A	1005841	997562	Ser1551Phe	NM_007294.4(BRCA1):c.4652C>T (p.Ser1551Phe)	ENST00000357654.9:c.4652C>T
GRCh38:17:43074420:A:C	1009406	997563	Ile1529Ser	NM_007294.4(BRCA1):c.4586T>G (p.Ile1529Ser)	ENST00000357654.9:c.4586T>G
GRCh38:17:43076527:T:G	1009272	997564	Asp1482Ala	NM_007294.4(BRCA1):c.4445A>C (p.Asp1482Ala)	ENST00000357654.9:c.4445A>C
GRCh38:17:43082428:G:A	1005598	997565	Pro1445Ser	NM_007294.4(BRCA1):c.4333C>T (p.Pro1445Ser)	ENST00000357654.9:c.4333C>T
GRCh38:17:43082543:C:A	999083	997567	Lys1406Asn	NM_007294.4(BRCA1):c.4218G>T (p.Lys1406Asn)	ENST00000357654.9:c.4218G>T
GRCh38:17:43090967:G:T	1005980	997568	Gln1388Lys	NM_007294.4(BRCA1):c.4162C>A (p.Gln1388Lys)	ENST00000357654.9:c.4162C>A
GRCh38:17:43095875:T:A	1010063	997591	Asp214Val	NM_007294.4(BRCA1):c.641A>T (p.Asp214Val)	ENST00000357654.9:c.641A>T
GRCh38:17:43099822:G:A	1009204	997593	Thr167Ile	NM_007294.4(BRCA1):c.500C>T (p.Thr167Ile)	ENST00000357654.9:c.500C>T
GRCh38:17:43104210:A:G	1001081	997594	Leu118Pro	NM_007294.4(BRCA1):c.353T>C (p.Leu118Pro)	ENST00000357654.9:c.353T>C
GRCh38:17:43074398:C:A	1022166	1012762	Glu1536Asp	NM_007294.4(BRCA1):c.4608G>T (p.Glu1536Asp)	ENST00000357654.9:c.4608G>T
GRCh38:17:43074411:A:G	1013802	1012763	Val1532Ala	NM_007294.4(BRCA1):c.4595T>C (p.Val1532Ala)	ENST00000357654.9:c.4595T>C
GRCh38:17:43074425:C:A	1015826	1012764	Glu1527Asp	NM_007294.4(BRCA1):c.4581G>T (p.Glu1527Asp)	ENST00000357654.9:c.4581G>T
GRCh38:17:43076495:C:A	1024428	1012765	Val1493Leu	NM_007294.4(BRCA1):c.4477G>T (p.Val1493Leu)	ENST00000357654.9:c.4477G>T
GRCh38:17:43076569:T:G	1014065	1012766	Asn1468Thr	NM_007294.4(BRCA1):c.4403A>C (p.Asn1468Thr)	ENST00000357654.9:c.4403A>C
GRCh38:17:43090966:T:C	1020675	1012768	Gln1388Arg	NM_007294.4(BRCA1):c.4163A>G (p.Gln1388Arg)	ENST00000357654.9:c.4163A>G
GRCh38:17:43091024:C:T	1024990	1012769	Ala1369Thr	NM_007294.4(BRCA1):c.4105G>A (p.Ala1369Thr)	ENST00000357654.9:c.4105G>A
GRCh38:17:43071030:C:T	1043747	1033303	Met1628Ile	NM_007294.4(BRCA1):c.4884G>A (p.Met1628Ile)	ENST00000357654.9:c.4884G>A
GRCh38:17:43074504:C:T	1044675	1033304	Cys1501Tyr	NM_007294.4(BRCA1):c.4502G>A (p.Cys1501Tyr)	ENST00000357654.9:c.4502G>A
GRCh38:17:43076538:C:A	1035284	1033305	Glu1478Asp	NM_007294.4(BRCA1):c.4434G>T (p.Glu1478Asp)	ENST00000357654.9:c.4434G>T
GRCh38:17:43095854:G:T	1040071	1033329	Ala221Glu	NM_007294.4(BRCA1):c.662C>A (p.Ala221Glu)	ENST00000357654.9:c.662C>A
GRCh38:17:43095873:C:T	1037513	1033330	Glu215Lys	NM_007294.4(BRCA1):c.643G>A (p.Glu215Lys)	ENST00000357654.9:c.643G>A
GRCh38:17:43095884:C:G	1034679	1033331	Gly211Ala	NM_007294.4(BRCA1):c.632G>C (p.Gly211Ala)	ENST00000357654.9:c.632G>C
GRCh38:17:43099873:G:C	1045169	1033332	Thr150Ser	NM_007294.4(BRCA1):c.449C>G (p.Thr150Ser)	ENST00000357654.9:c.449C>G
GRCh38:17:43104135:T:C	1044896	1033333	Glu143Gly	NM_007294.4(BRCA1):c.428A>G (p.Glu143Gly)	ENST00000357654.9:c.428A>G
GRCh38:17:43104159:T:G	1047505	1033334	Lys135Thr	NM_007294.4(BRCA1):c.404A>C (p.Lys135Thr)	ENST00000357654.9:c.404A>C
GRCh38:17:43071025:T:C	1050408	1038552	Glu1630Gly	NM_007294.4(BRCA1):c.4889A>G (p.Glu1630Gly)	ENST00000357654.9:c.4889A>G
GRCh38:17:43074474:T:C	1049065	1038556	His1511Arg	NM_007294.4(BRCA1):c.4532A>G (p.His1511Arg)	ENST00000357654.9:c.4532A>G
GRCh38:17:43082467:T:C	1049902	1038560	Ile1432Val	NM_007294.4(BRCA1):c.4294A>G (p.Ile1432Val)	ENST00000357654.9:c.4294A>G
GRCh38:17:43071040:T:A	1063194	1050280	Tyr1625Phe	NM_007294.4(BRCA1):c.4874A>T (p.Tyr1625Phe)	ENST00000357654.9:c.4874A>T
GRCh38:17:43071059:T:C	1064261	1050281	Thr1619Ala	NM_007294.4(BRCA1):c.4855A>G (p.Thr1619Ala)	ENST00000357654.9:c.4855A>G
GRCh38:17:43071168:G:C	1054980	1050282	Asp1582Glu	NM_007294.4(BRCA1):c.4746C>G (p.Asp1582Glu)	ENST00000357654.9:c.4746C>G
GRCh38:17:43071179:G:A	1055766	1050283	Pro1579Ser	NM_007294.4(BRCA1):c.4735C>T (p.Pro1579Ser)	ENST00000357654.9:c.4735C>T
GRCh38:17:43074439:G:A	1063272	1050285	Pro1523Ser	NM_007294.4(BRCA1):c.4567C>T (p.Pro1523Ser)	ENST00000357654.9:c.4567C>T
GRCh38:17:43082454:G:A	1059740	1050288	Ser1436Phe	NM_007294.4(BRCA1):c.4307C>T (p.Ser1436Phe)	ENST00000357654.9:c.4307C>T
GRCh38:17:43082568:T:A	1064293	1050289	Asp1398Val	NM_007294.4(BRCA1):c.4193A>T (p.Asp1398Val)	ENST00000357654.9:c.4193A>T
GRCh38:17:43104154:G:A	1054022	1050322	Leu137Phe	NM_007294.4(BRCA1):c.409C>T (p.Leu137Phe)	ENST00000357654.9:c.409C>T
GRCh38:17:43104156:C:T	1051488	1050323	Arg136Lys	NM_007294.4(BRCA1):c.407G>A (p.Arg136Lys)	ENST00000357654.9:c.407G>A
GRCh38:17:43104175:A:G	1051035	1050324	Tyr130His	NM_007294.4(BRCA1):c.388T>C (p.Tyr130His)	ENST00000357654.9:c.388T>C
GRCh38:17:43045776:C:T	1171791	1161351	Val1832Met	NM_007294.4(BRCA1):c.5494G>A (p.Val1832Met)	ENST00000357654.9:c.5494G>A
GRCh38:17:43076497:C:A	1172378	1161354	Gly1492Val	NM_007294.4(BRCA1):c.4475G>T (p.Gly1492Val)	ENST00000357654.9:c.4475G>T
GRCh38:17:43095900:G:T	1172402	1161367	Gln206Lys	NM_007294.4(BRCA1):c.616C>A (p.Gln206Lys)	ENST00000357654.9:c.616C>A
GRCh38:17:43095846:C:G	1175044	1164507	Ala224Pro	NM_007294.4(BRCA1):c.670G>C (p.Ala224Pro)	ENST00000357654.9:c.670G>C
GRCh38:17:43099828:A:G	1175105	1164508	Leu165Pro	NM_007294.4(BRCA1):c.494T>C (p.Leu165Pro)	ENST00000357654.9:c.494T>C
GRCh38:17:43104199:C:T	1199035	1188543	Val122Ile	NM_007294.4(BRCA1):c.364G>A (p.Val122Ile)	ENST00000357654.9:c.364G>A
GRCh38:17:43099844:C:G	1390011	1245711	Gly160Arg	NM_007294.4(BRCA1):c.478G>C (p.Gly160Arg)	ENST00000357654.9:c.478G>C
GRCh38:17:43093489:C:A	2774855	1245719	Ser681Ile	NM_007294.4(BRCA1):c.2042G>T (p.Ser681Ile)	ENST00000357654.9:c.2042G>T
GRCh38:17:43092761:T:C	4215089	1245722	Asn924Asp	NM_007294.4(BRCA1):c.2770A>G (p.Asn924Asp)	ENST00000357654.9:c.2770A>G
GRCh38:17:43097257:C:T	1285455	1275298	Ala194Thr	NM_007294.4(BRCA1):c.580G>A (p.Ala194Thr)	ENST00000357654.9:c.580G>A
GRCh38:17:43097251:A:C	1319801	1310050	Tyr196Asp	NM_007294.4(BRCA1):c.586T>G (p.Tyr196Asp)	ENST00000357654.9:c.586T>G
GRCh38:17:43071046:G:A	1325655	1315920	Ala1623Val	NM_007294.4(BRCA1):c.4868C>T (p.Ala1623Val)	ENST00000357654.9:c.4868C>T
GRCh38:17:43095898:T:G	1330046	1320729	Gln206His	NM_007294.4(BRCA1):c.618A>C (p.Gln206His)	ENST00000357654.9:c.618A>C
GRCh38:17:43104229:T:A	1330050	1320733	Asn112Tyr	NM_007294.4(BRCA1):c.334A>T (p.Asn112Tyr)	ENST00000357654.9:c.334A>T
GRCh38:17:43099863:A:T	1330109	1320791	Ser153Arg	NM_007294.4(BRCA1):c.459T>A (p.Ser153Arg)	ENST00000357654.9:c.459T>A
GRCh38:17:43076596:T:A	1331217	1321892	Lys1459Ile	NM_007294.4(BRCA1):c.4376A>T (p.Lys1459Ile)	ENST00000357654.9:c.4376A>T
GRCh38:17:43082404:C:T	1491600	1342637	Ala1453Thr	NM_007294.4(BRCA1):c.4357G>A (p.Ala1453Thr)	ENST00000357654.9:c.4357G>A
GRCh38:17:43071235:C:T	1518880	1343073	Gly1560Glu	NM_007294.4(BRCA1):c.4679G>A (p.Gly1560Glu)	ENST00000357654.9:c.4679G>A
GRCh38:17:43074373:G:A	1466706	1348064	His1545Tyr	NM_007294.4(BRCA1):c.4633C>T (p.His1545Tyr)	ENST00000357654.9:c.4633C>T
GRCh38:17:43082566:T:C	1424745	1353255	Thr1399Ala	NM_007294.4(BRCA1):c.4195A>G (p.Thr1399Ala)	ENST00000357654.9:c.4195A>G
GRCh38:17:43076614:G:T	1479797	1364467	Ala1453Glu	NM_007294.4(BRCA1):c.4358C>A (p.Ala1453Glu)	ENST00000357654.9:c.4358C>A
GRCh38:17:43095908:T:C	1385134	1367880	Glu203Gly	NM_007294.4(BRCA1):c.608A>G (p.Glu203Gly)	ENST00000357654.9:c.608A>G
GRCh38:17:43097259:T:G	1510971	1377786	Lys193Thr	NM_007294.4(BRCA1):c.578A>C (p.Lys193Thr)	ENST00000357654.9:c.578A>C
GRCh38:17:43082406:T:G	1346271	1378560	Lys1452Thr	NM_007294.4(BRCA1):c.4355A>C (p.Lys1452Thr)	ENST00000357654.9:c.4355A>C
GRCh38:17:43071165:T:A	1496674	1382076	Arg1583Ser	NM_007294.4(BRCA1):c.4749A>T (p.Arg1583Ser)	ENST00000357654.9:c.4749A>T
GRCh38:17:43076528:C:T	1500055	1385875	Asp1482Asn	NM_007294.4(BRCA1):c.4444G>A (p.Asp1482Asn)	ENST00000357654.9:c.4444G>A
GRCh38:17:43099805:G:T	1419169	1386848	Pro173Thr	NM_007294.4(BRCA1):c.517C>A (p.Pro173Thr)	ENST00000357654.9:c.517C>A
GRCh38:17:43071121:G:A	1446083	1390913	Ser1598Phe	NM_007294.4(BRCA1):c.4793C>T (p.Ser1598Phe)	ENST00000357654.9:c.4793C>T
GRCh38:17:43070941:G:A	1365368	1402238	Thr1658Ile	NM_007294.4(BRCA1):c.4973C>T (p.Thr1658Ile)	ENST00000357654.9:c.4973C>T
GRCh38:17:43071191:G:T	1488496	1419967	Pro1575Thr	NM_007294.4(BRCA1):c.4723C>A (p.Pro1575Thr)	ENST00000357654.9:c.4723C>A
GRCh38:17:43071238:T:A	1354612	1434197	Glu1559Val	NM_007294.4(BRCA1):c.4676A>T (p.Glu1559Val)	ENST00000357654.9:c.4676A>T
GRCh38:17:43104157:T:C	1409763	1435019	Arg136Gly	NM_007294.4(BRCA1):c.406A>G (p.Arg136Gly)	ENST00000357654.9:c.406A>G
GRCh38:17:43071052:T:C	1509910	1445829	Asp1621Gly	NM_007294.4(BRCA1):c.4862A>G (p.Asp1621Gly)	ENST00000357654.9:c.4862A>G
GRCh38:17:43099840:G:C	1493878	1449380	Thr161Ser	NM_007294.4(BRCA1):c.482C>G (p.Thr161Ser)	ENST00000357654.9:c.482C>G
GRCh38:17:43076581:G:A	1481377	1451815	Pro1464Leu	NM_007294.4(BRCA1):c.4391C>T (p.Pro1464Leu)	ENST00000357654.9:c.4391C>T
GRCh38:17:43082572:T:C	1508878	1451995	Arg1397Gly	NM_007294.4(BRCA1):c.4189A>G (p.Arg1397Gly)	ENST00000357654.9:c.4189A>G
GRCh38:17:43082415:G:A	1374575	1453544	Thr1449Ile	NM_007294.4(BRCA1):c.4346C>T (p.Thr1449Ile)	ENST00000357654.9:c.4346C>T
GRCh38:17:43097266:C:A	1429417	1454533	Val191Phe	NM_007294.4(BRCA1):c.571G>T (p.Val191Phe)	ENST00000357654.9:c.571G>T
GRCh38:17:43104126:G:C	1483910	1458693	Ser146Cys	NM_007294.4(BRCA1):c.437C>G (p.Ser146Cys)	ENST00000357654.9:c.437C>G
GRCh38:17:43045684:G:C	1522936	1460129	His1862Gln	NM_007294.4(BRCA1):c.5586C>G (p.His1862Gln)	ENST00000357654.9:c.5586C>G
GRCh38:17:43076575:C:A	1375849	1470235	Ser1466Ile	NM_007294.4(BRCA1):c.4397G>T (p.Ser1466Ile)	ENST00000357654.9:c.4397G>T
GRCh38:17:43090946:G:C	1513251	1472306	Gln1395Glu	NM_007294.4(BRCA1):c.4183C>G (p.Gln1395Glu)	ENST00000357654.9:c.4183C>G
GRCh38:17:43090976:G:C	1497111	1475732	Leu1385Val	NM_007294.4(BRCA1):c.4153C>G (p.Leu1385Val)	ENST00000357654.9:c.4153C>G
GRCh38:17:43104228:T:C	1484628	1478166	Asn112Ser	NM_007294.4(BRCA1):c.335A>G (p.Asn112Ser)	ENST00000357654.9:c.335A>G
GRCh38:17:43074346:G:T	1484791	1478329	Pro1554Thr	NM_007294.4(BRCA1):c.4660C>A (p.Pro1554Thr)	ENST00000357654.9:c.4660C>A
GRCh38:17:43091005:T:C	1432384	1484495	Glu1375Gly	NM_007294.4(BRCA1):c.4124A>G (p.Glu1375Gly)	ENST00000357654.9:c.4124A>G
GRCh38:17:43076585:A:G	1416615	1487355	Tyr1463His	NM_007294.4(BRCA1):c.4387T>C (p.Tyr1463His)	ENST00000357654.9:c.4387T>C
GRCh38:17:43082544:T:G	1363350	1489210	Lys1406Thr	NM_007294.4(BRCA1):c.4217A>C (p.Lys1406Thr)	ENST00000357654.9:c.4217A>C
GRCh38:17:43074475:G:A	1461672	1494615	His1511Tyr	NM_007294.4(BRCA1):c.4531C>T (p.His1511Tyr)	ENST00000357654.9:c.4531C>T
GRCh38:17:43097269:T:C	1489611	1495217	Thr190Ala	NM_007294.4(BRCA1):c.568A>G (p.Thr190Ala)	ENST00000357654.9:c.568A>G
GRCh38:17:43045688:C:T	1381587	1496549	Ser1861Asn	NM_007294.4(BRCA1):c.5582G>A (p.Ser1861Asn)	ENST00000357654.9:c.5582G>A
GRCh38:17:43074426:T:A	1461372	1498203	Glu1527Val	NM_007294.4(BRCA1):c.4580A>T (p.Glu1527Val)	ENST00000357654.9:c.4580A>T
GRCh38:17:43074416:C:A	1352454	1505664	Lys1530Asn	NM_007294.4(BRCA1):c.4590G>T (p.Lys1530Asn)	ENST00000357654.9:c.4590G>T
GRCh38:17:43099879:T:C	1380053	1506102	Gln148Arg	NM_007294.4(BRCA1):c.443A>G (p.Gln148Arg)	ENST00000357654.9:c.443A>G
GRCh38:17:43090944:C:A	1410374	1513681	Gln1395His	NM_007294.4(BRCA1):c.4185G>T (p.Gln1395His)	ENST00000357654.9:c.4185G>T
GRCh38:17:43071028:T:C	1520029	1516025	Glu1629Gly	NM_007294.4(BRCA1):c.4886A>G (p.Glu1629Gly)	ENST00000357654.9:c.4886A>G
GRCh38:17:43074338:T:G	1683332	1675230	Gln1556His	NM_007294.4(BRCA1):c.4668A>C (p.Gln1556His)	ENST00000357654.9:c.4668A>C
GRCh38:17:43074342:C:G	1686510	1678516	Arg1555Thr	NM_007294.4(BRCA1):c.4664G>C (p.Arg1555Thr)	ENST00000357654.9:c.4664G>C
GRCh38:17:43104141:T:A	1692970	1685410	Glu141Val	NM_007294.4(BRCA1):c.422A>T (p.Glu141Val)	ENST00000357654.9:c.422A>T
GRCh38:17:43076566:G:A	1692971	1685411	Pro1469Leu	NM_007294.4(BRCA1):c.4406C>T (p.Pro1469Leu)	ENST00000357654.9:c.4406C>T
GRCh38:17:43071145:A:C	1697602	1689986	Val1590Gly	NM_007294.4(BRCA1):c.4769T>G (p.Val1590Gly)	ENST00000357654.9:c.4769T>G
GRCh38:17:43104212:A:T	1697608	1689992	His117Gln	NM_007294.4(BRCA1):c.351T>A (p.His117Gln)	ENST00000357654.9:c.351T>A
GRCh38:17:43095866:C:T	1705061	1699593	Ser217Asn	NM_007294.4(BRCA1):c.650G>A (p.Ser217Asn)	ENST00000357654.9:c.650G>A
GRCh38:17:43076491:T:G	1705078	1699610	Glu1494Ala	NM_007294.4(BRCA1):c.4481A>C (p.Glu1494Ala)	ENST00000357654.9:c.4481A>C
GRCh38:17:43071049:G:A	1712224	1710646	Thr1622Ile	NM_007294.4(BRCA1):c.4865C>T (p.Thr1622Ile)	ENST00000357654.9:c.4865C>T
GRCh38:17:43071065:C:A	1721423	1772757	Ala1617Ser	NM_007294.4(BRCA1):c.4849G>T (p.Ala1617Ser)	ENST00000357654.9:c.4849G>T
GRCh38:17:43097284:C:T	1721597	1772931	Asp185Asn	NM_007294.4(BRCA1):c.553G>A (p.Asp185Asn)	ENST00000357654.9:c.553G>A
GRCh38:17:43074414:A:G	1715651	1773596	Val1531Ala	NM_007294.4(BRCA1):c.4592T>C (p.Val1531Ala)	ENST00000357654.9:c.4592T>C
GRCh38:17:43071112:T:C	1720991	1774973	Lys1601Arg	NM_007294.4(BRCA1):c.4802A>G (p.Lys1601Arg)	ENST00000357654.9:c.4802A>G
GRCh38:17:43045692:G:T	1714923	1777924	His1860Asn	NM_007294.4(BRCA1):c.5578C>A (p.His1860Asn)	ENST00000357654.9:c.5578C>A
GRCh38:17:43104241:C:T	1729175	1785464	Ala108Thr	NM_007294.4(BRCA1):c.322G>A (p.Ala108Thr)	ENST00000357654.9:c.322G>A
GRCh38:17:43104226:T:A	1730800	1785788	Asn113Tyr	NM_007294.4(BRCA1):c.337A>T (p.Asn113Tyr)	ENST00000357654.9:c.337A>T
GRCh38:17:43091024:C:A	1737880	1787743	Ala1369Ser	NM_007294.4(BRCA1):c.4105G>T (p.Ala1369Ser)	ENST00000357654.9:c.4105G>T
GRCh38:17:43082524:C:G	1738950	1787949	Glu1413Gln	NM_007294.4(BRCA1):c.4237G>C (p.Glu1413Gln)	ENST00000357654.9:c.4237G>C
GRCh38:17:43082512:C:A	1739051	1788048	Val1417Leu	NM_007294.4(BRCA1):c.4249G>T (p.Val1417Leu)	ENST00000357654.9:c.4249G>T
GRCh38:17:43104138:G:A	1739155	1788152	Pro142Leu	NM_007294.4(BRCA1):c.425C>T (p.Pro142Leu)	ENST00000357654.9:c.425C>T
GRCh38:17:43104177:C:T	1735682	1790176	Gly129Asp	NM_007294.4(BRCA1):c.386G>A (p.Gly129Asp)	ENST00000357654.9:c.386G>A
GRCh38:17:43090965:C:A	1738365	1790698	Gln1388His	NM_007294.4(BRCA1):c.4164G>T (p.Gln1388His)	ENST00000357654.9:c.4164G>T
GRCh38:17:43082570:C:A	1738577	1790910	Arg1397Ser	NM_007294.4(BRCA1):c.4191G>T (p.Arg1397Ser)	ENST00000357654.9:c.4191G>T
GRCh38:17:43104144:C:G	1738622	1790955	Ser140Thr	NM_007294.4(BRCA1):c.419G>C (p.Ser140Thr)	ENST00000357654.9:c.419G>C
GRCh38:17:43076603:A:G	1740065	1791098	Ser1457Pro	NM_007294.4(BRCA1):c.4369T>C (p.Ser1457Pro)	ENST00000357654.9:c.4369T>C
GRCh38:17:43076578:A:T	1740251	1791284	Ile1465Lys	NM_007294.4(BRCA1):c.4394T>A (p.Ile1465Lys)	ENST00000357654.9:c.4394T>A
GRCh38:17:43076551:G:T	1740486	1791516	Ala1474Asp	NM_007294.4(BRCA1):c.4421C>A (p.Ala1474Asp)	ENST00000357654.9:c.4421C>A
GRCh38:17:43104246:T:G	1728507	1791907	Asn106Thr	NM_007294.4(BRCA1):c.317A>C (p.Asn106Thr)	ENST00000357654.9:c.317A>C
GRCh38:17:43104233:C:G	1730068	1792274	Lys110Asn	NM_007294.4(BRCA1):c.330G>C (p.Lys110Asn)	ENST00000357654.9:c.330G>C
GRCh38:17:43104185:T:A	1734914	1793253	Gln126His	NM_007294.4(BRCA1):c.378A>T (p.Gln126His)	ENST00000357654.9:c.378A>T
GRCh38:17:43082416:T:G	1739880	1794326	Thr1449Pro	NM_007294.4(BRCA1):c.4345A>C (p.Thr1449Pro)	ENST00000357654.9:c.4345A>C
GRCh38:17:43076614:G:C	1739973	1794419	Ala1453Gly	NM_007294.4(BRCA1):c.4358C>G (p.Ala1453Gly)	ENST00000357654.9:c.4358C>G
GRCh38:17:43074459:C:T	1741390	1794536	Ser1516Asn	NM_007294.4(BRCA1):c.4547G>A (p.Ser1516Asn)	ENST00000357654.9:c.4547G>A
GRCh38:17:43074457:G:T	1741398	1794544	Leu1517Ile	NM_007294.4(BRCA1):c.4549C>A (p.Leu1517Ile)	ENST00000357654.9:c.4549C>A
GRCh38:17:43104186:T:C	1734826	1796618	Gln126Arg	NM_007294.4(BRCA1):c.377A>G (p.Gln126Arg)	ENST00000357654.9:c.377A>G
GRCh38:17:43091014:C:A	1737955	1797191	Cys1372Phe	NM_007294.4(BRCA1):c.4115G>T (p.Cys1372Phe)	ENST00000357654.9:c.4115G>T
GRCh38:17:43091009:T:C	1738022	1797258	Ser1374Gly	NM_007294.4(BRCA1):c.4120A>G (p.Ser1374Gly)	ENST00000357654.9:c.4120A>G
GRCh38:17:43090986:G:T	1738179	1797415	Asp1381Glu	NM_007294.4(BRCA1):c.4143C>A (p.Asp1381Glu)	ENST00000357654.9:c.4143C>A
GRCh38:17:43090975:A:T	1738287	1797521	Leu1385Gln	NM_007294.4(BRCA1):c.4154T>A (p.Leu1385Gln)	ENST00000357654.9:c.4154T>A
GRCh38:17:43082487:G:A	1739278	1797648	Pro1425Leu	NM_007294.4(BRCA1):c.4274C>T (p.Pro1425Leu)	ENST00000357654.9:c.4274C>T
GRCh38:17:43082480:G:C	1739351	1797721	Asn1427Lys	NM_007294.4(BRCA1):c.4281C>G (p.Asn1427Lys)	ENST00000357654.9:c.4281C>G
GRCh38:17:43082476:A:G	1739379	1797749	Tyr1429His	NM_007294.4(BRCA1):c.4285T>C (p.Tyr1429His)	ENST00000357654.9:c.4285T>C
GRCh38:17:43082472:G:C	1739401	1797770	Pro1430Arg	NM_007294.4(BRCA1):c.4289C>G (p.Pro1430Arg)	ENST00000357654.9:c.4289C>G
GRCh38:17:43076547:G:C	1740509	1798011	Asp1475Glu	NM_007294.4(BRCA1):c.4425C>G (p.Asp1475Glu)	ENST00000357654.9:c.4425C>G
GRCh38:17:43076533:G:C	1740602	1798103	Ser1480Cys	NM_007294.4(BRCA1):c.4439C>G (p.Ser1480Cys)	ENST00000357654.9:c.4439C>G
GRCh38:17:43076519:T:C	1740719	1798219	Thr1485Ala	NM_007294.4(BRCA1):c.4453A>G (p.Thr1485Ala)	ENST00000357654.9:c.4453A>G
GRCh38:17:43076513:T:C	1740750	1798250	Lys1487Glu	NM_007294.4(BRCA1):c.4459A>G (p.Lys1487Glu)	ENST00000357654.9:c.4459A>G
GRCh38:17:43099876:T:C	1740809	1798309	Glu149Gly	NM_007294.4(BRCA1):c.446A>G (p.Glu149Gly)	ENST00000357654.9:c.446A>G
GRCh38:17:43076495:C:G	1740863	1798363	Val1493Leu	NM_007294.4(BRCA1):c.4477G>C (p.Val1493Leu)	ENST00000357654.9:c.4477G>C
GRCh38:17:43074343:T:A	1742268	1798469	Arg1555Trp	NM_007294.4(BRCA1):c.4663A>T (p.Arg1555Trp)	ENST00000357654.9:c.4663A>T
GRCh38:17:43071230:G:A	1742408	1798609	Pro1562Ser	NM_007294.4(BRCA1):c.4684C>T (p.Pro1562Ser)	ENST00000357654.9:c.4684C>T
GRCh38:17:43071221:C:G	1742492	1798693	Glu1565Gln	NM_007294.4(BRCA1):c.4693G>C (p.Glu1565Gln)	ENST00000357654.9:c.4693G>C
GRCh38:17:43071214:C:T	1742554	1798755	Gly1567Glu	NM_007294.4(BRCA1):c.4700G>A (p.Gly1567Glu)	ENST00000357654.9:c.4700G>A
GRCh38:17:43099775:C:T	1747791	1800089	Gly183Arg	NM_007294.4(BRCA1):c.547G>A (p.Gly183Arg)	ENST00000357654.9:c.547G>A
GRCh38:17:43097265:A:G	1749326	1800354	Val191Ala	NM_007294.4(BRCA1):c.572T>C (p.Val191Ala)	ENST00000357654.9:c.572T>C
GRCh38:17:43074395:T:A	1741895	1801538	Gln1537His	NM_007294.4(BRCA1):c.4611A>T (p.Gln1537His)	ENST00000357654.9:c.4611A>T
GRCh38:17:43074383:C:G	1741973	1801616	Glu1541Asp	NM_007294.4(BRCA1):c.4623G>C (p.Glu1541Asp)	ENST00000357654.9:c.4623G>C
GRCh38:17:43074376:G:T	1742043	1801686	Pro1544Thr	NM_007294.4(BRCA1):c.4630C>A (p.Pro1544Thr)	ENST00000357654.9:c.4630C>A
GRCh38:17:43071047:C:A	1743673	1802019	Ala1623Ser	NM_007294.4(BRCA1):c.4867G>T (p.Ala1623Ser)	ENST00000357654.9:c.4867G>T
GRCh38:17:43071043:C:G	1743725	1802071	Gly1624Ala	NM_007294.4(BRCA1):c.4871G>C (p.Gly1624Ala)	ENST00000357654.9:c.4871G>C
GRCh38:17:43095922:A:T	1750681	1803831	Ser198Arg	NM_007294.4(BRCA1):c.594T>A (p.Ser198Arg)	ENST00000357654.9:c.594T>A
GRCh38:17:43095891:G:C	1752484	1804339	Pro209Ala	NM_007294.4(BRCA1):c.625C>G (p.Pro209Ala)	ENST00000357654.9:c.625C>G
GRCh38:17:43095861:C:A	1754198	1804753	Asp219Tyr	NM_007294.4(BRCA1):c.655G>T (p.Asp219Tyr)	ENST00000357654.9:c.655G>T
GRCh38:17:43074420:A:G	1741675	1805118	Ile1529Thr	NM_007294.4(BRCA1):c.4586T>C (p.Ile1529Thr)	ENST00000357654.9:c.4586T>C
GRCh38:17:43071124:G:C	1743105	1805253	Thr1597Ser	NM_007294.4(BRCA1):c.4790C>G (p.Thr1597Ser)	ENST00000357654.9:c.4790C>G
GRCh38:17:43071104:G:T	1743283	1805429	Gln1604Lys	NM_007294.4(BRCA1):c.4810C>A (p.Gln1604Lys)	ENST00000357654.9:c.4810C>A
GRCh38:17:43071082:G:A	1743443	1805589	Ala1611Val	NM_007294.4(BRCA1):c.4832C>T (p.Ala1611Val)	ENST00000357654.9:c.4832C>T
GRCh38:17:43071077:T:G	1743457	1805603	Ser1613Arg	NM_007294.4(BRCA1):c.4837A>C (p.Ser1613Arg)	ENST00000357654.9:c.4837A>C
GRCh38:17:43067658:G:C	1744853	1805699	Thr1675Ser	NM_007294.4(BRCA1):c.5024C>G (p.Thr1675Ser)	ENST00000357654.9:c.5024C>G
GRCh38:17:43045686:G:A	1748439	1806687	His1862Tyr	NM_007294.4(BRCA1):c.5584C>T (p.His1862Tyr)	ENST00000357654.9:c.5584C>T
GRCh38:17:43074519:G:A	1740931	1808308	Ser1496Leu	NM_007294.4(BRCA1):c.4487C>T (p.Ser1496Leu)	ENST00000357654.9:c.4487C>T
GRCh38:17:43074505:A:G	1741056	1808433	Cys1501Arg	NM_007294.4(BRCA1):c.4501T>C (p.Cys1501Arg)	ENST00000357654.9:c.4501T>C
GRCh38:17:43074490:C:A	1741166	1808543	Asp1506Tyr	NM_007294.4(BRCA1):c.4516G>T (p.Asp1506Tyr)	ENST00000357654.9:c.4516G>T
GRCh38:17:43074469:A:G	1741305	1808682	Cys1513Arg	NM_007294.4(BRCA1):c.4537T>C (p.Cys1513Arg)	ENST00000357654.9:c.4537T>C
GRCh38:17:43099850:T:G	1742698	1808781	Asn158His	NM_007294.4(BRCA1):c.472A>C (p.Asn158His)	ENST00000357654.9:c.472A>C
GRCh38:17:43071170:C:T	1742791	1808874	Asp1582Asn	NM_007294.4(BRCA1):c.4744G>A (p.Asp1582Asn)	ENST00000357654.9:c.4744G>A
GRCh38:17:43071146:C:T	1742935	1809016	Val1590Ile	NM_007294.4(BRCA1):c.4768G>A (p.Val1590Ile)	ENST00000357654.9:c.4768G>A
GRCh38:17:43071133:G:A	1743052	1809133	Pro1594Leu	NM_007294.4(BRCA1):c.4781C>T (p.Pro1594Leu)	ENST00000357654.9:c.4781C>T
GRCh38:17:43099796:T:A	1746486	1809974	Thr176Ser	NM_007294.4(BRCA1):c.526A>T (p.Thr176Ser)	ENST00000357654.9:c.526A>T
GRCh38:17:43097261:A:T	1749543	1810463	Asn192Lys	NM_007294.4(BRCA1):c.576T>A (p.Asn192Lys)	ENST00000357654.9:c.576T>A
GRCh38:17:43095908:T:A	1751493	1811114	Glu203Val	NM_007294.4(BRCA1):c.608A>T (p.Glu203Val)	ENST00000357654.9:c.608A>T
GRCh38:17:43095852:T:C	1754673	1812129	Lys222Glu	NM_007294.4(BRCA1):c.664A>G (p.Lys222Glu)	ENST00000357654.9:c.664A>G
GRCh38:17:43095849:T:G	1754829	1821919	Lys223Gln	NM_007294.4(BRCA1):c.667A>C (p.Lys223Gln)	ENST00000357654.9:c.667A>C
GRCh38:17:43095849:T:C	1754832	1821922	Lys223Glu	NM_007294.4(BRCA1):c.667A>G (p.Lys223Glu)	ENST00000357654.9:c.667A>G
GRCh38:17:43106498:C:T	1778531	1834503	Gly57Glu	NM_007294.4(BRCA1):c.170G>A (p.Gly57Glu)	ENST00000357654.9:c.170G>A
GRCh38:17:43104258:G:A	1799342	1854951	Ala102Val	NM_007294.4(BRCA1):c.305C>T (p.Ala102Val)	ENST00000357654.9:c.305C>T
GRCh38:17:43104234:T:C	1804789	1861804	Lys110Arg	NM_007294.4(BRCA1):c.329A>G (p.Lys110Arg)	ENST00000357654.9:c.329A>G
GRCh38:17:43071068:C:G	1810756	1867769	Ala1616Pro	NM_007294.4(BRCA1):c.4846G>C (p.Ala1616Pro)	ENST00000357654.9:c.4846G>C
GRCh38:17:43074408:T:C	1899333	1963462	Asp1533Gly	NM_007294.4(BRCA1):c.4598A>G (p.Asp1533Gly)	ENST00000357654.9:c.4598A>G
GRCh38:17:43071203:A:T	1952868	2018176	Phe1571Ile	NM_007294.4(BRCA1):c.4711T>A (p.Phe1571Ile)	ENST00000357654.9:c.4711T>A
GRCh38:17:43104171:C:T	1976881	2030867	Arg131Lys	NM_007294.4(BRCA1):c.392G>A (p.Arg131Lys)	ENST00000357654.9:c.392G>A
GRCh38:17:43099870:C:T	1988377	2047525	Ser151Asn	NM_007294.4(BRCA1):c.452G>A (p.Ser151Asn)	ENST00000357654.9:c.452G>A
GRCh38:17:43082535:T:G	1992376	2049024	Gln1409Pro	NM_007294.4(BRCA1):c.4226A>C (p.Gln1409Pro)	ENST00000357654.9:c.4226A>C
GRCh38:17:43097289:C:G	1992535	2059057	Gly183Ala	NM_007294.4(BRCA1):c.548G>C (p.Gly183Ala)	ENST00000357654.9:c.548G>C
GRCh38:17:43074439:G:T	1993943	2059605	Pro1523Thr	NM_007294.4(BRCA1):c.4567C>A (p.Pro1523Thr)	ENST00000357654.9:c.4567C>A
GRCh38:17:43076500:G:A	1999192	2060985	Pro1491Leu	NM_007294.4(BRCA1):c.4472C>T (p.Pro1491Leu)	ENST00000357654.9:c.4472C>T
GRCh38:17:43076591:T:C	2009627	2070149	Ser1461Gly	NM_007294.4(BRCA1):c.4381A>G (p.Ser1461Gly)	ENST00000357654.9:c.4381A>G
GRCh38:17:43045687:G:T	2011282	2074356	Ser1861Arg	NM_007294.4(BRCA1):c.5583C>A (p.Ser1861Arg)	ENST00000357654.9:c.5583C>A
GRCh38:17:43074517:A:C	2020069	2083109	Ser1497Ala	NM_007294.4(BRCA1):c.4489T>G (p.Ser1497Ala)	ENST00000357654.9:c.4489T>G
GRCh38:17:43097289:C:T	2024596	2087637	Gly183Glu	NM_007294.4(BRCA1):c.548G>A (p.Gly183Glu)	ENST00000357654.9:c.548G>A
GRCh38:17:43104233:C:A	2039757	2091219	Lys110Asn	NM_007294.4(BRCA1):c.330G>T (p.Lys110Asn)	ENST00000357654.9:c.330G>T
GRCh38:17:43074358:T:A	2045176	2092748	Thr1550Ser	NM_007294.4(BRCA1):c.4648A>T (p.Thr1550Ser)	ENST00000357654.9:c.4648A>T
GRCh38:17:43067655:A:G	2046266	2096400	Leu1676Ser	NM_007294.4(BRCA1):c.5027T>C (p.Leu1676Ser)	ENST00000357654.9:c.5027T>C
GRCh38:17:43071163:G:C	2057967	2113254	Ala1584Gly	NM_007294.4(BRCA1):c.4751C>G (p.Ala1584Gly)	ENST00000357654.9:c.4751C>G
GRCh38:17:43074388:C:T	2048892	2114535	Glu1540Lys	NM_007294.4(BRCA1):c.4618G>A (p.Glu1540Lys)	ENST00000357654.9:c.4618G>A
GRCh38:17:43095872:T:G	2066186	2128871	Glu215Ala	NM_007294.4(BRCA1):c.644A>C (p.Glu215Ala)	ENST00000357654.9:c.644A>C
GRCh38:17:43095859:A:T	2077787	2142171	Asp219Glu	NM_007294.4(BRCA1):c.657T>A (p.Asp219Glu)	ENST00000357654.9:c.657T>A
GRCh38:17:43099811:T:G	2094438	2145886	Ile171Leu	NM_007294.4(BRCA1):c.511A>C (p.Ile171Leu)	ENST00000357654.9:c.511A>C
GRCh38:17:43071161:G:C	2099626	2147184	Pro1585Ala	NM_007294.4(BRCA1):c.4753C>G (p.Pro1585Ala)	ENST00000357654.9:c.4753C>G
GRCh38:17:43045694:G:A	2090625	2148429	Pro1859Leu	NM_007294.4(BRCA1):c.5576C>T (p.Pro1859Leu)	ENST00000357654.9:c.5576C>T
GRCh38:17:43071078:C:A	2099260	2150581	Gln1612His	NM_007294.4(BRCA1):c.4836G>T (p.Gln1612His)	ENST00000357654.9:c.4836G>T
GRCh38:17:43071169:T:C	2098260	2157456	Asp1582Gly	NM_007294.4(BRCA1):c.4745A>G (p.Asp1582Gly)	ENST00000357654.9:c.4745A>G
GRCh38:17:43076597:T:C	2111745	2160566	Lys1459Glu	NM_007294.4(BRCA1):c.4375A>G (p.Lys1459Glu)	ENST00000357654.9:c.4375A>G
GRCh38:17:43097256:G:C	2128550	2178573	Ala194Gly	NM_007294.4(BRCA1):c.581C>G (p.Ala194Gly)	ENST00000357654.9:c.581C>G
GRCh38:17:43091021:A:G	2125868	2185037	Ser1370Pro	NM_007294.4(BRCA1):c.4108T>C (p.Ser1370Pro)	ENST00000357654.9:c.4108T>C
GRCh38:17:43071052:T:A	2131913	2187754	Asp1621Val	NM_007294.4(BRCA1):c.4862A>T (p.Asp1621Val)	ENST00000357654.9:c.4862A>T
GRCh38:17:43095896:A:G	2129908	2189185	Ile207Thr	NM_007294.4(BRCA1):c.620T>C (p.Ile207Thr)	ENST00000357654.9:c.620T>C
GRCh38:17:43074394:G:C	2133413	2190102	Gln1538Glu	NM_007294.4(BRCA1):c.4612C>G (p.Gln1538Glu)	ENST00000357654.9:c.4612C>G
GRCh38:17:43076537:C:T	2129609	2191033	Val1479Met	NM_007294.4(BRCA1):c.4435G>A (p.Val1479Met)	ENST00000357654.9:c.4435G>A
GRCh38:17:43094165:T:G	2450662	2423148	Ile456Leu	NM_007294.4(BRCA1):c.1366A>C (p.Ile456Leu)	ENST00000357654.9:c.1366A>C
GRCh38:17:43074475:G:C	2450663	2423149	His1511Asp	NM_007294.4(BRCA1):c.4531C>G (p.His1511Asp)	ENST00000357654.9:c.4531C>G
GRCh38:17:43094220:A:C	2450665	2423151	His437Gln	NM_007294.4(BRCA1):c.1311T>G (p.His437Gln)	ENST00000357654.9:c.1311T>G
GRCh38:17:43094014:C:T	2450667	2423153	Arg506Lys	NM_007294.4(BRCA1):c.1517G>A (p.Arg506Lys)	ENST00000357654.9:c.1517G>A
GRCh38:17:43091788:G:C	2450668	2423154	Ala1248Gly	NM_007294.4(BRCA1):c.3743C>G (p.Ala1248Gly)	ENST00000357654.9:c.3743C>G
GRCh38:17:43091996:T:C	2450669	2423155	Lys1179Glu	NM_007294.4(BRCA1):c.3535A>G (p.Lys1179Glu)	ENST00000357654.9:c.3535A>G
GRCh38:17:43094690:T:A	2450671	2423157	Ser281Cys	NM_007294.4(BRCA1):c.841A>T (p.Ser281Cys)	ENST00000357654.9:c.841A>T
GRCh38:17:43071173:C:G	2450674	2423160	Glu1581Gln	NM_007294.4(BRCA1):c.4741G>C (p.Glu1581Gln)	ENST00000357654.9:c.4741G>C
GRCh38:17:43092210:T:A	2450677	2423163	Glu1107Asp	NM_007294.4(BRCA1):c.3321A>T (p.Glu1107Asp)	ENST00000357654.9:c.3321A>T
GRCh38:17:43092431:T:G	2450684	2423170	Asn1034His	NM_007294.4(BRCA1):c.3100A>C (p.Asn1034His)	ENST00000357654.9:c.3100A>C
GRCh38:17:43094839:G:C	2450685	2423171	Thr231Arg	NM_007294.4(BRCA1):c.692C>G (p.Thr231Arg)	ENST00000357654.9:c.692C>G
GRCh38:17:43091588:G:C	2450687	2423173	Pro1315Ala	NM_007294.4(BRCA1):c.3943C>G (p.Pro1315Ala)	ENST00000357654.9:c.3943C>G
GRCh38:17:43092481:T:G	2450690	2423176	Glu1017Ala	NM_007294.4(BRCA1):c.3050A>C (p.Glu1017Ala)	ENST00000357654.9:c.3050A>C
GRCh38:17:43047688:C:T	2450691	2423177	Val1808Met	NM_007294.4(BRCA1):c.5422G>A (p.Val1808Met)	ENST00000357654.9:c.5422G>A
GRCh38:17:43092281:G:A	2450693	2423179	Leu1084Phe	NM_007294.4(BRCA1):c.3250C>T (p.Leu1084Phe)	ENST00000357654.9:c.3250C>T
GRCh38:17:43082575:G:C	2450696	2423182	Gln1396Glu	NM_007294.4(BRCA1):c.4186C>G (p.Gln1396Glu)	ENST00000357654.9:c.4186C>G
GRCh38:17:43091726:C:A	2450697	2423183	Asp1269Tyr	NM_007294.4(BRCA1):c.3805G>T (p.Asp1269Tyr)	ENST00000357654.9:c.3805G>T
GRCh38:17:43092463:A:C	2475141	2456923	Val1023Gly	NM_007294.4(BRCA1):c.3068T>G (p.Val1023Gly)	ENST00000357654.9:c.3068T>G
GRCh38:17:43092212:C:T	2501191	2524083	Glu1107Lys	NM_007294.4(BRCA1):c.3319G>A (p.Glu1107Lys)	ENST00000357654.9:c.3319G>A
GRCh38:17:43092716:C:A	2501192	2524084	Val939Phe	NM_007294.4(BRCA1):c.2815G>T (p.Val939Phe)	ENST00000357654.9:c.2815G>T
GRCh38:17:43093122:A:C	2506341	2671296	Ser803Arg	NM_007294.4(BRCA1):c.2409T>G (p.Ser803Arg)	ENST00000357654.9:c.2409T>G
GRCh38:17:43094520:T:G	2507342	2672332	Glu337Asp	NM_007294.4(BRCA1):c.1011A>C (p.Glu337Asp)	ENST00000357654.9:c.1011A>C
GRCh38:17:43104228:T:G	2560824	2716984	Asn112Thr	NM_007294.4(BRCA1):c.335A>C (p.Asn112Thr)	ENST00000357654.9:c.335A>C
GRCh38:17:43091570:A:T	2565333	2732307	Ser1321Thr	NM_007294.4(BRCA1):c.3961T>A (p.Ser1321Thr)	ENST00000357654.9:c.3961T>A
GRCh38:17:43092269:C:A	2565334	2732308	Val1088Phe	NM_007294.4(BRCA1):c.3262G>T (p.Val1088Phe)	ENST00000357654.9:c.3262G>T
GRCh38:17:43092986:C:G	2565339	2732313	Glu849Gln	NM_007294.4(BRCA1):c.2545G>C (p.Glu849Gln)	ENST00000357654.9:c.2545G>C
GRCh38:17:43082431:T:G	2565340	2732314	Asn1444His	NM_007294.4(BRCA1):c.4330A>C (p.Asn1444His)	ENST00000357654.9:c.4330A>C
GRCh38:17:43092757:A:C	2565342	2732316	Ile925Ser	NM_007294.4(BRCA1):c.2774T>G (p.Ile925Ser)	ENST00000357654.9:c.2774T>G
GRCh38:17:43092812:C:T	2565343	2732317	Glu907Lys	NM_007294.4(BRCA1):c.2719G>A (p.Glu907Lys)	ENST00000357654.9:c.2719G>A
GRCh38:17:43094311:G:C	2565345	2732319	Ala407Gly	NM_007294.4(BRCA1):c.1220C>G (p.Ala407Gly)	ENST00000357654.9:c.1220C>G
GRCh38:17:43092728:T:G	2565348	2732321	Lys935Gln	NM_007294.4(BRCA1):c.2803A>C (p.Lys935Gln)	ENST00000357654.9:c.2803A>C
GRCh38:17:43071157:T:A	2565351	2732324	Glu1586Val	NM_007294.4(BRCA1):c.4757A>T (p.Glu1586Val)	ENST00000357654.9:c.4757A>T
GRCh38:17:43092225:A:C	2565352	2732325	Asn1102Lys	NM_007294.4(BRCA1):c.3306T>G (p.Asn1102Lys)	ENST00000357654.9:c.3306T>G
GRCh38:17:43093732:A:T	2565355	2732328	Ile600Asn	NM_007294.4(BRCA1):c.1799T>A (p.Ile600Asn)	ENST00000357654.9:c.1799T>A
GRCh38:17:43093776:T:A	2565356	2732329	Glu585Asp	NM_007294.4(BRCA1):c.1755A>T (p.Glu585Asp)	ENST00000357654.9:c.1755A>T
GRCh38:17:43091009:T:A	2565358	2732331	Ser1374Cys	NM_007294.4(BRCA1):c.4120A>T (p.Ser1374Cys)	ENST00000357654.9:c.4120A>T
GRCh38:17:43092876:G:C	2565359	2732332	Phe885Leu	NM_007294.4(BRCA1):c.2655C>G (p.Phe885Leu)	ENST00000357654.9:c.2655C>G
GRCh38:17:43094533:G:T	2565360	2732333	Thr333Asn	NM_007294.4(BRCA1):c.998C>A (p.Thr333Asn)	ENST00000357654.9:c.998C>A
GRCh38:17:43093486:T:C	2570989	2735946	Asn682Ser	NM_007294.4(BRCA1):c.2045A>G (p.Asn682Ser)	ENST00000357654.9:c.2045A>G
GRCh38:17:43092433:T:C	2574388	2739322	Glu1033Gly	NM_007294.4(BRCA1):c.3098A>G (p.Glu1033Gly)	ENST00000357654.9:c.3098A>G
GRCh38:17:43091534:C:T	2576276	2741172	Val1333Ile	NM_007294.4(BRCA1):c.3997G>A (p.Val1333Ile)	ENST00000357654.9:c.3997G>A
GRCh38:17:43091522:C:A	2580697	2748283	Asp1337Tyr	NM_007294.4(BRCA1):c.4009G>T (p.Asp1337Tyr)	ENST00000357654.9:c.4009G>T
GRCh38:17:43093171:T:C	2581435	2749016	Glu787Gly	NM_007294.4(BRCA1):c.2360A>G (p.Glu787Gly)	ENST00000357654.9:c.2360A>G
GRCh38:17:43093526:T:A	2581472	2749052	Met669Leu	NM_007294.4(BRCA1):c.2005A>T (p.Met669Leu)	ENST00000357654.9:c.2005A>T
GRCh38:17:43074408:T:A	2584874	2752436	Asp1533Val	NM_007294.4(BRCA1):c.4598A>T (p.Asp1533Val)	ENST00000357654.9:c.4598A>T
GRCh38:17:43094788:G:A	2585354	2752916	Thr248Ile	NM_007294.4(BRCA1):c.743C>T (p.Thr248Ile)	ENST00000357654.9:c.743C>T
GRCh38:17:43092648:G:T	2585819	2753379	Asn961Lys	NM_007294.4(BRCA1):c.2883C>A (p.Asn961Lys)	ENST00000357654.9:c.2883C>A
GRCh38:17:43092670:A:G	2585820	2753380	Leu954Pro	NM_007294.4(BRCA1):c.2861T>C (p.Leu954Pro)	ENST00000357654.9:c.2861T>C
GRCh38:17:43093301:C:A	2585821	2753381	Ala744Ser	NM_007294.4(BRCA1):c.2230G>T (p.Ala744Ser)	ENST00000357654.9:c.2230G>T
GRCh38:17:43094557:T:C	2585822	2753382	Lys325Arg	NM_007294.4(BRCA1):c.974A>G (p.Lys325Arg)	ENST00000357654.9:c.974A>G
GRCh38:17:43091744:A:C	2585828	2753388	Leu1263Val	NM_007294.4(BRCA1):c.3787T>G (p.Leu1263Val)	ENST00000357654.9:c.3787T>G
GRCh38:17:43094459:G:C	2585832	2753392	Leu358Val	NM_007294.4(BRCA1):c.1072C>G (p.Leu358Val)	ENST00000357654.9:c.1072C>G
GRCh38:17:43093054:G:C	2585835	2753395	Thr826Arg	NM_007294.4(BRCA1):c.2477C>G (p.Thr826Arg)	ENST00000357654.9:c.2477C>G
GRCh38:17:43094247:T:G	2585836	2753396	Lys428Asn	NM_007294.4(BRCA1):c.1284A>C (p.Lys428Asn)	ENST00000357654.9:c.1284A>C
GRCh38:17:43076608:A:G	2585837	2753397	Leu1455Ser	NM_007294.4(BRCA1):c.4364T>C (p.Leu1455Ser)	ENST00000357654.9:c.4364T>C
GRCh38:17:43094171:T:G	2585838	2753398	Ser454Arg	NM_007294.4(BRCA1):c.1360A>C (p.Ser454Arg)	ENST00000357654.9:c.1360A>C
GRCh38:17:43093883:T:C	2585840	2753400	Asn550Asp	NM_007294.4(BRCA1):c.1648A>G (p.Asn550Asp)	ENST00000357654.9:c.1648A>G
GRCh38:17:43092140:C:A	2585841	2753401	Asp1131Tyr	NM_007294.4(BRCA1):c.3391G>T (p.Asp1131Tyr)	ENST00000357654.9:c.3391G>T
GRCh38:17:43093651:A:G	2585844	2753404	Val627Ala	NM_007294.4(BRCA1):c.1880T>C (p.Val627Ala)	ENST00000357654.9:c.1880T>C
GRCh38:17:43090969:G:C	2585845	2753405	Ser1387Cys	NM_007294.4(BRCA1):c.4160C>G (p.Ser1387Cys)	ENST00000357654.9:c.4160C>G
GRCh38:17:43097272:C:A	2585846	2753406	Asp189Tyr	NM_007294.4(BRCA1):c.565G>T (p.Asp189Tyr)	ENST00000357654.9:c.565G>T
GRCh38:17:43094637:A:C	2585848	2753408	Asn298Lys	NM_007294.4(BRCA1):c.894T>G (p.Asn298Lys)	ENST00000357654.9:c.894T>G
GRCh38:17:43094051:G:T	2585849	2753409	Gln494Lys	NM_007294.4(BRCA1):c.1480C>A (p.Gln494Lys)	ENST00000357654.9:c.1480C>A
GRCh38:17:43092938:T:C	2585852	2753412	Lys865Glu	NM_007294.4(BRCA1):c.2593A>G (p.Lys865Glu)	ENST00000357654.9:c.2593A>G
GRCh38:17:43094398:C:G	2585853	2753413	Ser378Thr	NM_007294.4(BRCA1):c.1133G>C (p.Ser378Thr)	ENST00000357654.9:c.1133G>C
GRCh38:17:43071124:G:A	2585854	2753414	Thr1597Ile	NM_007294.4(BRCA1):c.4790C>T (p.Thr1597Ile)	ENST00000357654.9:c.4790C>T
GRCh38:17:43091760:C:G	2591721	2761901	Glu1257Asp	NM_007294.4(BRCA1):c.3771G>C (p.Glu1257Asp)	ENST00000357654.9:c.3771G>C
GRCh38:17:43094735:C:A	2647811	2811388	Val266Phe	NM_007294.4(BRCA1):c.796G>T (p.Val266Phe)	ENST00000357654.9:c.796G>T
GRCh38:17:43091945:T:C	2663340	2830790	Thr1196Ala	NM_007294.4(BRCA1):c.3586A>G (p.Thr1196Ala)	ENST00000357654.9:c.3586A>G
GRCh38:17:43092755:T:C	2663975	2831445	Thr926Ala	NM_007294.4(BRCA1):c.2776A>G (p.Thr926Ala)	ENST00000357654.9:c.2776A>G
GRCh38:17:43104255:T:C	2680208	2833935	Asn103Ser	NM_007294.4(BRCA1):c.308A>G (p.Asn103Ser)	ENST00000357654.9:c.308A>G
GRCh38:17:43099833:T:A	2680209	2833936	Arg163Ser	NM_007294.4(BRCA1):c.489A>T (p.Arg163Ser)	ENST00000357654.9:c.489A>T
GRCh38:17:43082408:T:A	2680222	2833950	Glu1451Asp	NM_007294.4(BRCA1):c.4353A>T (p.Glu1451Asp)	ENST00000357654.9:c.4353A>T
GRCh38:17:43091697:C:G	2672697	2840217	Lys1278Asn	NM_007294.4(BRCA1):c.3834G>C (p.Lys1278Asn)	ENST00000357654.9:c.3834G>C
GRCh38:17:43092613:A:C	2681806	2842845	Leu973Arg	NM_007294.4(BRCA1):c.2918T>G (p.Leu973Arg)	ENST00000357654.9:c.2918T>G
GRCh38:17:43071224:G:C	2681813	2842852	Leu1564Val	NM_007294.4(BRCA1):c.4690C>G (p.Leu1564Val)	ENST00000357654.9:c.4690C>G
GRCh38:17:43093145:T:C	2682152	2843183	Thr796Ala	NM_007294.4(BRCA1):c.2386A>G (p.Thr796Ala)	ENST00000357654.9:c.2386A>G
GRCh38:17:43097268:G:A	2683809	2844847	Thr190Ile	NM_007294.4(BRCA1):c.569C>T (p.Thr190Ile)	ENST00000357654.9:c.569C>T
GRCh38:17:43093159:A:G	2691148	2852181	Leu791Pro	NM_007294.4(BRCA1):c.2372T>C (p.Leu791Pro)	ENST00000357654.9:c.2372T>C
GRCh38:17:43091993:T:G	2692275	2853278	Ser1180Arg	NM_007294.4(BRCA1):c.3538A>C (p.Ser1180Arg)	ENST00000357654.9:c.3538A>C
GRCh38:17:43092628:G:T	2692278	2853281	Pro968Gln	NM_007294.4(BRCA1):c.2903C>A (p.Pro968Gln)	ENST00000357654.9:c.2903C>A
GRCh38:17:43093039:T:C	2692279	2853282	Tyr831Cys	NM_007294.4(BRCA1):c.2492A>G (p.Tyr831Cys)	ENST00000357654.9:c.2492A>G
GRCh38:17:43093411:C:G	2692283	2853285	Gly707Ala	NM_007294.4(BRCA1):c.2120G>C (p.Gly707Ala)	ENST00000357654.9:c.2120G>C
GRCh38:17:43095878:C:A	2692287	2853289	Arg213Met	NM_007294.4(BRCA1):c.638G>T (p.Arg213Met)	ENST00000357654.9:c.638G>T
GRCh38:17:43104199:C:A	2692289	2853291	Val122Phe	NM_007294.4(BRCA1):c.364G>T (p.Val122Phe)	ENST00000357654.9:c.364G>T
GRCh38:17:43093871:C:G	2697233	2854803	Glu554Gln	NM_007294.4(BRCA1):c.1660G>C (p.Glu554Gln)	ENST00000357654.9:c.1660G>C
GRCh38:17:43076494:A:G	2698834	2855125	Val1493Ala	NM_007294.4(BRCA1):c.4478T>C (p.Val1493Ala)	ENST00000357654.9:c.4478T>C
GRCh38:17:43045698:T:C	2693360	2857344	Ile1858Val	NM_007294.4(BRCA1):c.5572A>G (p.Ile1858Val)	ENST00000357654.9:c.5572A>G
GRCh38:17:43074520:A:T	2693375	2857359	Ser1496Thr	NM_007294.4(BRCA1):c.4486T>A (p.Ser1496Thr)	ENST00000357654.9:c.4486T>A
GRCh38:17:43093778:C:T	2696485	2857905	Glu585Lys	NM_007294.4(BRCA1):c.1753G>A (p.Glu585Lys)	ENST00000357654.9:c.1753G>A
GRCh38:17:43093304:T:C	2696704	2858123	Asn743Asp	NM_007294.4(BRCA1):c.2227A>G (p.Asn743Asp)	ENST00000357654.9:c.2227A>G
GRCh38:17:43092760:T:G	2698209	2858350	Asn924Thr	NM_007294.4(BRCA1):c.2771A>C (p.Asn924Thr)	ENST00000357654.9:c.2771A>C
GRCh38:17:43091722:C:A	2698570	2858710	Cys1270Phe	NM_007294.4(BRCA1):c.3809G>T (p.Cys1270Phe)	ENST00000357654.9:c.3809G>T
GRCh38:17:43093701:C:A	2700123	2858975	Arg610Ser	NM_007294.4(BRCA1):c.1830G>T (p.Arg610Ser)	ENST00000357654.9:c.1830G>T
GRCh38:17:43094560:C:A	2703513	2859804	Ser324Ile	NM_007294.4(BRCA1):c.971G>T (p.Ser324Ile)	ENST00000357654.9:c.971G>T
GRCh38:17:43093867:T:G	2694476	2860615	Asn555Thr	NM_007294.4(BRCA1):c.1664A>C (p.Asn555Thr)	ENST00000357654.9:c.1664A>C
GRCh38:17:43071173:C:T	2699149	2865272	Glu1581Lys	NM_007294.4(BRCA1):c.4741G>A (p.Glu1581Lys)	ENST00000357654.9:c.4741G>A
GRCh38:17:43091902:T:A	2702784	2866335	Glu1210Val	NM_007294.4(BRCA1):c.3629A>T (p.Glu1210Val)	ENST00000357654.9:c.3629A>T
GRCh38:17:43093177:A:G	2706734	2870308	Leu785Ser	NM_007294.4(BRCA1):c.2354T>C (p.Leu785Ser)	ENST00000357654.9:c.2354T>C
GRCh38:17:43093544:T:C	2708709	2871000	Ser663Gly	NM_007294.4(BRCA1):c.1987A>G (p.Ser663Gly)	ENST00000357654.9:c.1987A>G
GRCh38:17:43093724:A:G	2711967	2871694	Ser603Pro	NM_007294.4(BRCA1):c.1807T>C (p.Ser603Pro)	ENST00000357654.9:c.1807T>C
GRCh38:17:43093982:A:T	2716815	2876513	Phe517Ile	NM_007294.4(BRCA1):c.1549T>A (p.Phe517Ile)	ENST00000357654.9:c.1549T>A
GRCh38:17:43093361:G:T	2705998	2877323	Pro724Thr	NM_007294.4(BRCA1):c.2170C>A (p.Pro724Thr)	ENST00000357654.9:c.2170C>A
GRCh38:17:43093751:T:C	2709517	2878263	Met594Val	NM_007294.4(BRCA1):c.1780A>G (p.Met594Val)	ENST00000357654.9:c.1780A>G
GRCh38:17:43071130:G:A	2720433	2880944	Ser1595Phe	NM_007294.4(BRCA1):c.4784C>T (p.Ser1595Phe)	ENST00000357654.9:c.4784C>T
GRCh38:17:43071047:C:T	2729036	2883062	Ala1623Thr	NM_007294.4(BRCA1):c.4867G>A (p.Ala1623Thr)	ENST00000357654.9:c.4867G>A
GRCh38:17:43094290:T:C	2730714	2883449	Asp414Gly	NM_007294.4(BRCA1):c.1241A>G (p.Asp414Gly)	ENST00000357654.9:c.1241A>G
GRCh38:17:43092551:A:C	2729595	2889637	Cys994Gly	NM_007294.4(BRCA1):c.2980T>G (p.Cys994Gly)	ENST00000357654.9:c.2980T>G
GRCh38:17:43082543:C:G	2731680	2890435	Lys1406Asn	NM_007294.4(BRCA1):c.4218G>C (p.Lys1406Asn)	ENST00000357654.9:c.4218G>C
GRCh38:17:43092671:G:C	2736386	2895077	Leu954Val	NM_007294.4(BRCA1):c.2860C>G (p.Leu954Val)	ENST00000357654.9:c.2860C>G
GRCh38:17:43071041:A:G	2746610	2897485	Tyr1625His	NM_007294.4(BRCA1):c.4873T>C (p.Tyr1625His)	ENST00000357654.9:c.4873T>C
GRCh38:17:43071208:C:G	2733523	2897858	Ser1569Thr	NM_007294.4(BRCA1):c.4706G>C (p.Ser1569Thr)	ENST00000357654.9:c.4706G>C
GRCh38:17:43093464:A:C	2733684	2898019	Ser689Arg	NM_007294.4(BRCA1):c.2067T>G (p.Ser689Arg)	ENST00000357654.9:c.2067T>G
GRCh38:17:43071203:A:G	2734229	2898559	Phe1571Leu	NM_007294.4(BRCA1):c.4711T>C (p.Phe1571Leu)	ENST00000357654.9:c.4711T>C
GRCh38:17:43092751:G:A	2739324	2899677	Ala927Val	NM_007294.4(BRCA1):c.2780C>T (p.Ala927Val)	ENST00000357654.9:c.2780C>T
GRCh38:17:43094342:C:T	2744350	2900819	Asp397Asn	NM_007294.4(BRCA1):c.1189G>A (p.Asp397Asn)	ENST00000357654.9:c.1189G>A
GRCh38:17:43093112:C:G	2735349	2901374	Ala807Pro	NM_007294.4(BRCA1):c.2419G>C (p.Ala807Pro)	ENST00000357654.9:c.2419G>C
GRCh38:17:43094811:T:A	2745946	2904139	Gln240His	NM_007294.4(BRCA1):c.720A>T (p.Gln240His)	ENST00000357654.9:c.720A>T
GRCh38:17:43082446:G:C	2747718	2904611	Leu1439Val	NM_007294.4(BRCA1):c.4315C>G (p.Leu1439Val)	ENST00000357654.9:c.4315C>G
GRCh38:17:43093382:C:T	2736594	2905173	Glu717Lys	NM_007294.4(BRCA1):c.2149G>A (p.Glu717Lys)	ENST00000357654.9:c.2149G>A
GRCh38:17:43093357:C:A	2736836	2905406	Ser725Ile	NM_007294.4(BRCA1):c.2174G>T (p.Ser725Ile)	ENST00000357654.9:c.2174G>T
GRCh38:17:43092175:G:A	2743875	2907228	Thr1119Ile	NM_007294.4(BRCA1):c.3356C>T (p.Thr1119Ile)	ENST00000357654.9:c.3356C>T
GRCh38:17:43094785:G:A	2751325	2908621	Thr249Ile	NM_007294.4(BRCA1):c.746C>T (p.Thr249Ile)	ENST00000357654.9:c.746C>T
GRCh38:17:43091608:G:A	2754777	2909476	Ala1308Val	NM_007294.4(BRCA1):c.3923C>T (p.Ala1308Val)	ENST00000357654.9:c.3923C>T
GRCh38:17:43091593:T:G	2756472	2909873	Gln1313Pro	NM_007294.4(BRCA1):c.3938A>C (p.Gln1313Pro)	ENST00000357654.9:c.3938A>C
GRCh38:17:43092487:C:T	2756710	2910111	Gly1015Glu	NM_007294.4(BRCA1):c.3044G>A (p.Gly1015Glu)	ENST00000357654.9:c.3044G>A
GRCh38:17:43091839:A:G	2760060	2910872	Phe1231Ser	NM_007294.4(BRCA1):c.3692T>C (p.Phe1231Ser)	ENST00000357654.9:c.3692T>C
GRCh38:17:43093563:G:C	2760114	2910926	Asn656Lys	NM_007294.4(BRCA1):c.1968C>G (p.Asn656Lys)	ENST00000357654.9:c.1968C>G
GRCh38:17:43092511:G:A	2760192	2911004	Ser1007Leu	NM_007294.4(BRCA1):c.3020C>T (p.Ser1007Leu)	ENST00000357654.9:c.3020C>T
GRCh38:17:43092734:C:G	2746250	2911760	Gly933Arg	NM_007294.4(BRCA1):c.2797G>C (p.Gly933Arg)	ENST00000357654.9:c.2797G>C
GRCh38:17:43076566:G:C	2746294	2911804	Pro1469Arg	NM_007294.4(BRCA1):c.4406C>G (p.Pro1469Arg)	ENST00000357654.9:c.4406C>G
GRCh38:17:43092575:T:G	2749184	2912525	Ile986Leu	NM_007294.4(BRCA1):c.2956A>C (p.Ile986Leu)	ENST00000357654.9:c.2956A>C
GRCh38:17:43094504:T:C	2750867	2912905	Asn343Asp	NM_007294.4(BRCA1):c.1027A>G (p.Asn343Asp)	ENST00000357654.9:c.1027A>G
GRCh38:17:43091888:T:A	2751150	2913188	Asn1215Tyr	NM_007294.4(BRCA1):c.3643A>T (p.Asn1215Tyr)	ENST00000357654.9:c.3643A>T
GRCh38:17:43090991:C:T	2752886	2913627	Glu1380Lys	NM_007294.4(BRCA1):c.4138G>A (p.Glu1380Lys)	ENST00000357654.9:c.4138G>A
GRCh38:17:43093043:T:C	2752887	2913628	Lys830Glu	NM_007294.4(BRCA1):c.2488A>G (p.Lys830Glu)	ENST00000357654.9:c.2488A>G
GRCh38:17:43093388:T:C	2752906	2913647	Thr715Ala	NM_007294.4(BRCA1):c.2143A>G (p.Thr715Ala)	ENST00000357654.9:c.2143A>G
GRCh38:17:43091782:T:C	2748795	2915155	Glu1250Gly	NM_007294.4(BRCA1):c.3749A>G (p.Glu1250Gly)	ENST00000357654.9:c.3749A>G
GRCh38:17:43074494:T:G	2753975	2916445	Leu1504Phe	NM_007294.4(BRCA1):c.4512A>C (p.Leu1504Phe)	ENST00000357654.9:c.4512A>C
GRCh38:17:43093071:T:A	2755706	2916878	Lys820Asn	NM_007294.4(BRCA1):c.2460A>T (p.Lys820Asn)	ENST00000357654.9:c.2460A>T
GRCh38:17:43093543:C:G	2755848	2917020	Ser663Thr	NM_007294.4(BRCA1):c.1988G>C (p.Ser663Thr)	ENST00000357654.9:c.1988G>C
GRCh38:17:43093475:C:T	2757397	2917269	Glu686Lys	NM_007294.4(BRCA1):c.2056G>A (p.Glu686Lys)	ENST00000357654.9:c.2056G>A
GRCh38:17:43092260:G:A	2757403	2917275	Pro1091Ser	NM_007294.4(BRCA1):c.3271C>T (p.Pro1091Ser)	ENST00000357654.9:c.3271C>T
GRCh38:17:43094293:A:C	2757431	2917303	Leu413Trp	NM_007294.4(BRCA1):c.1238T>G (p.Leu413Trp)	ENST00000357654.9:c.1238T>G
GRCh38:17:43092775:G:A	2757634	2917506	Pro919Leu	NM_007294.4(BRCA1):c.2756C>T (p.Pro919Leu)	ENST00000357654.9:c.2756C>T
GRCh38:17:43091590:T:C	2757680	2917552	Asp1314Gly	NM_007294.4(BRCA1):c.3941A>G (p.Asp1314Gly)	ENST00000357654.9:c.3941A>G
GRCh38:17:43092929:A:G	2759181	2917763	Ser868Pro	NM_007294.4(BRCA1):c.2602T>C (p.Ser868Pro)	ENST00000357654.9:c.2602T>C
GRCh38:17:43082427:G:C	2748372	2918625	Pro1445Arg	NM_007294.4(BRCA1):c.4334C>G (p.Pro1445Arg)	ENST00000357654.9:c.4334C>G
GRCh38:17:43082436:A:T	2748373	2918626	Leu1442Gln	NM_007294.4(BRCA1):c.4325T>A (p.Leu1442Gln)	ENST00000357654.9:c.4325T>A
GRCh38:17:43097283:T:A	2750011	2918969	Asp185Val	NM_007294.4(BRCA1):c.554A>T (p.Asp185Val)	ENST00000357654.9:c.554A>T
GRCh38:17:43094422:A:G	2753645	2920011	Val370Ala	NM_007294.4(BRCA1):c.1109T>C (p.Val370Ala)	ENST00000357654.9:c.1109T>C
GRCh38:17:43092443:T:G	2765872	2922746	Asn1030His	NM_007294.4(BRCA1):c.3088A>C (p.Asn1030His)	ENST00000357654.9:c.3088A>C
GRCh38:17:43082445:A:G	2769335	2923610	Leu1439Pro	NM_007294.4(BRCA1):c.4316T>C (p.Leu1439Pro)	ENST00000357654.9:c.4316T>C
GRCh38:17:43092338:C:A	2761260	2925026	Asp1065Tyr	NM_007294.4(BRCA1):c.3193G>T (p.Asp1065Tyr)	ENST00000357654.9:c.3193G>T
GRCh38:17:43074387:T:C	2765073	2925820	Glu1540Gly	NM_007294.4(BRCA1):c.4619A>G (p.Glu1540Gly)	ENST00000357654.9:c.4619A>G
GRCh38:17:43092793:T:G	2765149	2925896	Asn913Thr	NM_007294.4(BRCA1):c.2738A>C (p.Asn913Thr)	ENST00000357654.9:c.2738A>C
GRCh38:17:43071073:G:C	2765383	2926130	Pro1614Arg	NM_007294.4(BRCA1):c.4841C>G (p.Pro1614Arg)	ENST00000357654.9:c.4841C>G
GRCh38:17:43094494:G:C	2768599	2926750	Pro346Arg	NM_007294.4(BRCA1):c.1037C>G (p.Pro346Arg)	ENST00000357654.9:c.1037C>G
GRCh38:17:43094087:T:C	2768905	2927055	Ile482Val	NM_007294.4(BRCA1):c.1444A>G (p.Ile482Val)	ENST00000357654.9:c.1444A>G
GRCh38:17:43071136:A:G	2768919	2927069	Ile1593Thr	NM_007294.4(BRCA1):c.4778T>C (p.Ile1593Thr)	ENST00000357654.9:c.4778T>C
GRCh38:17:43074478:T:G	2771704	2927690	Met1510Leu	NM_007294.4(BRCA1):c.4528A>C (p.Met1510Leu)	ENST00000357654.9:c.4528A>C
GRCh38:17:43071214:C:G	2771885	2927871	Gly1567Ala	NM_007294.4(BRCA1):c.4700G>C (p.Gly1567Ala)	ENST00000357654.9:c.4700G>C
GRCh38:17:43091629:C:A	2771887	2927873	Ser1301Ile	NM_007294.4(BRCA1):c.3902G>T (p.Ser1301Ile)	ENST00000357654.9:c.3902G>T
GRCh38:17:43092382:C:T	2762917	2927978	Ser1050Asn	NM_007294.4(BRCA1):c.3149G>A (p.Ser1050Asn)	ENST00000357654.9:c.3149G>A
GRCh38:17:43092805:T:C	2763191	2928252	Asn909Ser	NM_007294.4(BRCA1):c.2726A>G (p.Asn909Ser)	ENST00000357654.9:c.2726A>G
GRCh38:17:43093102:T:C	2763194	2928255	Asn810Ser	NM_007294.4(BRCA1):c.2429A>G (p.Asn810Ser)	ENST00000357654.9:c.2429A>G
GRCh38:17:43071199:G:C	2764794	2928560	Ser1572Cys	NM_007294.4(BRCA1):c.4715C>G (p.Ser1572Cys)	ENST00000357654.9:c.4715C>G
GRCh38:17:43094724:C:G	2764869	2928635	Leu269Phe	NM_007294.4(BRCA1):c.807G>C (p.Leu269Phe)	ENST00000357654.9:c.807G>C
GRCh38:17:43092232:C:T	2765028	2928794	Gly1100Glu	NM_007294.4(BRCA1):c.3299G>A (p.Gly1100Glu)	ENST00000357654.9:c.3299G>A
GRCh38:17:43094546:T:G	2762619	2931113	Asn329His	NM_007294.4(BRCA1):c.985A>C (p.Asn329His)	ENST00000357654.9:c.985A>C
GRCh38:17:43094813:G:C	2767859	2932471	Gln240Glu	NM_007294.4(BRCA1):c.718C>G (p.Gln240Glu)	ENST00000357654.9:c.718C>G
GRCh38:17:43076545:T:C	2771147	2933163	Lys1476Arg	NM_007294.4(BRCA1):c.4427A>G (p.Lys1476Arg)	ENST00000357654.9:c.4427A>G
GRCh38:17:43093657:A:G	2772607	2933759	Leu625Pro	NM_007294.4(BRCA1):c.1874T>C (p.Leu625Pro)	ENST00000357654.9:c.1874T>C
GRCh38:17:43045684:G:T	2774824	2935551	His1862Gln	NM_007294.4(BRCA1):c.5586C>A (p.His1862Gln)	ENST00000357654.9:c.5586C>A
GRCh38:17:43071079:T:C	2774827	2935554	Gln1612Arg	NM_007294.4(BRCA1):c.4835A>G (p.Gln1612Arg)	ENST00000357654.9:c.4835A>G
GRCh38:17:43071134:G:T	2774830	2935557	Pro1594Thr	NM_007294.4(BRCA1):c.4780C>A (p.Pro1594Thr)	ENST00000357654.9:c.4780C>A
GRCh38:17:43074385:C:G	2774832	2935559	Glu1541Gln	NM_007294.4(BRCA1):c.4621G>C (p.Glu1541Gln)	ENST00000357654.9:c.4621G>C
GRCh38:17:43074444:T:C	2774834	2935561	Asn1521Ser	NM_007294.4(BRCA1):c.4562A>G (p.Asn1521Ser)	ENST00000357654.9:c.4562A>G
GRCh38:17:43076593:C:G	2774835	2935562	Ser1460Thr	NM_007294.4(BRCA1):c.4379G>C (p.Ser1460Thr)	ENST00000357654.9:c.4379G>C
GRCh38:17:43082534:C:G	2774838	2935565	Gln1409His	NM_007294.4(BRCA1):c.4227G>C (p.Gln1409His)	ENST00000357654.9:c.4227G>C
GRCh38:17:43082560:G:T	2774839	2935566	Gln1401Lys	NM_007294.4(BRCA1):c.4201C>A (p.Gln1401Lys)	ENST00000357654.9:c.4201C>A
GRCh38:17:43091621:C:G	2774844	2935571	Glu1304Gln	NM_007294.4(BRCA1):c.3910G>C (p.Glu1304Gln)	ENST00000357654.9:c.3910G>C
GRCh38:17:43091626:T:C	2774845	2935572	Glu1302Gly	NM_007294.4(BRCA1):c.3905A>G (p.Glu1302Gly)	ENST00000357654.9:c.3905A>G
GRCh38:17:43093190:C:T	2774852	2935579	Glu781Lys	NM_007294.4(BRCA1):c.2341G>A (p.Glu781Lys)	ENST00000357654.9:c.2341G>A
GRCh38:17:43093994:G:T	2774858	2935584	His513Asn	NM_007294.4(BRCA1):c.1537C>A (p.His513Asn)	ENST00000357654.9:c.1537C>A
GRCh38:17:43094167:T:C	2774860	2935586	Asn455Ser	NM_007294.4(BRCA1):c.1364A>G (p.Asn455Ser)	ENST00000357654.9:c.1364A>G
GRCh38:17:43094297:C:G	2774861	2935587	Val412Leu	NM_007294.4(BRCA1):c.1234G>C (p.Val412Leu)	ENST00000357654.9:c.1234G>C
GRCh38:17:43094414:T:C	2774862	2935588	Ile373Val	NM_007294.4(BRCA1):c.1117A>G (p.Ile373Val)	ENST00000357654.9:c.1117A>G
GRCh38:17:43094729:T:G	2774865	2935591	Asn268His	NM_007294.4(BRCA1):c.802A>C (p.Asn268His)	ENST00000357654.9:c.802A>C
GRCh38:17:43093418:C:A	2777860	2936856	Ala705Ser	NM_007294.4(BRCA1):c.2113G>T (p.Ala705Ser)	ENST00000357654.9:c.2113G>T
GRCh38:17:43093434:C:G	2794473	2954308	Glu699Asp	NM_007294.4(BRCA1):c.2097G>C (p.Glu699Asp)	ENST00000357654.9:c.2097G>C
GRCh38:17:43094387:C:T	2794607	2954442	Val382Ile	NM_007294.4(BRCA1):c.1144G>A (p.Val382Ile)	ENST00000357654.9:c.1144G>A
GRCh38:17:43093412:C:T	2796224	2954762	Gly707Ser	NM_007294.4(BRCA1):c.2119G>A (p.Gly707Ser)	ENST00000357654.9:c.2119G>A
GRCh38:17:43094676:A:T	2799318	2959142	His285Gln	NM_007294.4(BRCA1):c.855T>A (p.His285Gln)	ENST00000357654.9:c.855T>A
GRCh38:17:43094206:C:T	2790182	2959946	Cys442Tyr	NM_007294.4(BRCA1):c.1325G>A (p.Cys442Tyr)	ENST00000357654.9:c.1325G>A
GRCh38:17:43093309:G:T	2809079	2965030	Ser741Tyr	NM_007294.4(BRCA1):c.2222C>A (p.Ser741Tyr)	ENST00000357654.9:c.2222C>A
GRCh38:17:43094126:C:A	2815548	2966384	Ala469Ser	NM_007294.4(BRCA1):c.1405G>T (p.Ala469Ser)	ENST00000357654.9:c.1405G>T
GRCh38:17:43093687:G:T	2811842	2969080	Ser615Tyr	NM_007294.4(BRCA1):c.1844C>A (p.Ser615Tyr)	ENST00000357654.9:c.1844C>A
GRCh38:17:43099833:T:G	2813694	2969644	Arg163Ser	NM_007294.4(BRCA1):c.489A>C (p.Arg163Ser)	ENST00000357654.9:c.489A>C
GRCh38:17:43094138:A:G	2813703	2969653	Tyr465His	NM_007294.4(BRCA1):c.1393T>C (p.Tyr465His)	ENST00000357654.9:c.1393T>C
GRCh38:17:43093983:A:C	2815522	2970193	Asp516Glu	NM_007294.4(BRCA1):c.1548T>G (p.Asp516Glu)	ENST00000357654.9:c.1548T>G
GRCh38:17:43091991:G:T	2811475	2972556	Ser1180Arg	NM_007294.4(BRCA1):c.3540C>A (p.Ser1180Arg)	ENST00000357654.9:c.3540C>A
GRCh38:17:43092577:G:A	2813102	2972904	Pro985Leu	NM_007294.4(BRCA1):c.2954C>T (p.Pro985Leu)	ENST00000357654.9:c.2954C>T
GRCh38:17:43095882:T:C	2814785	2973315	Thr212Ala	NM_007294.4(BRCA1):c.634A>G (p.Thr212Ala)	ENST00000357654.9:c.634A>G
GRCh38:17:43091458:T:A	2814991	2973521	Glu1358Val	NM_007294.4(BRCA1):c.4073A>T (p.Glu1358Val)	ENST00000357654.9:c.4073A>T
GRCh38:17:43092522:A:C	2811089	2975602	Phe1003Leu	NM_007294.4(BRCA1):c.3009T>G (p.Phe1003Leu)	ENST00000357654.9:c.3009T>G
GRCh38:17:43092016:T:G	2811183	2975696	Glu1172Ala	NM_007294.4(BRCA1):c.3515A>C (p.Glu1172Ala)	ENST00000357654.9:c.3515A>C
GRCh38:17:43097282:A:T	2814468	2976421	Asp185Glu	NM_007294.4(BRCA1):c.555T>A (p.Asp185Glu)	ENST00000357654.9:c.555T>A
GRCh38:17:43091810:A:G	2816063	2976733	Ser1241Pro	NM_007294.4(BRCA1):c.3721T>C (p.Ser1241Pro)	ENST00000357654.9:c.3721T>C
GRCh38:17:43094006:T:A	2816159	2976829	Thr509Ser	NM_007294.4(BRCA1):c.1525A>T (p.Thr509Ser)	ENST00000357654.9:c.1525A>T
GRCh38:17:43071190:G:A	2816372	2977042	Pro1575Leu	NM_007294.4(BRCA1):c.4724C>T (p.Pro1575Leu)	ENST00000357654.9:c.4724C>T
GRCh38:17:43093963:A:G	2819093	2977619	Leu523Ser	NM_007294.4(BRCA1):c.1568T>C (p.Leu523Ser)	ENST00000357654.9:c.1568T>C
GRCh38:17:43082521:G:C	2819115	2977641	Leu1414Val	NM_007294.4(BRCA1):c.4240C>G (p.Leu1414Val)	ENST00000357654.9:c.4240C>G
GRCh38:17:43092752:C:A	2820919	2978164	Ala927Ser	NM_007294.4(BRCA1):c.2779G>T (p.Ala927Ser)	ENST00000357654.9:c.2779G>T
GRCh38:17:43093768:C:A	2829259	2980088	Ser588Ile	NM_007294.4(BRCA1):c.1763G>T (p.Ser588Ile)	ENST00000357654.9:c.1763G>T
GRCh38:17:43082497:C:T	2820578	2981664	Gly1422Arg	NM_007294.4(BRCA1):c.4264G>A (p.Gly1422Arg)	ENST00000357654.9:c.4264G>A
GRCh38:17:43071038:T:C	2821947	2981750	Asn1626Asp	NM_007294.4(BRCA1):c.4876A>G (p.Asn1626Asp)	ENST00000357654.9:c.4876A>G
GRCh38:17:43092752:C:T	2823682	2982196	Ala927Thr	NM_007294.4(BRCA1):c.2779G>A (p.Ala927Thr)	ENST00000357654.9:c.2779G>A
GRCh38:17:43094795:A:T	2823695	2982209	Leu246Met	NM_007294.4(BRCA1):c.736T>A (p.Leu246Met)	ENST00000357654.9:c.736T>A
GRCh38:17:43093664:G:A	2823744	2982257	Leu623Phe	NM_007294.4(BRCA1):c.1867C>T (p.Leu623Phe)	ENST00000357654.9:c.1867C>T
GRCh38:17:43093501:C:A	2823978	2982491	Gly677Val	NM_007294.4(BRCA1):c.2030G>T (p.Gly677Val)	ENST00000357654.9:c.2030G>T
GRCh38:17:43104183:C:G	2827380	2983332	Ser127Thr	NM_007294.4(BRCA1):c.380G>C (p.Ser127Thr)	ENST00000357654.9:c.380G>C
GRCh38:17:43092338:C:T	2828954	2983620	Asp1065Asn	NM_007294.4(BRCA1):c.3193G>A (p.Asp1065Asn)	ENST00000357654.9:c.3193G>A
GRCh38:17:43092307:T:C	2818206	2984421	Asn1075Ser	NM_007294.4(BRCA1):c.3224A>G (p.Asn1075Ser)	ENST00000357654.9:c.3224A>G
GRCh38:17:43094530:G:C	2825184	2986269	Pro334Arg	NM_007294.4(BRCA1):c.1001C>G (p.Pro334Arg)	ENST00000357654.9:c.1001C>G
GRCh38:17:43097253:G:C	2828564	2987083	Thr195Ser	NM_007294.4(BRCA1):c.584C>G (p.Thr195Ser)	ENST00000357654.9:c.584C>G
GRCh38:17:43099874:T:C	2826401	2989622	Thr150Ala	NM_007294.4(BRCA1):c.448A>G (p.Thr150Ala)	ENST00000357654.9:c.448A>G
GRCh38:17:43092034:G:T	2832858	2991402	Ala1166Asp	NM_007294.4(BRCA1):c.3497C>A (p.Ala1166Asp)	ENST00000357654.9:c.3497C>A
GRCh38:17:43071131:A:C	2834642	2991909	Ser1595Ala	NM_007294.4(BRCA1):c.4783T>G (p.Ser1595Ala)	ENST00000357654.9:c.4783T>G
GRCh38:17:43092463:A:T	2841232	2993385	Val1023Glu	NM_007294.4(BRCA1):c.3068T>A (p.Val1023Glu)	ENST00000357654.9:c.3068T>A
GRCh38:17:43092220:T:C	2833962	2995071	Lys1104Arg	NM_007294.4(BRCA1):c.3311A>G (p.Lys1104Arg)	ENST00000357654.9:c.3311A>G
GRCh38:17:43091971:C:A	2837646	2996203	Ser1187Ile	NM_007294.4(BRCA1):c.3560G>T (p.Ser1187Ile)	ENST00000357654.9:c.3560G>T
GRCh38:17:43092214:G:A	2839096	2996367	Pro1106Leu	NM_007294.4(BRCA1):c.3317C>T (p.Pro1106Leu)	ENST00000357654.9:c.3317C>T
GRCh38:17:43092107:C:T	2839250	2996521	Ala1142Thr	NM_007294.4(BRCA1):c.3424G>A (p.Ala1142Thr)	ENST00000357654.9:c.3424G>A
GRCh38:17:43091932:T:G	2839251	2996522	Gln1200Pro	NM_007294.4(BRCA1):c.3599A>C (p.Gln1200Pro)	ENST00000357654.9:c.3599A>C
GRCh38:17:43082545:T:G	2842713	2997419	Lys1406Gln	NM_007294.4(BRCA1):c.4216A>C (p.Lys1406Gln)	ENST00000357654.9:c.4216A>C
GRCh38:17:43094441:G:C	2842763	2997469	Pro364Ala	NM_007294.4(BRCA1):c.1090C>G (p.Pro364Ala)	ENST00000357654.9:c.1090C>G
GRCh38:17:43092889:T:C	2831991	2998205	Glu881Gly	NM_007294.4(BRCA1):c.2642A>G (p.Glu881Gly)	ENST00000357654.9:c.2642A>G
GRCh38:17:43076489:T:A	2836927	2999306	Arg1495Trp	NM_007294.4(BRCA1):c.4483A>T (p.Arg1495Trp)	ENST00000357654.9:c.4483A>T
GRCh38:17:43094845:G:C	2837242	2999621	Ser229Cys	NM_007294.4(BRCA1):c.686C>G (p.Ser229Cys)	ENST00000357654.9:c.686C>G
GRCh38:17:43115753:G:C	2838674	2999776	Ser36Cys	NM_007294.4(BRCA1):c.107C>G (p.Ser36Cys)	ENST00000357654.9:c.107C>G
GRCh38:17:43091012:C:T	2836573	3002345	Glu1373Lys	NM_007294.4(BRCA1):c.4117G>A (p.Glu1373Lys)	ENST00000357654.9:c.4117G>A
GRCh38:17:43092644:T:A	2841675	3003612	Thr963Ser	NM_007294.4(BRCA1):c.2887A>T (p.Thr963Ser)	ENST00000357654.9:c.2887A>T
GRCh38:17:43093783:T:G	2843333	3003988	Lys583Thr	NM_007294.4(BRCA1):c.1748A>C (p.Lys583Thr)	ENST00000357654.9:c.1748A>C
GRCh38:17:43095884:C:T	2851737	3006414	Gly211Glu	NM_007294.4(BRCA1):c.632G>A (p.Gly211Glu)	ENST00000357654.9:c.632G>A
GRCh38:17:43093748:C:G	2844348	3007989	Glu595Gln	NM_007294.4(BRCA1):c.1783G>C (p.Glu595Gln)	ENST00000357654.9:c.1783G>C
GRCh38:17:43094531:G:A	2846163	3008523	Pro334Ser	NM_007294.4(BRCA1):c.1000C>T (p.Pro334Ser)	ENST00000357654.9:c.1000C>T
GRCh38:17:43092037:A:G	2846188	3008548	Phe1165Ser	NM_007294.4(BRCA1):c.3494T>C (p.Phe1165Ser)	ENST00000357654.9:c.3494T>C
GRCh38:17:43091552:G:T	2851139	3009641	Gln1327Lys	NM_007294.4(BRCA1):c.3979C>A (p.Gln1327Lys)	ENST00000357654.9:c.3979C>A
GRCh38:17:43092394:T:G	2846744	3014919	Glu1046Ala	NM_007294.4(BRCA1):c.3137A>C (p.Glu1046Ala)	ENST00000357654.9:c.3137A>C
GRCh38:17:43094777:G:T	2858139	3018185	Arg252Ser	NM_007294.4(BRCA1):c.754C>A (p.Arg252Ser)	ENST00000357654.9:c.754C>A
GRCh38:17:43094015:T:C	2863355	3019542	Arg506Gly	NM_007294.4(BRCA1):c.1516A>G (p.Arg506Gly)	ENST00000357654.9:c.1516A>G
GRCh38:17:43071085:G:A	2866332	3023804	Ser1610Phe	NM_007294.4(BRCA1):c.4829C>T (p.Ser1610Phe)	ENST00000357654.9:c.4829C>T
GRCh38:17:43093791:G:C	2865540	3026613	Phe580Leu	NM_007294.4(BRCA1):c.1740C>G (p.Phe580Leu)	ENST00000357654.9:c.1740C>G
GRCh38:17:43070941:G:C	2865766	3026839	Thr1658Ser	NM_007294.4(BRCA1):c.4973C>G (p.Thr1658Ser)	ENST00000357654.9:c.4973C>G
GRCh38:17:43092596:G:C	2859985	3028622	Arg979Gly	NM_007294.4(BRCA1):c.2935C>G (p.Arg979Gly)	ENST00000357654.9:c.2935C>G
GRCh38:17:43092317:G:T	2860134	3028771	Leu1072Ile	NM_007294.4(BRCA1):c.3214C>A (p.Leu1072Ile)	ENST00000357654.9:c.3214C>A
GRCh38:17:43091471:T:C	2861842	3029204	Asn1354Asp	NM_007294.4(BRCA1):c.4060A>G (p.Asn1354Asp)	ENST00000357654.9:c.4060A>G
GRCh38:17:43094390:T:G	2863619	3029694	Lys381Gln	NM_007294.4(BRCA1):c.1141A>C (p.Lys381Gln)	ENST00000357654.9:c.1141A>C
GRCh38:17:43092446:T:C	2865390	3030171	Asn1029Asp	NM_007294.4(BRCA1):c.3085A>G (p.Asn1029Asp)	ENST00000357654.9:c.3085A>G
GRCh38:17:43094614:T:C	2866882	3030374	Asn306Ser	NM_007294.4(BRCA1):c.917A>G (p.Asn306Ser)	ENST00000357654.9:c.917A>G
GRCh38:17:43091897:A:C	2871064	3037446	Ser1212Ala	NM_007294.4(BRCA1):c.3634T>G (p.Ser1212Ala)	ENST00000357654.9:c.3634T>G
GRCh38:17:43074510:G:A	2879621	3039485	Ser1499Phe	NM_007294.4(BRCA1):c.4496C>T (p.Ser1499Phe)	ENST00000357654.9:c.4496C>T
GRCh38:17:43094638:T:C	2880991	3042589	Asn298Ser	NM_007294.4(BRCA1):c.893A>G (p.Asn298Ser)	ENST00000357654.9:c.893A>G
GRCh38:17:43094031:A:T	2884072	3043374	Asn500Lys	NM_007294.4(BRCA1):c.1500T>A (p.Asn500Lys)	ENST00000357654.9:c.1500T>A
GRCh38:17:43092743:G:T	2885713	3043718	Pro930Thr	NM_007294.4(BRCA1):c.2788C>A (p.Pro930Thr)	ENST00000357654.9:c.2788C>A
GRCh38:17:43093012:C:T	2894046	3045978	Ser840Asn	NM_007294.4(BRCA1):c.2519G>A (p.Ser840Asn)	ENST00000357654.9:c.2519G>A
GRCh38:17:43092236:G:C	2886229	3053943	Pro1099Ala	NM_007294.4(BRCA1):c.3295C>G (p.Pro1099Ala)	ENST00000357654.9:c.3295C>G
GRCh38:17:43094055:T:C	2905781	3062230	Ile492Met	NM_007294.4(BRCA1):c.1476A>G (p.Ile492Met)	ENST00000357654.9:c.1476A>G
GRCh38:17:43092655:C:T	2907521	3062668	Arg959Lys	NM_007294.4(BRCA1):c.2876G>A (p.Arg959Lys)	ENST00000357654.9:c.2876G>A
GRCh38:17:43091674:C:T	2900152	3064150	Ser1286Asn	NM_007294.4(BRCA1):c.3857G>A (p.Ser1286Asn)	ENST00000357654.9:c.3857G>A
GRCh38:17:43074430:C:G	2905316	3065421	Glu1526Gln	NM_007294.4(BRCA1):c.4576G>C (p.Glu1526Gln)	ENST00000357654.9:c.4576G>C
GRCh38:17:43093742:C:G	2906972	3065778	Glu597Gln	NM_007294.4(BRCA1):c.1789G>C (p.Glu597Gln)	ENST00000357654.9:c.1789G>C
GRCh38:17:43092777:C:G	2901511	3068302	Lys918Asn	NM_007294.4(BRCA1):c.2754G>C (p.Lys918Asn)	ENST00000357654.9:c.2754G>C
GRCh38:17:43071154:G:A	2915509	3074059	Ser1587Leu	NM_007294.4(BRCA1):c.4760C>T (p.Ser1587Leu)	ENST00000357654.9:c.4760C>T
GRCh38:17:43082448:G:A	2915510	3074060	Ala1438Val	NM_007294.4(BRCA1):c.4313C>T (p.Ala1438Val)	ENST00000357654.9:c.4313C>T
GRCh38:17:43092079:T:A	2915512	3074062	Asp1151Val	NM_007294.4(BRCA1):c.3452A>T (p.Asp1151Val)	ENST00000357654.9:c.3452A>T
GRCh38:17:43092322:G:T	2915513	3074063	Ala1070Glu	NM_007294.4(BRCA1):c.3209C>A (p.Ala1070Glu)	ENST00000357654.9:c.3209C>A
GRCh38:17:43094022:C:G	2914954	3079692	Lys503Asn	NM_007294.4(BRCA1):c.1509G>C (p.Lys503Asn)	ENST00000357654.9:c.1509G>C
GRCh38:17:43045704:G:C	2954773	3115127	Pro1856Ala	NM_007294.4(BRCA1):c.5566C>G (p.Pro1856Ala)	ENST00000357654.9:c.5566C>G
GRCh38:17:43071151:G:A	2957934	3119146	Ala1588Val	NM_007294.4(BRCA1):c.4763C>T (p.Ala1588Val)	ENST00000357654.9:c.4763C>T
GRCh38:17:43094005:G:A	2979394	3137986	Thr509Ile	NM_007294.4(BRCA1):c.1526C>T (p.Thr509Ile)	ENST00000357654.9:c.1526C>T
GRCh38:17:43099846:A:C	2983224	3142300	Leu159Arg	NM_007294.4(BRCA1):c.476T>G (p.Leu159Arg)	ENST00000357654.9:c.476T>G
GRCh38:17:43093685:A:G	2991774	3144384	Ser616Pro	NM_007294.4(BRCA1):c.1846T>C (p.Ser616Pro)	ENST00000357654.9:c.1846T>C
GRCh38:17:43093622:T:A	2989136	3150684	Thr637Ser	NM_007294.4(BRCA1):c.1909A>T (p.Thr637Ser)	ENST00000357654.9:c.1909A>T
GRCh38:17:43076526:A:T	2992774	3151734	Asp1482Glu	NM_007294.4(BRCA1):c.4446T>A (p.Asp1482Glu)	ENST00000357654.9:c.4446T>A
GRCh38:17:43092226:T:A	2996243	3162951	Asn1102Ile	NM_007294.4(BRCA1):c.3305A>T (p.Asn1102Ile)	ENST00000357654.9:c.3305A>T
GRCh38:17:43074426:T:G	3008299	3165950	Glu1527Ala	NM_007294.4(BRCA1):c.4580A>C (p.Glu1527Ala)	ENST00000357654.9:c.4580A>C
GRCh38:17:43071055:G:A	3014818	3181607	Thr1620Ile	NM_007294.4(BRCA1):c.4859C>T (p.Thr1620Ile)	ENST00000357654.9:c.4859C>T
GRCh38:17:43091576:C:A	3072980	3229251	Gly1319Cys	NM_007294.4(BRCA1):c.3955G>T (p.Gly1319Cys)	ENST00000357654.9:c.3955G>T
GRCh38:17:43094597:C:A	3073045	3229315	Gly312Cys	NM_007294.4(BRCA1):c.934G>T (p.Gly312Cys)	ENST00000357654.9:c.934G>T
GRCh38:17:43092122:T:A	3074567	3229534	Met1137Leu	NM_007294.4(BRCA1):c.3409A>T (p.Met1137Leu)	ENST00000357654.9:c.3409A>T
GRCh38:17:43094234:C:T	3074624	3229591	Ala433Thr	NM_007294.4(BRCA1):c.1297G>A (p.Ala433Thr)	ENST00000357654.9:c.1297G>A
GRCh38:17:43092110:G:C	3074857	3229823	His1141Asp	NM_007294.4(BRCA1):c.3421C>G (p.His1141Asp)	ENST00000357654.9:c.3421C>G
GRCh38:17:43074499:A:T	3069229	3229856	Ser1503Thr	NM_007294.4(BRCA1):c.4507T>A (p.Ser1503Thr)	ENST00000357654.9:c.4507T>A
GRCh38:17:43076572:T:C	3069230	3229857	Gln1467Arg	NM_007294.4(BRCA1):c.4400A>G (p.Gln1467Arg)	ENST00000357654.9:c.4400A>G
GRCh38:17:43092574:A:G	3069231	3229858	Ile986Thr	NM_007294.4(BRCA1):c.2957T>C (p.Ile986Thr)	ENST00000357654.9:c.2957T>C
GRCh38:17:43093304:T:A	3069232	3229859	Asn743Tyr	NM_007294.4(BRCA1):c.2227A>T (p.Asn743Tyr)	ENST00000357654.9:c.2227A>T
GRCh38:17:43093411:C:A	3069233	3229860	Gly707Val	NM_007294.4(BRCA1):c.2120G>T (p.Gly707Val)	ENST00000357654.9:c.2120G>T
GRCh38:17:43093655:C:G	3069234	3229861	Val626Leu	NM_007294.4(BRCA1):c.1876G>C (p.Val626Leu)	ENST00000357654.9:c.1876G>C
GRCh38:17:43093800:T:G	3069235	3229862	Glu577Asp	NM_007294.4(BRCA1):c.1731A>C (p.Glu577Asp)	ENST00000357654.9:c.1731A>C
GRCh38:17:43094268:T:G	3069236	3229863	Glu421Asp	NM_007294.4(BRCA1):c.1263A>C (p.Glu421Asp)	ENST00000357654.9:c.1263A>C
GRCh38:17:43094679:C:A	3069237	3229864	Gln284His	NM_007294.4(BRCA1):c.852G>T (p.Gln284His)	ENST00000357654.9:c.852G>T
GRCh38:17:43094767:T:C	3069238	3229865	Glu255Gly	NM_007294.4(BRCA1):c.764A>G (p.Glu255Gly)	ENST00000357654.9:c.764A>G
GRCh38:17:43104156:C:G	3069240	3229867	Arg136Thr	NM_007294.4(BRCA1):c.407G>C (p.Arg136Thr)	ENST00000357654.9:c.407G>C
GRCh38:17:43094776:C:A	3070606	3230363	Arg252Leu	NM_007294.4(BRCA1):c.755G>T (p.Arg252Leu)	ENST00000357654.9:c.755G>T
GRCh38:17:43094782:T:C	3070942	3230698	Glu250Gly	NM_007294.4(BRCA1):c.749A>G (p.Glu250Gly)	ENST00000357654.9:c.749A>G
GRCh38:17:43092208:A:G	3072354	3230795	Ile1108Thr	NM_007294.4(BRCA1):c.3323T>C (p.Ile1108Thr)	ENST00000357654.9:c.3323T>C
GRCh38:17:43092535:A:T	3072366	3230807	Leu999Gln	NM_007294.4(BRCA1):c.2996T>A (p.Leu999Gln)	ENST00000357654.9:c.2996T>A
GRCh38:17:43093938:C:T	3074124	3231260	Met531Ile	NM_007294.4(BRCA1):c.1593G>A (p.Met531Ile)	ENST00000357654.9:c.1593G>A
GRCh38:17:43091851:T:A	3074391	3231525	Gln1227Leu	NM_007294.4(BRCA1):c.3680A>T (p.Gln1227Leu)	ENST00000357654.9:c.3680A>T
GRCh38:17:43094047:T:C	3074420	3231554	Glu495Gly	NM_007294.4(BRCA1):c.1484A>G (p.Glu495Gly)	ENST00000357654.9:c.1484A>G
GRCh38:17:43094606:T:G	3071943	3232120	Lys309Gln	NM_007294.4(BRCA1):c.925A>C (p.Lys309Gln)	ENST00000357654.9:c.925A>C
GRCh38:17:43091845:A:G	3069954	3233529	Leu1229Ser	NM_007294.4(BRCA1):c.3686T>C (p.Leu1229Ser)	ENST00000357654.9:c.3686T>C
GRCh38:17:43092526:T:C	3069955	3233530	Asn1002Ser	NM_007294.4(BRCA1):c.3005A>G (p.Asn1002Ser)	ENST00000357654.9:c.3005A>G
GRCh38:17:43092436:C:G	3070012	3233587	Arg1032Thr	NM_007294.4(BRCA1):c.3095G>C (p.Arg1032Thr)	ENST00000357654.9:c.3095G>C
GRCh38:17:43071160:G:A	3073181	3234137	Pro1585Leu	NM_007294.4(BRCA1):c.4754C>T (p.Pro1585Leu)	ENST00000357654.9:c.4754C>T
GRCh38:17:43093763:T:G	3073236	3234192	Ser590Arg	NM_007294.4(BRCA1):c.1768A>C (p.Ser590Arg)	ENST00000357654.9:c.1768A>C
GRCh38:17:43071199:G:A	3073447	3234403	Ser1572Phe	NM_007294.4(BRCA1):c.4715C>T (p.Ser1572Phe)	ENST00000357654.9:c.4715C>T
GRCh38:17:43093238:C:T	3075765	3235056	Glu765Lys	NM_007294.4(BRCA1):c.2293G>A (p.Glu765Lys)	ENST00000357654.9:c.2293G>A
GRCh38:17:43094452:C:T	3134927	3302078	Cys360Tyr	NM_007294.4(BRCA1):c.1079G>A (p.Cys360Tyr)	ENST00000357654.9:c.1079G>A
GRCh38:17:43093022:C:T	3226119	3387183	Val837Ile	NM_007294.4(BRCA1):c.2509G>A (p.Val837Ile)	ENST00000357654.9:c.2509G>A
GRCh38:17:43092997:A:C	3226120	3387184	Ile845Arg	NM_007294.4(BRCA1):c.2534T>G (p.Ile845Arg)	ENST00000357654.9:c.2534T>G
GRCh38:17:43092532:T:A	3226127	3387191	Glu1000Val	NM_007294.4(BRCA1):c.2999A>T (p.Glu1000Val)	ENST00000357654.9:c.2999A>T
GRCh38:17:43092488:C:T	3226128	3387192	Gly1015Arg	NM_007294.4(BRCA1):c.3043G>A (p.Gly1015Arg)	ENST00000357654.9:c.3043G>A
GRCh38:17:43092472:G:C	3226130	3387194	Pro1020Arg	NM_007294.4(BRCA1):c.3059C>G (p.Pro1020Arg)	ENST00000357654.9:c.3059C>G
GRCh38:17:43104256:T:C	3226131	3387195	Asn103Asp	NM_007294.4(BRCA1):c.307A>G (p.Asn103Asp)	ENST00000357654.9:c.307A>G
GRCh38:17:43092367:C:A	3226135	3387199	Gly1055Val	NM_007294.4(BRCA1):c.3164G>T (p.Gly1055Val)	ENST00000357654.9:c.3164G>T
GRCh38:17:43092179:G:C	3226136	3387200	Gln1118Glu	NM_007294.4(BRCA1):c.3352C>G (p.Gln1118Glu)	ENST00000357654.9:c.3352C>G
GRCh38:17:43092064:T:C	3226137	3387201	Asp1156Gly	NM_007294.4(BRCA1):c.3467A>G (p.Asp1156Gly)	ENST00000357654.9:c.3467A>G
GRCh38:17:43091855:A:C	3226140	3387204	Phe1226Val	NM_007294.4(BRCA1):c.3676T>G (p.Phe1226Val)	ENST00000357654.9:c.3676T>G
GRCh38:17:43091849:G:T	3226141	3387205	His1228Asn	NM_007294.4(BRCA1):c.3682C>A (p.His1228Asn)	ENST00000357654.9:c.3682C>A
GRCh38:17:43091723:A:C	3226145	3387209	Cys1270Gly	NM_007294.4(BRCA1):c.3808T>G (p.Cys1270Gly)	ENST00000357654.9:c.3808T>G
GRCh38:17:43104180:A:T	3226146	3387210	Met128Lys	NM_007294.4(BRCA1):c.383T>A (p.Met128Lys)	ENST00000357654.9:c.383T>A
GRCh38:17:43091611:G:A	3226147	3387211	Thr1307Ile	NM_007294.4(BRCA1):c.3920C>T (p.Thr1307Ile)	ENST00000357654.9:c.3920C>T
GRCh38:17:43082459:A:T	3226152	3387216	Ser1434Arg	NM_007294.4(BRCA1):c.4302T>A (p.Ser1434Arg)	ENST00000357654.9:c.4302T>A
GRCh38:17:43076607:T:G	3226154	3387218	Leu1455Phe	NM_007294.4(BRCA1):c.4365A>C (p.Leu1455Phe)	ENST00000357654.9:c.4365A>C
GRCh38:17:43076504:C:T	3226156	3387220	Glu1490Lys	NM_007294.4(BRCA1):c.4468G>A (p.Glu1490Lys)	ENST00000357654.9:c.4468G>A
GRCh38:17:43074494:T:A	3226158	3387222	Leu1504Phe	NM_007294.4(BRCA1):c.4512A>T (p.Leu1504Phe)	ENST00000357654.9:c.4512A>T
GRCh38:17:43099850:T:C	3226163	3387227	Asn158Asp	NM_007294.4(BRCA1):c.472A>G (p.Asn158Asp)	ENST00000357654.9:c.472A>G
GRCh38:17:43071034:G:C	3226168	3387232	Ala1627Gly	NM_007294.4(BRCA1):c.4880C>G (p.Ala1627Gly)	ENST00000357654.9:c.4880C>G
GRCh38:17:43099808:G:T	3226171	3387234	Gln172Lys	NM_007294.4(BRCA1):c.514C>A (p.Gln172Lys)	ENST00000357654.9:c.514C>A
GRCh38:17:43095854:G:C	3226176	3387239	Ala221Gly	NM_007294.4(BRCA1):c.662C>G (p.Ala221Gly)	ENST00000357654.9:c.662C>G
GRCh38:17:43094660:A:T	3226179	3387242	Leu291Ile	NM_007294.4(BRCA1):c.871T>A (p.Leu291Ile)	ENST00000357654.9:c.871T>A
GRCh38:17:43094574:G:T	3226181	3387244	Asn319Lys	NM_007294.4(BRCA1):c.957C>A (p.Asn319Lys)	ENST00000357654.9:c.957C>A
GRCh38:17:43094495:G:T	3226093	3390598	Pro346Thr	NM_007294.4(BRCA1):c.1036C>A (p.Pro346Thr)	ENST00000357654.9:c.1036C>A
GRCh38:17:43094494:G:A	3226094	3390599	Pro346Leu	NM_007294.4(BRCA1):c.1037C>T (p.Pro346Leu)	ENST00000357654.9:c.1037C>T
GRCh38:17:43094398:C:A	3226096	3390601	Ser378Ile	NM_007294.4(BRCA1):c.1133G>T (p.Ser378Ile)	ENST00000357654.9:c.1133G>T
GRCh38:17:43094314:T:C	3226097	3390602	Asn406Ser	NM_007294.4(BRCA1):c.1217A>G (p.Asn406Ser)	ENST00000357654.9:c.1217A>G
GRCh38:17:43094167:T:A	3226099	3390604	Asn455Ile	NM_007294.4(BRCA1):c.1364A>T (p.Asn455Ile)	ENST00000357654.9:c.1364A>T
GRCh38:17:43094041:G:C	3226102	3390607	Pro497Arg	NM_007294.4(BRCA1):c.1490C>G (p.Pro497Arg)	ENST00000357654.9:c.1490C>G
GRCh38:17:43094038:A:G	3226103	3390608	Leu498Pro	NM_007294.4(BRCA1):c.1493T>C (p.Leu498Pro)	ENST00000357654.9:c.1493T>C
GRCh38:17:43093964:A:T	3226105	3390610	Leu523Met	NM_007294.4(BRCA1):c.1567T>A (p.Leu523Met)	ENST00000357654.9:c.1567T>A
GRCh38:17:43093941:T:G	3226107	3390612	Glu530Asp	NM_007294.4(BRCA1):c.1590A>C (p.Glu530Asp)	ENST00000357654.9:c.1590A>C
GRCh38:17:43093775:G:T	3226109	3390614	Pro586Thr	NM_007294.4(BRCA1):c.1756C>A (p.Pro586Thr)	ENST00000357654.9:c.1756C>A
GRCh38:17:43093476:A:T	3226111	3390616	Asn685Lys	NM_007294.4(BRCA1):c.2055T>A (p.Asn685Lys)	ENST00000357654.9:c.2055T>A
GRCh38:17:43093435:T:A	3226112	3390617	Glu699Val	NM_007294.4(BRCA1):c.2096A>T (p.Glu699Val)	ENST00000357654.9:c.2096A>T
GRCh38:17:43093100:G:A	3226115	3390620	Pro811Ser	NM_007294.4(BRCA1):c.2431C>T (p.Pro811Ser)	ENST00000357654.9:c.2431C>T
GRCh38:17:43093081:C:T	3226116	3390621	Gly817Asp	NM_007294.4(BRCA1):c.2450G>A (p.Gly817Asp)	ENST00000357654.9:c.2450G>A
GRCh38:17:43093059:A:C	3226117	3390622	Asn824Lys	NM_007294.4(BRCA1):c.2472T>G (p.Asn824Lys)	ENST00000357654.9:c.2472T>G
GRCh38:17:43095874:A:C	3240940	3399923	Asp214Glu	NM_007294.4(BRCA1):c.642T>G (p.Asp214Glu)	ENST00000357654.9:c.642T>G
GRCh38:17:43104872:C:G	3240941	3399924	Leu99Phe	NM_007294.4(BRCA1):c.297G>C (p.Leu99Phe)	ENST00000357654.9:c.297G>C
GRCh38:17:43076542:A:C	3240942	3399925	Phe1477Cys	NM_007294.4(BRCA1):c.4430T>G (p.Phe1477Cys)	ENST00000357654.9:c.4430T>G
GRCh38:17:43099802:G:C	3240944	3399927	Gln174Glu	NM_007294.4(BRCA1):c.520C>G (p.Gln174Glu)	ENST00000357654.9:c.520C>G
GRCh38:17:43094503:T:C	3261443	3424212	Asn343Ser	NM_007294.4(BRCA1):c.1028A>G (p.Asn343Ser)	ENST00000357654.9:c.1028A>G
GRCh38:17:43094636:C:T	3261446	3424215	Val299Ile	NM_007294.4(BRCA1):c.895G>A (p.Val299Ile)	ENST00000357654.9:c.895G>A
GRCh38:17:43092513:A:C	3261448	3424217	His1006Gln	NM_007294.4(BRCA1):c.3018T>G (p.His1006Gln)	ENST00000357654.9:c.3018T>G
GRCh38:17:43099847:G:A	3261452	3424221	Leu159Phe	NM_007294.4(BRCA1):c.475C>T (p.Leu159Phe)	ENST00000357654.9:c.475C>T
GRCh38:17:43093824:G:T	3261454	3424223	Asn569Lys	NM_007294.4(BRCA1):c.1707C>A (p.Asn569Lys)	ENST00000357654.9:c.1707C>A
GRCh38:17:43094657:G:T	3261457	3424226	Leu292Ile	NM_007294.4(BRCA1):c.874C>A (p.Leu292Ile)	ENST00000357654.9:c.874C>A
GRCh38:17:43093912:T:G	3261461	3424230	Glu540Ala	NM_007294.4(BRCA1):c.1619A>C (p.Glu540Ala)	ENST00000357654.9:c.1619A>C
GRCh38:17:43092535:A:G	3261462	3424231	Leu999Pro	NM_007294.4(BRCA1):c.2996T>C (p.Leu999Pro)	ENST00000357654.9:c.2996T>C
GRCh38:17:43092070:A:G	3261464	3424233	Leu1154Ser	NM_007294.4(BRCA1):c.3461T>C (p.Leu1154Ser)	ENST00000357654.9:c.3461T>C
GRCh38:17:43094828:T:G	3261465	3424234	Asn235His	NM_007294.4(BRCA1):c.703A>C (p.Asn235His)	ENST00000357654.9:c.703A>C
GRCh38:17:43094814:A:C	3261466	3424235	His239Gln	NM_007294.4(BRCA1):c.717T>G (p.His239Gln)	ENST00000357654.9:c.717T>G
GRCh38:17:43093058:C:G	3261467	3424236	Asp825His	NM_007294.4(BRCA1):c.2473G>C (p.Asp825His)	ENST00000357654.9:c.2473G>C
GRCh38:17:43071036:A:C	3261469	3424238	Asn1626Lys	NM_007294.4(BRCA1):c.4878T>G (p.Asn1626Lys)	ENST00000357654.9:c.4878T>G
GRCh38:17:43104195:G:A	3261473	3424242	Ser123Phe	NM_007294.4(BRCA1):c.368C>T (p.Ser123Phe)	ENST00000357654.9:c.368C>T
GRCh38:17:43091962:G:C	3261475	3424244	Pro1190Arg	NM_007294.4(BRCA1):c.3569C>G (p.Pro1190Arg)	ENST00000357654.9:c.3569C>G
GRCh38:17:43092860:A:C	3261477	3424246	Ser891Ala	NM_007294.4(BRCA1):c.2671T>G (p.Ser891Ala)	ENST00000357654.9:c.2671T>G
GRCh38:17:43093114:G:C	3261478	3424247	Ala806Gly	NM_007294.4(BRCA1):c.2417C>G (p.Ala806Gly)	ENST00000357654.9:c.2417C>G
GRCh38:17:43099779:T:G	3261479	3424248	Glu181Asp	NM_007294.4(BRCA1):c.543A>C (p.Glu181Asp)	ENST00000357654.9:c.543A>C
GRCh38:17:43093355:G:A	3261482	3424250	Leu726Phe	NM_007294.4(BRCA1):c.2176C>T (p.Leu726Phe)	ENST00000357654.9:c.2176C>T
GRCh38:17:43094297:C:A	3261490	3424258	Val412Leu	NM_007294.4(BRCA1):c.1234G>T (p.Val412Leu)	ENST00000357654.9:c.1234G>T
GRCh38:17:43094825:T:C	3261494	3424262	Thr236Ala	NM_007294.4(BRCA1):c.706A>G (p.Thr236Ala)	ENST00000357654.9:c.706A>G
GRCh38:17:43093069:T:C	3261496	3424264	Asp821Gly	NM_007294.4(BRCA1):c.2462A>G (p.Asp821Gly)	ENST00000357654.9:c.2462A>G
GRCh38:17:43092149:G:C	3261497	3424265	Leu1128Val	NM_007294.4(BRCA1):c.3382C>G (p.Leu1128Val)	ENST00000357654.9:c.3382C>G
GRCh38:17:43092674:A:C	3261498	3424266	Cys953Gly	NM_007294.4(BRCA1):c.2857T>G (p.Cys953Gly)	ENST00000357654.9:c.2857T>G
GRCh38:17:43092341:T:G	3338012	3496672	Ser1064Arg	NM_007294.4(BRCA1):c.3190A>C (p.Ser1064Arg)	ENST00000357654.9:c.3190A>C
GRCh38:17:43091488:C:T	3339194	3498461	Gly1348Glu	NM_007294.4(BRCA1):c.4043G>A (p.Gly1348Glu)	ENST00000357654.9:c.4043G>A
GRCh38:17:43092442:T:C	3339864	3499127	Asn1030Ser	NM_007294.4(BRCA1):c.3089A>G (p.Asn1030Ser)	ENST00000357654.9:c.3089A>G
GRCh38:17:43097274:T:A	3340072	3499333	Glu188Val	NM_007294.4(BRCA1):c.563A>T (p.Glu188Val)	ENST00000357654.9:c.563A>T
GRCh38:17:43091780:A:T	3340195	3499453	Cys1251Ser	NM_007294.4(BRCA1):c.3751T>A (p.Cys1251Ser)	ENST00000357654.9:c.3751T>A
GRCh38:17:43099780:T:G	3340216	3499474	Glu181Ala	NM_007294.4(BRCA1):c.542A>C (p.Glu181Ala)	ENST00000357654.9:c.542A>C
GRCh38:17:43094597:C:T	3340388	3499644	Gly312Ser	NM_007294.4(BRCA1):c.934G>A (p.Gly312Ser)	ENST00000357654.9:c.934G>A
GRCh38:17:43093226:T:G	3361703	3520913	Ile769Leu	NM_007294.4(BRCA1):c.2305A>C (p.Ile769Leu)	ENST00000357654.9:c.2305A>C
GRCh38:17:43093617:T:A	3362166	3521376	Glu638Asp	NM_007294.4(BRCA1):c.1914A>T (p.Glu638Asp)	ENST00000357654.9:c.1914A>T
GRCh38:17:43104145:T:C	3366033	3525240	Ser140Gly	NM_007294.4(BRCA1):c.418A>G (p.Ser140Gly)	ENST00000357654.9:c.418A>G
GRCh38:17:43082511:A:G	3367142	3526343	Val1417Ala	NM_007294.4(BRCA1):c.4250T>C (p.Val1417Ala)	ENST00000357654.9:c.4250T>C
GRCh38:17:43082485:A:T	3372696	3531886	Ser1426Thr	NM_007294.4(BRCA1):c.4276T>A (p.Ser1426Thr)	ENST00000357654.9:c.4276T>A
GRCh38:17:43092337:T:C	3373180	3532370	Asp1065Gly	NM_007294.4(BRCA1):c.3194A>G (p.Asp1065Gly)	ENST00000357654.9:c.3194A>G
GRCh38:17:43074379:C:A	3386156	3545297	Gly1543Trp	NM_007294.4(BRCA1):c.4627G>T (p.Gly1543Trp)	ENST00000357654.9:c.4627G>T
GRCh38:17:43074384:T:A	3386157	3545298	Glu1541Val	NM_007294.4(BRCA1):c.4622A>T (p.Glu1541Val)	ENST00000357654.9:c.4622A>T
GRCh38:17:43074514:G:C	3386162	3545303	Pro1498Ala	NM_007294.4(BRCA1):c.4492C>G (p.Pro1498Ala)	ENST00000357654.9:c.4492C>G
GRCh38:17:43090956:A:C	3386182	3545323	Ile1391Met	NM_007294.4(BRCA1):c.4173T>G (p.Ile1391Met)	ENST00000357654.9:c.4173T>G
GRCh38:17:43092068:C:T	3386213	3545354	Asp1155Asn	NM_007294.4(BRCA1):c.3463G>A (p.Asp1155Asn)	ENST00000357654.9:c.3463G>A
GRCh38:17:43093093:C:T	3386216	3545357	Gly813Glu	NM_007294.4(BRCA1):c.2438G>A (p.Gly813Glu)	ENST00000357654.9:c.2438G>A
GRCh38:17:43093276:A:G	3386217	3545358	Leu752Ser	NM_007294.4(BRCA1):c.2255T>C (p.Leu752Ser)	ENST00000357654.9:c.2255T>C
GRCh38:17:43093589:C:G	3386219	3545360	Glu648Gln	NM_007294.4(BRCA1):c.1942G>C (p.Glu648Gln)	ENST00000357654.9:c.1942G>C
GRCh38:17:43093707:C:A	3386220	3545361	Lys608Asn	NM_007294.4(BRCA1):c.1824G>T (p.Lys608Asn)	ENST00000357654.9:c.1824G>T
GRCh38:17:43094116:G:C	3386221	3545362	Pro472Arg	NM_007294.4(BRCA1):c.1415C>G (p.Pro472Arg)	ENST00000357654.9:c.1415C>G
GRCh38:17:43094491:A:C	3386223	3545364	Leu347Arg	NM_007294.4(BRCA1):c.1040T>G (p.Leu347Arg)	ENST00000357654.9:c.1040T>G
GRCh38:17:43094513:C:T	3386224	3545365	Val340Ile	NM_007294.4(BRCA1):c.1018G>A (p.Val340Ile)	ENST00000357654.9:c.1018G>A
GRCh38:17:43094528:T:C	3386225	3545366	Ser335Gly	NM_007294.4(BRCA1):c.1003A>G (p.Ser335Gly)	ENST00000357654.9:c.1003A>G
GRCh38:17:43094791:T:A	3386226	3545367	Asn247Ile	NM_007294.4(BRCA1):c.740A>T (p.Asn247Ile)	ENST00000357654.9:c.740A>T
GRCh38:17:43091641:G:A	3391477	3550558	Ser1297Phe	NM_007294.4(BRCA1):c.3890C>T (p.Ser1297Phe)	ENST00000357654.9:c.3890C>T
GRCh38:17:43094122:C:A	3481769	3639980	Ser470Ile	NM_007294.4(BRCA1):c.1409G>T (p.Ser470Ile)	ENST00000357654.9:c.1409G>T
GRCh38:17:43092538:A:G	3481770	3639981	Leu998Pro	NM_007294.4(BRCA1):c.2993T>C (p.Leu998Pro)	ENST00000357654.9:c.2993T>C
GRCh38:17:43099853:A:C	3481789	3640000	Ser157Ala	NM_007294.4(BRCA1):c.469T>G (p.Ser157Ala)	ENST00000357654.9:c.469T>G
GRCh38:17:43104131:A:T	3481791	3640002	Asn144Lys	NM_007294.4(BRCA1):c.432T>A (p.Asn144Lys)	ENST00000357654.9:c.432T>A
GRCh38:17:43099873:G:A	3481803	3640014	Thr150Ile	NM_007294.4(BRCA1):c.449C>T (p.Thr150Ile)	ENST00000357654.9:c.449C>T
GRCh38:17:43092164:C:G	3481814	3640025	Asp1123His	NM_007294.4(BRCA1):c.3367G>C (p.Asp1123His)	ENST00000357654.9:c.3367G>C
GRCh38:17:43074436:A:G	3481817	3640028	Ser1524Pro	NM_007294.4(BRCA1):c.4570T>C (p.Ser1524Pro)	ENST00000357654.9:c.4570T>C
GRCh38:17:43092416:C:T	3481822	3640033	Ala1039Thr	NM_007294.4(BRCA1):c.3115G>A (p.Ala1039Thr)	ENST00000357654.9:c.3115G>A
GRCh38:17:43093562:G:C	3481823	3640034	Gln657Glu	NM_007294.4(BRCA1):c.1969C>G (p.Gln657Glu)	ENST00000357654.9:c.1969C>G
GRCh38:17:43094171:T:A	3481825	3640036	Ser454Cys	NM_007294.4(BRCA1):c.1360A>T (p.Ser454Cys)	ENST00000357654.9:c.1360A>T
GRCh38:17:43071230:G:C	3481829	3640040	Pro1562Ala	NM_007294.4(BRCA1):c.4684C>G (p.Pro1562Ala)	ENST00000357654.9:c.4684C>G
GRCh38:17:43094000:C:A	3481830	3640041	Gly511Cys	NM_007294.4(BRCA1):c.1531G>T (p.Gly511Cys)	ENST00000357654.9:c.1531G>T
GRCh38:17:43092136:T:A	3481831	3640042	Asn1132Ile	NM_007294.4(BRCA1):c.3395A>T (p.Asn1132Ile)	ENST00000357654.9:c.3395A>T
GRCh38:17:43074366:A:C	3481834	3640045	Leu1547Trp	NM_007294.4(BRCA1):c.4640T>G (p.Leu1547Trp)	ENST00000357654.9:c.4640T>G
GRCh38:17:43093543:C:A	3481835	3640046	Ser663Ile	NM_007294.4(BRCA1):c.1988G>T (p.Ser663Ile)	ENST00000357654.9:c.1988G>T
GRCh38:17:43092930:C:G	3481836	3640047	Gln867His	NM_007294.4(BRCA1):c.2601G>C (p.Gln867His)	ENST00000357654.9:c.2601G>C
GRCh38:17:43092119:C:G	3481838	3640049	Gly1138Arg	NM_007294.4(BRCA1):c.3412G>C (p.Gly1138Arg)	ENST00000357654.9:c.3412G>C
GRCh38:17:43094185:G:C	3481839	3640050	Ser449Cys	NM_007294.4(BRCA1):c.1346C>G (p.Ser449Cys)	ENST00000357654.9:c.1346C>G
GRCh38:17:43092292:A:G	3481841	3640052	Leu1080Ser	NM_007294.4(BRCA1):c.3239T>C (p.Leu1080Ser)	ENST00000357654.9:c.3239T>C
GRCh38:17:43094797:T:C	3481842	3640053	Asp245Gly	NM_007294.4(BRCA1):c.734A>G (p.Asp245Gly)	ENST00000357654.9:c.734A>G
GRCh38:17:43092318:T:A	3481843	3640054	Glu1071Asp	NM_007294.4(BRCA1):c.3213A>T (p.Glu1071Asp)	ENST00000357654.9:c.3213A>T
GRCh38:17:43082464:T:G	3481844	3640055	Ile1433Leu	NM_007294.4(BRCA1):c.4297A>C (p.Ile1433Leu)	ENST00000357654.9:c.4297A>C
GRCh38:17:43092256:T:A	3481846	3640057	Glu1092Val	NM_007294.4(BRCA1):c.3275A>T (p.Glu1092Val)	ENST00000357654.9:c.3275A>T
GRCh38:17:43093354:A:C	3481847	3640058	Leu726Arg	NM_007294.4(BRCA1):c.2177T>G (p.Leu726Arg)	ENST00000357654.9:c.2177T>G
GRCh38:17:43094459:G:T	3481848	3640059	Leu358Met	NM_007294.4(BRCA1):c.1072C>A (p.Leu358Met)	ENST00000357654.9:c.1072C>A
GRCh38:17:43094411:T:A	3481849	3640060	Thr374Ser	NM_007294.4(BRCA1):c.1120A>T (p.Thr374Ser)	ENST00000357654.9:c.1120A>T
GRCh38:17:43074375:G:T	3481852	3640063	Pro1544Gln	NM_007294.4(BRCA1):c.4631C>A (p.Pro1544Gln)	ENST00000357654.9:c.4631C>A
GRCh38:17:43092395:C:T	3481856	3640067	Glu1046Lys	NM_007294.4(BRCA1):c.3136G>A (p.Glu1046Lys)	ENST00000357654.9:c.3136G>A
GRCh38:17:43090962:A:C	3481860	3640071	Ser1389Arg	NM_007294.4(BRCA1):c.4167T>G (p.Ser1389Arg)	ENST00000357654.9:c.4167T>G
GRCh38:17:43091630:T:G	3481861	3640072	Ser1301Arg	NM_007294.4(BRCA1):c.3901A>C (p.Ser1301Arg)	ENST00000357654.9:c.3901A>C
GRCh38:17:43091918:C:A	3481865	3640076	Gly1205Trp	NM_007294.4(BRCA1):c.3613G>T (p.Gly1205Trp)	ENST00000357654.9:c.3613G>T
GRCh38:17:43091465:G:C	3481869	3640080	Gln1356Glu	NM_007294.4(BRCA1):c.4066C>G (p.Gln1356Glu)	ENST00000357654.9:c.4066C>G
GRCh38:17:43099869:A:T	3481870	3640081	Ser151Arg	NM_007294.4(BRCA1):c.453T>A (p.Ser151Arg)	ENST00000357654.9:c.453T>A
GRCh38:17:43092148:A:C	3481872	3640083	Leu1128Arg	NM_007294.4(BRCA1):c.3383T>G (p.Leu1128Arg)	ENST00000357654.9:c.3383T>G
GRCh38:17:43094756:C:T	3481876	3640087	Glu259Lys	NM_007294.4(BRCA1):c.775G>A (p.Glu259Lys)	ENST00000357654.9:c.775G>A
GRCh38:17:43092591:T:C	3481877	3640088	Ile980Met	NM_007294.4(BRCA1):c.2940A>G (p.Ile980Met)	ENST00000357654.9:c.2940A>G
GRCh38:17:43092425:A:T	3481878	3640089	Phe1036Ile	NM_007294.4(BRCA1):c.3106T>A (p.Phe1036Ile)	ENST00000357654.9:c.3106T>A
GRCh38:17:43094498:C:G	3481883	3640094	Asp345His	NM_007294.4(BRCA1):c.1033G>C (p.Asp345His)	ENST00000357654.9:c.1033G>C
GRCh38:17:43094440:G:A	3481885	3640096	Pro364Leu	NM_007294.4(BRCA1):c.1091C>T (p.Pro364Leu)	ENST00000357654.9:c.1091C>T
GRCh38:17:43092046:T:G	3481889	3640100	Asp1162Ala	NM_007294.4(BRCA1):c.3485A>C (p.Asp1162Ala)	ENST00000357654.9:c.3485A>C
GRCh38:17:43092149:G:T	3481892	3640103	Leu1128Met	NM_007294.4(BRCA1):c.3382C>A (p.Leu1128Met)	ENST00000357654.9:c.3382C>A
GRCh38:17:43094381:C:G	3481896	3640107	Glu384Gln	NM_007294.4(BRCA1):c.1150G>C (p.Glu384Gln)	ENST00000357654.9:c.1150G>C
GRCh38:17:43093776:T:G	3481897	3640108	Glu585Asp	NM_007294.4(BRCA1):c.1755A>C (p.Glu585Asp)	ENST00000357654.9:c.1755A>C
GRCh38:17:43093757:T:C	3481901	3640112	Ser592Gly	NM_007294.4(BRCA1):c.1774A>G (p.Ser592Gly)	ENST00000357654.9:c.1774A>G
GRCh38:17:43082458:C:G	3481905	3640116	Asp1435His	NM_007294.4(BRCA1):c.4303G>C (p.Asp1435His)	ENST00000357654.9:c.4303G>C
GRCh38:17:43097253:G:A	3481906	3640117	Thr195Ile	NM_007294.4(BRCA1):c.584C>T (p.Thr195Ile)	ENST00000357654.9:c.584C>T
GRCh38:17:43092874:G:A	3481909	3640120	Ser886Phe	NM_007294.4(BRCA1):c.2657C>T (p.Ser886Phe)	ENST00000357654.9:c.2657C>T
GRCh38:17:43074504:C:A	3582081	3709138	Cys1501Phe	NM_007294.4(BRCA1):c.4502G>T (p.Cys1501Phe)	ENST00000357654.9:c.4502G>T
GRCh38:17:43092011:A:C	3582084	3709141	Ser1174Ala	NM_007294.4(BRCA1):c.3520T>G (p.Ser1174Ala)	ENST00000357654.9:c.3520T>G
GRCh38:17:43104235:T:G	3572267	3731167	Lys110Gln	NM_007294.4(BRCA1):c.328A>C (p.Lys110Gln)	ENST00000357654.9:c.328A>C
GRCh38:17:43091015:A:G	3572269	3731169	Cys1372Arg	NM_007294.4(BRCA1):c.4114T>C (p.Cys1372Arg)	ENST00000357654.9:c.4114T>C
GRCh38:17:43082463:A:C	3572270	3731170	Ile1433Arg	NM_007294.4(BRCA1):c.4298T>G (p.Ile1433Arg)	ENST00000357654.9:c.4298T>G
GRCh38:17:43104177:C:G	3609377	3744242	Gly129Ala	NM_007294.4(BRCA1):c.386G>C (p.Gly129Ala)	ENST00000357654.9:c.386G>C
GRCh38:17:43093111:G:A	3609042	3747630	Ala807Val	NM_007294.4(BRCA1):c.2420C>T (p.Ala807Val)	ENST00000357654.9:c.2420C>T
GRCh38:17:43091441:T:C	3609221	3747809	Asn1364Asp	NM_007294.4(BRCA1):c.4090A>G (p.Asn1364Asp)	ENST00000357654.9:c.4090A>G
GRCh38:17:43092976:A:C	3623617	3751417	Leu852Arg	NM_007294.4(BRCA1):c.2555T>G (p.Leu852Arg)	ENST00000357654.9:c.2555T>G
GRCh38:17:43092100:T:C	3625785	3761079	Gln1144Arg	NM_007294.4(BRCA1):c.3431A>G (p.Gln1144Arg)	ENST00000357654.9:c.3431A>G
GRCh38:17:43092566:A:G	3629694	3762373	Phe989Leu	NM_007294.4(BRCA1):c.2965T>C (p.Phe989Leu)	ENST00000357654.9:c.2965T>C
GRCh38:17:43071128:A:T	3634633	3763856	Ser1596Thr	NM_007294.4(BRCA1):c.4786T>A (p.Ser1596Thr)	ENST00000357654.9:c.4786T>A
GRCh38:17:43071163:G:T	3634634	3763857	Ala1584Asp	NM_007294.4(BRCA1):c.4751C>A (p.Ala1584Asp)	ENST00000357654.9:c.4751C>A
GRCh38:17:43071191:G:A	3634635	3763858	Pro1575Ser	NM_007294.4(BRCA1):c.4723C>T (p.Pro1575Ser)	ENST00000357654.9:c.4723C>T
GRCh38:17:43071208:C:A	3634636	3763859	Ser1569Ile	NM_007294.4(BRCA1):c.4706G>T (p.Ser1569Ile)	ENST00000357654.9:c.4706G>T
GRCh38:17:43074502:G:T	3634637	3763860	Pro1502Thr	NM_007294.4(BRCA1):c.4504C>A (p.Pro1502Thr)	ENST00000357654.9:c.4504C>A
GRCh38:17:43076573:G:T	3634638	3763861	Gln1467Lys	NM_007294.4(BRCA1):c.4399C>A (p.Gln1467Lys)	ENST00000357654.9:c.4399C>A
GRCh38:17:43082409:T:G	3634639	3763862	Glu1451Ala	NM_007294.4(BRCA1):c.4352A>C (p.Glu1451Ala)	ENST00000357654.9:c.4352A>C
GRCh38:17:43082416:T:C	3634640	3763863	Thr1449Ala	NM_007294.4(BRCA1):c.4345A>G (p.Thr1449Ala)	ENST00000357654.9:c.4345A>G
GRCh38:17:43082460:C:T	3634641	3763864	Ser1434Asn	NM_007294.4(BRCA1):c.4301G>A (p.Ser1434Asn)	ENST00000357654.9:c.4301G>A
GRCh38:17:43090993:G:A	3634642	3763865	Ser1379Phe	NM_007294.4(BRCA1):c.4136C>T (p.Ser1379Phe)	ENST00000357654.9:c.4136C>T
GRCh38:17:43091667:T:A	3634643	3763866	Glu1288Asp	NM_007294.4(BRCA1):c.3864A>T (p.Glu1288Asp)	ENST00000357654.9:c.3864A>T
GRCh38:17:43091792:C:G	3634644	3763867	Val1247Leu	NM_007294.4(BRCA1):c.3739G>C (p.Val1247Leu)	ENST00000357654.9:c.3739G>C
GRCh38:17:43091804:T:C	3634645	3763868	Arg1243Gly	NM_007294.4(BRCA1):c.3727A>G (p.Arg1243Gly)	ENST00000357654.9:c.3727A>G
GRCh38:17:43091914:G:T	3634646	3763869	Ala1206Asp	NM_007294.4(BRCA1):c.3617C>A (p.Ala1206Asp)	ENST00000357654.9:c.3617C>A
GRCh38:17:43091933:G:C	3634647	3763870	Gln1200Glu	NM_007294.4(BRCA1):c.3598C>G (p.Gln1200Glu)	ENST00000357654.9:c.3598C>G
GRCh38:17:43091966:T:C	3634648	3763871	Ser1189Gly	NM_007294.4(BRCA1):c.3565A>G (p.Ser1189Gly)	ENST00000357654.9:c.3565A>G
GRCh38:17:43092051:C:A	3634650	3763873	Lys1160Asn	NM_007294.4(BRCA1):c.3480G>T (p.Lys1160Asn)	ENST00000357654.9:c.3480G>T
GRCh38:17:43092121:A:T	3634651	3763874	Met1137Lys	NM_007294.4(BRCA1):c.3410T>A (p.Met1137Lys)	ENST00000357654.9:c.3410T>A
GRCh38:17:43092224:A:C	3634652	3763875	Cys1103Gly	NM_007294.4(BRCA1):c.3307T>G (p.Cys1103Gly)	ENST00000357654.9:c.3307T>G
GRCh38:17:43092236:G:T	3634653	3763876	Pro1099Thr	NM_007294.4(BRCA1):c.3295C>A (p.Pro1099Thr)	ENST00000357654.9:c.3295C>A
GRCh38:17:43092326:G:C	3634654	3763877	Gln1069Glu	NM_007294.4(BRCA1):c.3205C>G (p.Gln1069Glu)	ENST00000357654.9:c.3205C>G
GRCh38:17:43092328:A:C	3634655	3763878	Ile1068Ser	NM_007294.4(BRCA1):c.3203T>G (p.Ile1068Ser)	ENST00000357654.9:c.3203T>G
GRCh38:17:43092355:T:G	3634656	3763879	Asn1059Thr	NM_007294.4(BRCA1):c.3176A>C (p.Asn1059Thr)	ENST00000357654.9:c.3176A>C
GRCh38:17:43092435:T:A	3634657	3763880	Arg1032Ser	NM_007294.4(BRCA1):c.3096A>T (p.Arg1032Ser)	ENST00000357654.9:c.3096A>T
GRCh38:17:43092457:G:C	3634658	3763881	Thr1025Arg	NM_007294.4(BRCA1):c.3074C>G (p.Thr1025Arg)	ENST00000357654.9:c.3074C>G
GRCh38:17:43092629:G:T	3634659	3763882	Pro968Thr	NM_007294.4(BRCA1):c.2902C>A (p.Pro968Thr)	ENST00000357654.9:c.2902C>A
GRCh38:17:43092664:G:T	3634660	3763883	Ser956Tyr	NM_007294.4(BRCA1):c.2867C>A (p.Ser956Tyr)	ENST00000357654.9:c.2867C>A
GRCh38:17:43092697:C:T	3634661	3763884	Ser945Asn	NM_007294.4(BRCA1):c.2834G>A (p.Ser945Asn)	ENST00000357654.9:c.2834G>A
GRCh38:17:43092737:C:G	3634662	3763885	Val932Leu	NM_007294.4(BRCA1):c.2794G>C (p.Val932Leu)	ENST00000357654.9:c.2794G>C
GRCh38:17:43092754:G:A	3634663	3763886	Thr926Ile	NM_007294.4(BRCA1):c.2777C>T (p.Thr926Ile)	ENST00000357654.9:c.2777C>T
GRCh38:17:43092838:T:G	3634664	3763887	Lys898Thr	NM_007294.4(BRCA1):c.2693A>C (p.Lys898Thr)	ENST00000357654.9:c.2693A>C
GRCh38:17:43092872:C:T	3634665	3763888	Ala887Thr	NM_007294.4(BRCA1):c.2659G>A (p.Ala887Thr)	ENST00000357654.9:c.2659G>A
GRCh38:17:43092890:C:T	3634666	3763889	Glu881Lys	NM_007294.4(BRCA1):c.2641G>A (p.Glu881Lys)	ENST00000357654.9:c.2641G>A
GRCh38:17:43093027:T:A	3634667	3763890	His835Leu	NM_007294.4(BRCA1):c.2504A>T (p.His835Leu)	ENST00000357654.9:c.2504A>T
GRCh38:17:43093033:A:G	3634668	3763891	Leu833Ser	NM_007294.4(BRCA1):c.2498T>C (p.Leu833Ser)	ENST00000357654.9:c.2498T>C
GRCh38:17:43093056:G:T	3634669	3763892	Asp825Glu	NM_007294.4(BRCA1):c.2475C>A (p.Asp825Glu)	ENST00000357654.9:c.2475C>A
GRCh38:17:43093169:C:G	3634670	3763893	Val788Leu	NM_007294.4(BRCA1):c.2362G>C (p.Val788Leu)	ENST00000357654.9:c.2362G>C
GRCh38:17:43093243:G:A	3634671	3763894	Ser763Phe	NM_007294.4(BRCA1):c.2288C>T (p.Ser763Phe)	ENST00000357654.9:c.2288C>T
GRCh38:17:43093249:T:A	3634672	3763895	Glu761Val	NM_007294.4(BRCA1):c.2282A>T (p.Glu761Val)	ENST00000357654.9:c.2282A>T
GRCh38:17:43093357:C:T	3634673	3763896	Ser725Asn	NM_007294.4(BRCA1):c.2174G>A (p.Ser725Asn)	ENST00000357654.9:c.2174G>A
GRCh38:17:43093475:C:G	3634674	3763897	Glu686Gln	NM_007294.4(BRCA1):c.2056G>C (p.Glu686Gln)	ENST00000357654.9:c.2056G>C
GRCh38:17:43093490:T:G	3634675	3763898	Ser681Arg	NM_007294.4(BRCA1):c.2041A>C (p.Ser681Arg)	ENST00000357654.9:c.2041A>C
GRCh38:17:43093525:A:C	3634676	3763899	Met669Arg	NM_007294.4(BRCA1):c.2006T>G (p.Met669Arg)	ENST00000357654.9:c.2006T>G
GRCh38:17:43093545:G:C	3634677	3763900	His662Gln	NM_007294.4(BRCA1):c.1986C>G (p.His662Gln)	ENST00000357654.9:c.1986C>G
GRCh38:17:43093560:T:G	3634678	3763901	Gln657His	NM_007294.4(BRCA1):c.1971A>C (p.Gln657His)	ENST00000357654.9:c.1971A>C
GRCh38:17:43093574:T:C	3634679	3763902	Lys653Glu	NM_007294.4(BRCA1):c.1957A>G (p.Lys653Glu)	ENST00000357654.9:c.1957A>G
GRCh38:17:43093591:C:T	3634680	3763903	Ser647Asn	NM_007294.4(BRCA1):c.1940G>A (p.Ser647Asn)	ENST00000357654.9:c.1940G>A
GRCh38:17:43093593:G:C	3634681	3763904	Ser646Arg	NM_007294.4(BRCA1):c.1938C>G (p.Ser646Arg)	ENST00000357654.9:c.1938C>G
GRCh38:17:43093715:G:C	3634683	3763906	Pro606Ala	NM_007294.4(BRCA1):c.1816C>G (p.Pro606Ala)	ENST00000357654.9:c.1816C>G
GRCh38:17:43093720:T:C	3634684	3763907	Lys604Arg	NM_007294.4(BRCA1):c.1811A>G (p.Lys604Arg)	ENST00000357654.9:c.1811A>G
GRCh38:17:43093795:G:C	3634685	3763908	Ala579Gly	NM_007294.4(BRCA1):c.1736C>G (p.Ala579Gly)	ENST00000357654.9:c.1736C>G
GRCh38:17:43093811:G:T	3634686	3763909	Leu574Ile	NM_007294.4(BRCA1):c.1720C>A (p.Leu574Ile)	ENST00000357654.9:c.1720C>A
GRCh38:17:43093897:A:T	3634687	3763910	Val545Glu	NM_007294.4(BRCA1):c.1634T>A (p.Val545Glu)	ENST00000357654.9:c.1634T>A
GRCh38:17:43093913:C:G	3634688	3763911	Glu540Gln	NM_007294.4(BRCA1):c.1618G>C (p.Glu540Gln)	ENST00000357654.9:c.1618G>C
GRCh38:17:43093965:A:T	3634689	3763912	Asp522Glu	NM_007294.4(BRCA1):c.1566T>A (p.Asp522Glu)	ENST00000357654.9:c.1566T>A
GRCh38:17:43094058:C:G	3634690	3763913	Gln491His	NM_007294.4(BRCA1):c.1473G>C (p.Gln491His)	ENST00000357654.9:c.1473G>C
GRCh38:17:43094171:T:C	3634691	3763914	Ser454Gly	NM_007294.4(BRCA1):c.1360A>G (p.Ser454Gly)	ENST00000357654.9:c.1360A>G
GRCh38:17:43094185:G:A	3634692	3763915	Ser449Phe	NM_007294.4(BRCA1):c.1346C>T (p.Ser449Phe)	ENST00000357654.9:c.1346C>T
GRCh38:17:43094200:C:G	3634693	3763916	Ser444Thr	NM_007294.4(BRCA1):c.1331G>C (p.Ser444Thr)	ENST00000357654.9:c.1331G>C
GRCh38:17:43094201:T:G	3634694	3763917	Ser444Arg	NM_007294.4(BRCA1):c.1330A>C (p.Ser444Arg)	ENST00000357654.9:c.1330A>C
GRCh38:17:43094217:C:G	3634695	3763918	Glu438Asp	NM_007294.4(BRCA1):c.1314G>C (p.Glu438Asp)	ENST00000357654.9:c.1314G>C
GRCh38:17:43094247:T:A	3634696	3763919	Lys428Asn	NM_007294.4(BRCA1):c.1284A>T (p.Lys428Asn)	ENST00000357654.9:c.1284A>T
GRCh38:17:43094275:A:G	3634697	3763920	Val419Ala	NM_007294.4(BRCA1):c.1256T>C (p.Val419Ala)	ENST00000357654.9:c.1256T>C
GRCh38:17:43094435:C:A	3634699	3763922	Asp366Tyr	NM_007294.4(BRCA1):c.1096G>T (p.Asp366Tyr)	ENST00000357654.9:c.1096G>T
GRCh38:17:43094668:C:A	3634700	3763923	Ser288Ile	NM_007294.4(BRCA1):c.863G>T (p.Ser288Ile)	ENST00000357654.9:c.863G>T
GRCh38:17:43094678:G:A	3634701	3763924	His285Tyr	NM_007294.4(BRCA1):c.853C>T (p.His285Tyr)	ENST00000357654.9:c.853C>T
GRCh38:17:43094705:T:A	3634702	3763925	Thr276Ser	NM_007294.4(BRCA1):c.826A>T (p.Thr276Ser)	ENST00000357654.9:c.826A>T
GRCh38:17:43094737:G:A	3634703	3763926	Ser265Phe	NM_007294.4(BRCA1):c.794C>T (p.Ser265Phe)	ENST00000357654.9:c.794C>T
GRCh38:17:43094781:C:A	3634704	3763927	Glu250Asp	NM_007294.4(BRCA1):c.750G>T (p.Glu250Asp)	ENST00000357654.9:c.750G>T
GRCh38:17:43095875:T:G	3634705	3763928	Asp214Ala	NM_007294.4(BRCA1):c.641A>C (p.Asp214Ala)	ENST00000357654.9:c.641A>C
GRCh38:17:43099804:G:C	3634707	3763930	Pro173Arg	NM_007294.4(BRCA1):c.518C>G (p.Pro173Arg)	ENST00000357654.9:c.518C>G
GRCh38:17:43099805:G:A	3634708	3763931	Pro173Ser	NM_007294.4(BRCA1):c.517C>T (p.Pro173Ser)	ENST00000357654.9:c.517C>T
GRCh38:17:43104140:T:A	3634709	3763932	Glu141Asp	NM_007294.4(BRCA1):c.423A>T (p.Glu141Asp)	ENST00000357654.9:c.423A>T
GRCh38:17:43104243:A:G	3634710	3763933	Phe107Ser	NM_007294.4(BRCA1):c.320T>C (p.Phe107Ser)	ENST00000357654.9:c.320T>C
GRCh38:17:43104250:A:C	3634711	3763934	Tyr105Asp	NM_007294.4(BRCA1):c.313T>G (p.Tyr105Asp)	ENST00000357654.9:c.313T>G
GRCh38:17:43115753:G:A	3634712	3763935	Ser36Phe	NM_007294.4(BRCA1):c.107C>T (p.Ser36Phe)	ENST00000357654.9:c.107C>T
GRCh38:17:43094321:C:G	3632472	3766640	Glu404Gln	NM_007294.4(BRCA1):c.1210G>C (p.Glu404Gln)	ENST00000357654.9:c.1210G>C
GRCh38:17:43092673:C:G	3631835	3769877	Cys953Ser	NM_007294.4(BRCA1):c.2858G>C (p.Cys953Ser)	ENST00000357654.9:c.2858G>C
GRCh38:17:43092034:G:A	3668413	3802938	Ala1166Val	NM_007294.4(BRCA1):c.3497C>T (p.Ala1166Val)	ENST00000357654.9:c.3497C>T
GRCh38:17:43093893:C:G	3680144	3807585	Met546Ile	NM_007294.4(BRCA1):c.1638G>C (p.Met546Ile)	ENST00000357654.9:c.1638G>C
GRCh38:17:43091461:T:C	3684896	3808883	Glu1357Gly	NM_007294.4(BRCA1):c.4070A>G (p.Glu1357Gly)	ENST00000357654.9:c.4070A>G
GRCh38:17:43094239:A:G	3684905	3808892	Leu431Ser	NM_007294.4(BRCA1):c.1292T>C (p.Leu431Ser)	ENST00000357654.9:c.1292T>C
GRCh38:17:43092823:C:A	3674708	3809898	Cys903Phe	NM_007294.4(BRCA1):c.2708G>T (p.Cys903Phe)	ENST00000357654.9:c.2708G>T
GRCh38:17:43092946:T:G	3676555	3810450	Lys862Thr	NM_007294.4(BRCA1):c.2585A>C (p.Lys862Thr)	ENST00000357654.9:c.2585A>C
GRCh38:17:43104141:T:C	3679250	3814274	Glu141Gly	NM_007294.4(BRCA1):c.422A>G (p.Glu141Gly)	ENST00000357654.9:c.422A>G
GRCh38:17:43093352:G:A	3684498	3815651	Pro727Ser	NM_007294.4(BRCA1):c.2179C>T (p.Pro727Ser)	ENST00000357654.9:c.2179C>T
GRCh38:17:43094791:T:C	3680685	3818307	Asn247Ser	NM_007294.4(BRCA1):c.740A>G (p.Asn247Ser)	ENST00000357654.9:c.740A>G
GRCh38:17:43092871:G:A	3680717	3818339	Ala887Val	NM_007294.4(BRCA1):c.2660C>T (p.Ala887Val)	ENST00000357654.9:c.2660C>T
GRCh38:17:43093246:C:A	3685463	3819636	Arg762Ile	NM_007294.4(BRCA1):c.2285G>T (p.Arg762Ile)	ENST00000357654.9:c.2285G>T
GRCh38:17:43091956:G:C	3691954	3820959	Pro1192Arg	NM_007294.4(BRCA1):c.3575C>G (p.Pro1192Arg)	ENST00000357654.9:c.3575C>G
GRCh38:17:43094627:C:A	3692085	3821090	Ala302Ser	NM_007294.4(BRCA1):c.904G>T (p.Ala302Ser)	ENST00000357654.9:c.904G>T
GRCh38:17:43093332:C:A	3693705	3821421	Glu733Asp	NM_007294.4(BRCA1):c.2199G>T (p.Glu733Asp)	ENST00000357654.9:c.2199G>T
GRCh38:17:43094278:T:C	3687759	3827131	Glu418Gly	NM_007294.4(BRCA1):c.1253A>G (p.Glu418Gly)	ENST00000357654.9:c.1253A>G
GRCh38:17:43093839:A:T	3690548	3831225	Asn564Lys	NM_007294.4(BRCA1):c.1692T>A (p.Asn564Lys)	ENST00000357654.9:c.1692T>A
GRCh38:17:43074385:C:T	3690681	3831357	Glu1541Lys	NM_007294.4(BRCA1):c.4621G>A (p.Glu1541Lys)	ENST00000357654.9:c.4621G>A
GRCh38:17:43092565:A:G	3697525	3833010	Phe989Ser	NM_007294.4(BRCA1):c.2966T>C (p.Phe989Ser)	ENST00000357654.9:c.2966T>C
GRCh38:17:43091836:C:T	3699398	3833576	Gly1232Asp	NM_007294.4(BRCA1):c.3695G>A (p.Gly1232Asp)	ENST00000357654.9:c.3695G>A
GRCh38:17:43045703:G:T	3701665	3834268	Pro1856His	NM_007294.4(BRCA1):c.5567C>A (p.Pro1856His)	ENST00000357654.9:c.5567C>A
GRCh38:17:43091904:T:A	3706405	3835977	Leu1209Phe	NM_007294.4(BRCA1):c.3627A>T (p.Leu1209Phe)	ENST00000357654.9:c.3627A>T
GRCh38:17:43092082:G:C	3704478	3839227	Pro1150Arg	NM_007294.4(BRCA1):c.3449C>G (p.Pro1150Arg)	ENST00000357654.9:c.3449C>G
GRCh38:17:43082574:T:A	3727132	3861357	Gln1396Leu	NM_007294.4(BRCA1):c.4187A>T (p.Gln1396Leu)	ENST00000357654.9:c.4187A>T
GRCh38:17:43093477:T:C	3768012	3884174	Asn685Ser	NM_007294.4(BRCA1):c.2054A>G (p.Asn685Ser)	ENST00000357654.9:c.2054A>G
GRCh38:17:43074477:A:T	3768868	3885025	Met1510Lys	NM_007294.4(BRCA1):c.4529T>A (p.Met1510Lys)	ENST00000357654.9:c.4529T>A
GRCh38:17:43094476:T:C	3772201	3888350	Glu352Gly	NM_007294.4(BRCA1):c.1055A>G (p.Glu352Gly)	ENST00000357654.9:c.1055A>G
GRCh38:17:43092737:C:T	3777288	3893294	Val932Ile	NM_007294.4(BRCA1):c.2794G>A (p.Val932Ile)	ENST00000357654.9:c.2794G>A
GRCh38:17:43094013:C:G	3778913	3894901	Arg506Ser	NM_007294.4(BRCA1):c.1518G>C (p.Arg506Ser)	ENST00000357654.9:c.1518G>C
GRCh38:17:43091936:C:T	3778916	3894904	Ala1199Thr	NM_007294.4(BRCA1):c.3595G>A (p.Ala1199Thr)	ENST00000357654.9:c.3595G>A
GRCh38:17:43091809:G:A	3778917	3894905	Ser1241Phe	NM_007294.4(BRCA1):c.3722C>T (p.Ser1241Phe)	ENST00000357654.9:c.3722C>T
GRCh38:17:43094716:T:C	3778921	3894908	Glu272Gly	NM_007294.4(BRCA1):c.815A>G (p.Glu272Gly)	ENST00000357654.9:c.815A>G
GRCh38:17:43093723:G:A	3779405	3895389	Ser603Leu	NM_007294.4(BRCA1):c.1808C>T (p.Ser603Leu)	ENST00000357654.9:c.1808C>T
GRCh38:17:43090988:C:A	3779407	3895391	Asp1381Tyr	NM_007294.4(BRCA1):c.4141G>T (p.Asp1381Tyr)	ENST00000357654.9:c.4141G>T
GRCh38:17:43094675:C:T	3779411	3895395	Glu286Lys	NM_007294.4(BRCA1):c.856G>A (p.Glu286Lys)	ENST00000357654.9:c.856G>A
GRCh38:17:43093097:T:G	3825259	3942531	Lys812Gln	NM_007294.4(BRCA1):c.2434A>C (p.Lys812Gln)	ENST00000357654.9:c.2434A>C
GRCh38:17:43092271:C:T	3825265	3942537	Gly1087Glu	NM_007294.4(BRCA1):c.3260G>A (p.Gly1087Glu)	ENST00000357654.9:c.3260G>A
GRCh38:17:43094233:G:T	3825269	3942541	Ala433Asp	NM_007294.4(BRCA1):c.1298C>A (p.Ala433Asp)	ENST00000357654.9:c.1298C>A
GRCh38:17:43091592:C:A	3825272	3942544	Gln1313His	NM_007294.4(BRCA1):c.3939G>T (p.Gln1313His)	ENST00000357654.9:c.3939G>T
GRCh38:17:43099868:G:A	3825275	3942547	Leu152Phe	NM_007294.4(BRCA1):c.454C>T (p.Leu152Phe)	ENST00000357654.9:c.454C>T
GRCh38:17:43104240:G:T	3825278	3942550	Ala108Glu	NM_007294.4(BRCA1):c.323C>A (p.Ala108Glu)	ENST00000357654.9:c.323C>A
GRCh38:17:43094507:G:C	3825279	3942551	Leu342Val	NM_007294.4(BRCA1):c.1024C>G (p.Leu342Val)	ENST00000357654.9:c.1024C>G
GRCh38:17:43091968:C:T	3825282	3942554	Arg1188Lys	NM_007294.4(BRCA1):c.3563G>A (p.Arg1188Lys)	ENST00000357654.9:c.3563G>A
GRCh38:17:43095920:A:G	3825284	3942556	Val199Ala	NM_007294.4(BRCA1):c.596T>C (p.Val199Ala)	ENST00000357654.9:c.596T>C
GRCh38:17:43093807:T:G	3825285	3942557	Glu575Ala	NM_007294.4(BRCA1):c.1724A>C (p.Glu575Ala)	ENST00000357654.9:c.1724A>C
GRCh38:17:43076497:C:G	3825286	3942558	Gly1492Ala	NM_007294.4(BRCA1):c.4475G>C (p.Gly1492Ala)	ENST00000357654.9:c.4475G>C
GRCh38:17:43091002:G:A	3825290	3942561	Thr1376Ile	NM_007294.4(BRCA1):c.4127C>T (p.Thr1376Ile)	ENST00000357654.9:c.4127C>T
GRCh38:17:43093936:A:G	3825295	3942566	Ile532Thr	NM_007294.4(BRCA1):c.1595T>C (p.Ile532Thr)	ENST00000357654.9:c.1595T>C
GRCh38:17:43092054:T:C	3825296	3942567	Ile1159Met	NM_007294.4(BRCA1):c.3477A>G (p.Ile1159Met)	ENST00000357654.9:c.3477A>G
GRCh38:17:43071064:G:C	3825298	3942569	Ala1617Gly	NM_007294.4(BRCA1):c.4850C>G (p.Ala1617Gly)	ENST00000357654.9:c.4850C>G
GRCh38:17:43094572:C:T	3825300	3942571	Arg320Lys	NM_007294.4(BRCA1):c.959G>A (p.Arg320Lys)	ENST00000357654.9:c.959G>A
GRCh38:17:43091846:A:C	3825302	3942573	Leu1229Val	NM_007294.4(BRCA1):c.3685T>G (p.Leu1229Val)	ENST00000357654.9:c.3685T>G
GRCh38:17:43092543:T:G	3825305	3942575	Lys996Asn	NM_007294.4(BRCA1):c.2988A>C (p.Lys996Asn)	ENST00000357654.9:c.2988A>C
GRCh38:17:43092240:A:C	3825306	3942576	Ser1097Arg	NM_007294.4(BRCA1):c.3291T>G (p.Ser1097Arg)	ENST00000357654.9:c.3291T>G
GRCh38:17:43093138:G:T	3825307	3942577	Pro798Gln	NM_007294.4(BRCA1):c.2393C>A (p.Pro798Gln)	ENST00000357654.9:c.2393C>A
GRCh38:17:43093552:A:C	3825310	3942580	Val660Gly	NM_007294.4(BRCA1):c.1979T>G (p.Val660Gly)	ENST00000357654.9:c.1979T>G
GRCh38:17:43093975:T:G	3825311	3942581	Lys519Thr	NM_007294.4(BRCA1):c.1556A>C (p.Lys519Thr)	ENST00000357654.9:c.1556A>C
GRCh38:17:43093949:T:C	3825314	3942584	Thr528Ala	NM_007294.4(BRCA1):c.1582A>G (p.Thr528Ala)	ENST00000357654.9:c.1582A>G
GRCh38:17:43093954:T:C	3825321	3942591	Gln526Arg	NM_007294.4(BRCA1):c.1577A>G (p.Gln526Arg)	ENST00000357654.9:c.1577A>G
GRCh38:17:43092589:G:A	3825322	3942592	Pro981Leu	NM_007294.4(BRCA1):c.2942C>T (p.Pro981Leu)	ENST00000357654.9:c.2942C>T
GRCh38:17:43094151:T:C	3893787	4009668	Ile460Met	NM_007294.4(BRCA1):c.1380A>G (p.Ile460Met)	ENST00000357654.9:c.1380A>G
GRCh38:17:43094819:G:A	3894076	4009957	His238Tyr	NM_007294.4(BRCA1):c.712C>T (p.His238Tyr)	ENST00000357654.9:c.712C>T
GRCh38:17:43094818:T:A	3894301	4010182	His238Leu	NM_007294.4(BRCA1):c.713A>T (p.His238Leu)	ENST00000357654.9:c.713A>T
GRCh38:17:43092887:A:C	3894302	4010183	Cys882Gly	NM_007294.4(BRCA1):c.2644T>G (p.Cys882Gly)	ENST00000357654.9:c.2644T>G
GRCh38:17:43097278:A:G	3894329	4010209	Ser187Pro	NM_007294.4(BRCA1):c.559T>C (p.Ser187Pro)	ENST00000357654.9:c.559T>C
GRCh38:17:43093082:C:G	3894514	4010394	Gly817Arg	NM_007294.4(BRCA1):c.2449G>C (p.Gly817Arg)	ENST00000357654.9:c.2449G>C
GRCh38:17:43092202:T:A	3905683	4021555	Lys1110Met	NM_007294.4(BRCA1):c.3329A>T (p.Lys1110Met)	ENST00000357654.9:c.3329A>T
GRCh38:17:43104158:T:G	3992566	4104817	Lys135Asn	NM_007294.4(BRCA1):c.405A>C (p.Lys135Asn)	ENST00000357654.9:c.405A>C
GRCh38:17:43092085:G:A	3992568	4104819	Thr1149Ile	NM_007294.4(BRCA1):c.3446C>T (p.Thr1149Ile)	ENST00000357654.9:c.3446C>T
GRCh38:17:43093564:T:G	3992582	4104833	Asn656Thr	NM_007294.4(BRCA1):c.1967A>C (p.Asn656Thr)	ENST00000357654.9:c.1967A>C
GRCh38:17:43071110:C:T	3992587	4104838	Val1602Ile	NM_007294.4(BRCA1):c.4804G>A (p.Val1602Ile)	ENST00000357654.9:c.4804G>A
GRCh38:17:43093021:A:G	3992590	4104841	Val837Ala	NM_007294.4(BRCA1):c.2510T>C (p.Val837Ala)	ENST00000357654.9:c.2510T>C
GRCh38:17:43093879:C:A	3992591	4104842	Ser551Ile	NM_007294.4(BRCA1):c.1652G>T (p.Ser551Ile)	ENST00000357654.9:c.1652G>T
GRCh38:17:43091603:T:A	3992594	4104845	Thr1310Ser	NM_007294.4(BRCA1):c.3928A>T (p.Thr1310Ser)	ENST00000357654.9:c.3928A>T
GRCh38:17:43093086:A:C	3992595	4104846	Ile815Met	NM_007294.4(BRCA1):c.2445T>G (p.Ile815Met)	ENST00000357654.9:c.2445T>G
GRCh38:17:43093718:C:T	3992597	4104848	Ala605Thr	NM_007294.4(BRCA1):c.1813G>A (p.Ala605Thr)	ENST00000357654.9:c.1813G>A
GRCh38:17:43092613:A:G	3992599	4104850	Leu973Pro	NM_007294.4(BRCA1):c.2918T>C (p.Leu973Pro)	ENST00000357654.9:c.2918T>C
GRCh38:17:43094749:T:C	3992600	4104851	Tyr261Cys	NM_007294.4(BRCA1):c.782A>G (p.Tyr261Cys)	ENST00000357654.9:c.782A>G
GRCh38:17:43094644:C:T	3992602	4104853	Arg296Lys	NM_007294.4(BRCA1):c.887G>A (p.Arg296Lys)	ENST00000357654.9:c.887G>A
GRCh38:17:43092157:G:A	3992603	4104854	Ser1125Phe	NM_007294.4(BRCA1):c.3374C>T (p.Ser1125Phe)	ENST00000357654.9:c.3374C>T
GRCh38:17:43074508:T:C	3992608	4104859	Lys1500Glu	NM_007294.4(BRCA1):c.4498A>G (p.Lys1500Glu)	ENST00000357654.9:c.4498A>G
GRCh38:17:43092920:G:C	3992609	4104860	Pro871Ala	NM_007294.4(BRCA1):c.2611C>G (p.Pro871Ala)	ENST00000357654.9:c.2611C>G
GRCh38:17:43092448:C:G	3992613	4104864	Arg1028Pro	NM_007294.4(BRCA1):c.3083G>C (p.Arg1028Pro)	ENST00000357654.9:c.3083G>C
GRCh38:17:43092001:A:T	3992615	4104866	Phe1177Tyr	NM_007294.4(BRCA1):c.3530T>A (p.Phe1177Tyr)	ENST00000357654.9:c.3530T>A
GRCh38:17:43094347:G:C	3992617	4104868	Ser395Cys	NM_007294.4(BRCA1):c.1184C>G (p.Ser395Cys)	ENST00000357654.9:c.1184C>G
GRCh38:17:43092832:G:A	3992619	4104870	Thr900Ile	NM_007294.4(BRCA1):c.2699C>T (p.Thr900Ile)	ENST00000357654.9:c.2699C>T
GRCh38:17:43091942:G:C	3992620	4104871	His1197Asp	NM_007294.4(BRCA1):c.3589C>G (p.His1197Asp)	ENST00000357654.9:c.3589C>G
GRCh38:17:43094306:C:A	3992621	4104872	Val409Leu	NM_007294.4(BRCA1):c.1225G>T (p.Val409Leu)	ENST00000357654.9:c.1225G>T
GRCh38:17:43094675:C:G	3992624	4104875	Glu286Gln	NM_007294.4(BRCA1):c.856G>C (p.Glu286Gln)	ENST00000357654.9:c.856G>C
GRCh38:17:43092506:A:C	3992626	4104877	Ser1009Ala	NM_007294.4(BRCA1):c.3025T>G (p.Ser1009Ala)	ENST00000357654.9:c.3025T>G
GRCh38:17:43071087:T:G	3992631	4104882	Glu1609Asp	NM_007294.4(BRCA1):c.4827A>C (p.Glu1609Asp)	ENST00000357654.9:c.4827A>C
GRCh38:17:43094639:T:A	3992634	4104885	Asn298Tyr	NM_007294.4(BRCA1):c.892A>T (p.Asn298Tyr)	ENST00000357654.9:c.892A>T
GRCh38:17:43092299:G:T	3992637	4104888	Pro1078Thr	NM_007294.4(BRCA1):c.3232C>A (p.Pro1078Thr)	ENST00000357654.9:c.3232C>A
GRCh38:17:43092619:T:G	3992638	4104889	His971Pro	NM_007294.4(BRCA1):c.2912A>C (p.His971Pro)	ENST00000357654.9:c.2912A>C
GRCh38:17:43093659:T:G	3992640	4104891	Glu624Asp	NM_007294.4(BRCA1):c.1872A>C (p.Glu624Asp)	ENST00000357654.9:c.1872A>C
GRCh38:17:43045754:A:C	4056205	4170144	Leu1839Trp	NM_007294.4(BRCA1):c.5516T>G (p.Leu1839Trp)	ENST00000357654.9:c.5516T>G
GRCh38:17:43092556:G:C	4078123	4191300	Thr992Ser	NM_007294.4(BRCA1):c.2975C>G (p.Thr992Ser)	ENST00000357654.9:c.2975C>G
GRCh38:17:43093369:A:G	4086643	4199336	Phe721Ser	NM_007294.4(BRCA1):c.2162T>C (p.Phe721Ser)	ENST00000357654.9:c.2162T>C
GRCh38:17:43092067:T:C	4215068	4331981	Asp1155Gly	NM_007294.4(BRCA1):c.3464A>G (p.Asp1155Gly)	ENST00000357654.9:c.3464A>G
GRCh38:17:43093816:T:C	4215069	4331982	Glu572Gly	NM_007294.4(BRCA1):c.1715A>G (p.Glu572Gly)	ENST00000357654.9:c.1715A>G
GRCh38:17:43074520:A:G	4215075	4331988	Ser1496Pro	NM_007294.4(BRCA1):c.4486T>C (p.Ser1496Pro)	ENST00000357654.9:c.4486T>C
GRCh38:17:43094851:T:A	4215077	4331990	Glu227Val	NM_007294.4(BRCA1):c.680A>T (p.Glu227Val)	ENST00000357654.9:c.680A>T
GRCh38:17:43071037:T:C	4215078	4331991	Asn1626Ser	NM_007294.4(BRCA1):c.4877A>G (p.Asn1626Ser)	ENST00000357654.9:c.4877A>G
GRCh38:17:43091020:G:A	4215079	4331992	Ser1370Phe	NM_007294.4(BRCA1):c.4109C>T (p.Ser1370Phe)	ENST00000357654.9:c.4109C>T
GRCh38:17:43076551:G:A	4215080	4331993	Ala1474Val	NM_007294.4(BRCA1):c.4421C>T (p.Ala1474Val)	ENST00000357654.9:c.4421C>T
GRCh38:17:43094260:C:A	4215081	4331994	Gly424Val	NM_007294.4(BRCA1):c.1271G>T (p.Gly424Val)	ENST00000357654.9:c.1271G>T
GRCh38:17:43093957:A:C	4215083	4331996	Val525Gly	NM_007294.4(BRCA1):c.1574T>G (p.Val525Gly)	ENST00000357654.9:c.1574T>G
GRCh38:17:43099816:T:C	4215087	4332000	Gln169Arg	NM_007294.4(BRCA1):c.506A>G (p.Gln169Arg)	ENST00000357654.9:c.506A>G
GRCh38:17:43093439:G:A	4215088	4332001	Pro698Ser	NM_007294.4(BRCA1):c.2092C>T (p.Pro698Ser)	ENST00000357654.9:c.2092C>T
GRCh38:17:43076543:A:G	4215092	4332004	Phe1477Leu	NM_007294.4(BRCA1):c.4429T>C (p.Phe1477Leu)	ENST00000357654.9:c.4429T>C
GRCh38:17:43094109:T:G	4215093	4332005	Leu474Phe	NM_007294.4(BRCA1):c.1422A>C (p.Leu474Phe)	ENST00000357654.9:c.1422A>C
GRCh38:17:43094814:A:T	4215095	4332007	His239Gln	NM_007294.4(BRCA1):c.717T>A (p.His239Gln)	ENST00000357654.9:c.717T>A
GRCh38:17:43094539:C:T	4215098	4332010	Arg331Lys	NM_007294.4(BRCA1):c.992G>A (p.Arg331Lys)	ENST00000357654.9:c.992G>A
GRCh38:17:43091471:T:G	4215099	4332011	Asn1354His	NM_007294.4(BRCA1):c.4060A>C (p.Asn1354His)	ENST00000357654.9:c.4060A>C
GRCh38:17:43104253:T:C	4215102	4332014	Ser104Gly	NM_007294.4(BRCA1):c.310A>G (p.Ser104Gly)	ENST00000357654.9:c.310A>G
GRCh38:17:43071116:A:T	4215107	4332019	Leu1600Met	NM_007294.4(BRCA1):c.4798T>A (p.Leu1600Met)	ENST00000357654.9:c.4798T>A
GRCh38:17:43094288:C:G	4215108	4332020	Val415Leu	NM_007294.4(BRCA1):c.1243G>C (p.Val415Leu)	ENST00000357654.9:c.1243G>C
GRCh38:17:43094661:T:A	4215110	4332022	Leu290Phe	NM_007294.4(BRCA1):c.870A>T (p.Leu290Phe)	ENST00000357654.9:c.870A>T
GRCh38:17:43093066:T:A	4215114	4332026	Asn822Ile	NM_007294.4(BRCA1):c.2465A>T (p.Asn822Ile)	ENST00000357654.9:c.2465A>T
GRCh38:17:43093297:T:G	4215116	4332028	Glu745Ala	NM_007294.4(BRCA1):c.2234A>C (p.Glu745Ala)	ENST00000357654.9:c.2234A>C
GRCh38:17:43092058:T:A	4215121	4332032	Glu1158Val	NM_007294.4(BRCA1):c.3473A>T (p.Glu1158Val)	ENST00000357654.9:c.3473A>T
GRCh38:17:43092394:T:A	4215131	4332042	Glu1046Val	NM_007294.4(BRCA1):c.3137A>T (p.Glu1046Val)	ENST00000357654.9:c.3137A>T
GRCh38:17:43104162:G:A	4215057	4335913	Ala134Val	NM_007294.4(BRCA1):c.401C>T (p.Ala134Val)	ENST00000357654.9:c.401C>T
GRCh38:17:43071206:G:C	4215059	4335915	Leu1570Val	NM_007294.4(BRCA1):c.4708C>G (p.Leu1570Val)	ENST00000357654.9:c.4708C>G
GRCh38:17:43104871:C:G	4279061	4391609	Glu100Gln	NM_007294.4(BRCA1):c.298G>C (p.Glu100Gln)	ENST00000357654.9:c.298G>C
GRCh38:17:43093542:G:T	4527077	4639467	Ser663Arg	NM_007294.4(BRCA1):c.1989C>A (p.Ser663Arg)	ENST00000357654.9:c.1989C>A
GRCh38:17:43092296:T:C	4529920	4641827	Lys1079Glu	NM_007294.4(BRCA1):c.3235A>G (p.Lys1079Glu)	ENST00000357654.9:c.3235A>G
GRCh38:17:43092979:T:A	4533102	4644581	Glu851Val	NM_007294.4(BRCA1):c.2552A>T (p.Glu851Val)	ENST00000357654.9:c.2552A>T
GRCh38:17:43092626:T:G	4533103	4644582	Asn969His	NM_007294.4(BRCA1):c.2905A>C (p.Asn969His)	ENST00000357654.9:c.2905A>C
GRCh38:17:43104241:C:G	4533104	4644583	Ala108Pro	NM_007294.4(BRCA1):c.322G>C (p.Ala108Pro)	ENST00000357654.9:c.322G>C
GRCh38:17:43091623:A:G	4533106	4644585	Leu1303Ser	NM_007294.4(BRCA1):c.3908T>C (p.Leu1303Ser)	ENST00000357654.9:c.3908T>C
GRCh38:17:43074364:T:C	4533109	4644588	Thr1548Ala	NM_007294.4(BRCA1):c.4642A>G (p.Thr1548Ala)	ENST00000357654.9:c.4642A>G
GRCh38:17:43071182:C:T	4533110	4644589	Asp1578Asn	NM_007294.4(BRCA1):c.4732G>A (p.Asp1578Asn)	ENST00000357654.9:c.4732G>A
GRCh38:17:43091489:C:G	4537129	4648617	Gly1348Arg	NM_007294.4(BRCA1):c.4042G>C (p.Gly1348Arg)	ENST00000357654.9:c.4042G>C
GRCh38:17:43093541:T:C	4623852	4726202	Arg664Gly	NM_007294.4(BRCA1):c.1990A>G (p.Arg664Gly)	ENST00000357654.9:c.1990A>G
GRCh38:17:43094734:A:G	4623860	4726210	Val266Ala	NM_007294.4(BRCA1):c.797T>C (p.Val266Ala)	ENST00000357654.9:c.797T>C
GRCh38:17:43092991:A:G	4624734	4732740	Met847Thr	NM_007294.4(BRCA1):c.2540T>C (p.Met847Thr)	ENST00000357654.9:c.2540T>C
GRCh38:17:43099848:G:T	4625227	4736336	Asn158Lys	NM_007294.4(BRCA1):c.474C>A (p.Asn158Lys)	ENST00000357654.9:c.474C>A
GRCh38:17:43076494:A:T	4625255	4736364	Val1493Glu	NM_007294.4(BRCA1):c.4478T>A (p.Val1493Glu)	ENST00000357654.9:c.4478T>A
GRCh38:17:43094365:C:T	4625266	4736375	Ser389Asn	NM_007294.4(BRCA1):c.1166G>A (p.Ser389Asn)	ENST00000357654.9:c.1166G>A
GRCh38:17:43091786:T:A	4625310	4736419	Thr1249Ser	NM_007294.4(BRCA1):c.3745A>T (p.Thr1249Ser)	ENST00000357654.9:c.3745A>T
GRCh38:17:43092726:T:G	4625331	4736440	Lys935Asn	NM_007294.4(BRCA1):c.2805A>C (p.Lys935Asn)	ENST00000357654.9:c.2805A>C
GRCh38:17:43074483:C:G	4625349	4736458	Trp1508Ser	NM_007294.4(BRCA1):c.4523G>C (p.Trp1508Ser)	ENST00000357654.9:c.4523G>C
GRCh38:17:43092739:A:T	4625363	4736472	Val931Glu	NM_007294.4(BRCA1):c.2792T>A (p.Val931Glu)	ENST00000357654.9:c.2792T>A
GRCh38:17:43092161:A:C	4625431	4736540	Phe1124Val	NM_007294.4(BRCA1):c.3370T>G (p.Phe1124Val)	ENST00000357654.9:c.3370T>G
GRCh38:17:43076542:A:T	4625434	4736543	Phe1477Tyr	NM_007294.4(BRCA1):c.4430T>A (p.Phe1477Tyr)	ENST00000357654.9:c.4430T>A
GRCh38:17:43091698:T:C	4625448	4736557	Lys1278Arg	NM_007294.4(BRCA1):c.3833A>G (p.Lys1278Arg)	ENST00000357654.9:c.3833A>G
GRCh38:17:43093890:A:T	4625458	4736567	Asn547Lys	NM_007294.4(BRCA1):c.1641T>A (p.Asn547Lys)	ENST00000357654.9:c.1641T>A
GRCh38:17:43082422:G:C	4625516	4736625	Gln1447Glu	NM_007294.4(BRCA1):c.4339C>G (p.Gln1447Glu)	ENST00000357654.9:c.4339C>G
GRCh38:17:43092986:C:T	4625581	4736690	Glu849Lys	NM_007294.4(BRCA1):c.2545G>A (p.Glu849Lys)	ENST00000357654.9:c.2545G>A
GRCh38:17:43091813:G:C	4624937	4739928	Gln1240Glu	NM_007294.4(BRCA1):c.3718C>G (p.Gln1240Glu)	ENST00000357654.9:c.3718C>G
GRCh38:17:43076557:A:G	4625110	4740100	Leu1472Pro	NM_007294.4(BRCA1):c.4415T>C (p.Leu1472Pro)	ENST00000357654.9:c.4415T>C
GRCh38:17:43092616:C:A	4625118	4740108	Gly972Val	NM_007294.4(BRCA1):c.2915G>T (p.Gly972Val)	ENST00000357654.9:c.2915G>T
GRCh38:17:43093039:T:A	4625148	4740138	Tyr831Phe	NM_007294.4(BRCA1):c.2492A>T (p.Tyr831Phe)	ENST00000357654.9:c.2492A>T
GRCh38:17:43094443:T:A	4625164	4740154	Asn363Ile	NM_007294.4(BRCA1):c.1088A>T (p.Asn363Ile)	ENST00000357654.9:c.1088A>T
GRCh38:17:43091901:C:G	4625201	4740191	Glu1210Asp	NM_007294.4(BRCA1):c.3630G>C (p.Glu1210Asp)	ENST00000357654.9:c.3630G>C
GRCh38:17:43092960:C:G	4625659	4746773	Leu857Phe	NM_007294.4(BRCA1):c.2571G>C (p.Leu857Phe)	ENST00000357654.9:c.2571G>C
GRCh38:17:43104133:T:A	4625730	4746844	Asn144Tyr	NM_007294.4(BRCA1):c.430A>T (p.Asn144Tyr)	ENST00000357654.9:c.430A>T
GRCh38:17:43082533:C:T	4686566	4798029	Glu1410Lys	NM_007294.4(BRCA1):c.4228G>A (p.Glu1410Lys)	ENST00000357654.9:c.4228G>A
GRCh38:17:43094428:T:C	4686574	4798037	Glu368Gly	NM_007294.4(BRCA1):c.1103A>G (p.Glu368Gly)	ENST00000357654.9:c.1103A>G
GRCh38:17:43092332:T:C	4687778	4799248	Asn1067Asp	NM_007294.4(BRCA1):c.3199A>G (p.Asn1067Asp)	ENST00000357654.9:c.3199A>G
GRCh38:17:43091866:T:C	4689389	4800847	Glu1222Gly	NM_007294.4(BRCA1):c.3665A>G (p.Glu1222Gly)	ENST00000357654.9:c.3665A>G
GRCh38:17:43092554:T:C	4704366	4805025	Lys993Glu	NM_007294.4(BRCA1):c.2977A>G (p.Lys993Glu)	ENST00000357654.9:c.2977A>G
GRCh38:17:43093415:G:C	4698001	4807180	Pro706Ala	NM_007294.4(BRCA1):c.2116C>G (p.Pro706Ala)	ENST00000357654.9:c.2116C>G
GRCh38:17:43074516:G:A	4693455	4812561	Ser1497Phe	NM_007294.4(BRCA1):c.4490C>T (p.Ser1497Phe)	ENST00000357654.9:c.4490C>T
GRCh38:17:43093519:C:T	4706057	4815760	Gly671Asp	NM_007294.4(BRCA1):c.2012G>A (p.Gly671Asp)	ENST00000357654.9:c.2012G>A
GRCh38:17:43104123:A:G	4725926	4841769	Leu147Ser	NM_007294.4(BRCA1):c.440T>C (p.Leu147Ser)	ENST00000357654.9:c.440T>C
GRCh38:17:43092851:T:G	4739110	4856995	Lys894Gln	NM_007294.4(BRCA1):c.2680A>C (p.Lys894Gln)	ENST00000357654.9:c.2680A>C
GRCh38:17:43076548:T:A	4756458	4867796	Asp1475Val	NM_007294.4(BRCA1):c.4424A>T (p.Asp1475Val)	ENST00000357654.9:c.4424A>T
GRCh38:17:43091986:T:C	4756459	4867797	Gln1182Arg	NM_007294.4(BRCA1):c.3545A>G (p.Gln1182Arg)	ENST00000357654.9:c.3545A>G
GRCh38:17:43094284:A:G	4756462	4867800	Leu416Pro	NM_007294.4(BRCA1):c.1247T>C (p.Leu416Pro)	ENST00000357654.9:c.1247T>C
GRCh38:17:43094656:A:G	4756463	4867801	Leu292Pro	NM_007294.4(BRCA1):c.875T>C (p.Leu292Pro)	ENST00000357654.9:c.875T>C
GRCh38:17:43093555:G:T	4756619	4867957	Pro659Gln	NM_007294.4(BRCA1):c.1976C>A (p.Pro659Gln)	ENST00000357654.9:c.1976C>A
GRCh38:17:43094855:A:G	4756970	4868305	Cys226Arg	NM_007294.4(BRCA1):c.676T>C (p.Cys226Arg)	ENST00000357654.9:c.676T>C
GRCh38:17:43076489:T:C	4757047	4868382	Arg1495Gly	NM_007294.4(BRCA1):c.4483A>G (p.Arg1495Gly)	ENST00000357654.9:c.4483A>G
GRCh38:17:43092776:G:C	4757048	4868383	Pro919Ala	NM_007294.4(BRCA1):c.2755C>G (p.Pro919Ala)	ENST00000357654.9:c.2755C>G
GRCh38:17:43094371:G:A	4757054	4868389	Ser387Phe	NM_007294.4(BRCA1):c.1160C>T (p.Ser387Phe)	ENST00000357654.9:c.1160C>T
GRCh38:17:43106499:C:A	4757058	4868393	Gly57Trp	NM_007294.4(BRCA1):c.169G>T (p.Gly57Trp)	ENST00000357654.9:c.169G>T
GRCh38:17:43094419:G:A	4757624	4868957	Pro371Leu	NM_007294.4(BRCA1):c.1112C>T (p.Pro371Leu)	ENST00000357654.9:c.1112C>T
GRCh38:17:43099796:T:C	4757887	4869220	Thr176Ala	NM_007294.4(BRCA1):c.526A>G (p.Thr176Ala)	ENST00000357654.9:c.526A>G
GRCh38:17:43093725:A:C	4758076	4869409	Asn602Lys	NM_007294.4(BRCA1):c.1806T>G (p.Asn602Lys)	ENST00000357654.9:c.1806T>G
GRCh38:17:43092441:G:T	4758651	4869980	Asn1030Lys	NM_007294.4(BRCA1):c.3090C>A (p.Asn1030Lys)	ENST00000357654.9:c.3090C>A
GRCh38:17:43093315:T:C	4763100	4871798	Lys739Arg	NM_007294.4(BRCA1):c.2216A>G (p.Lys739Arg)	ENST00000357654.9:c.2216A>G
GRCh38:17:43074503:G:C	4760866	4874315	Cys1501Trp	NM_007294.4(BRCA1):c.4503C>G (p.Cys1501Trp)	ENST00000357654.9:c.4503C>G
GRCh38:17:43092895:T:C	4761225	4874674	Glu879Gly	NM_007294.4(BRCA1):c.2636A>G (p.Glu879Gly)	ENST00000357654.9:c.2636A>G
GRCh38:17:43095912:G:C	4765772	4879216	Gln202Glu	NM_007294.4(BRCA1):c.604C>G (p.Gln202Glu)	ENST00000357654.9:c.604C>G
GRCh38:17:43093417:G:C	4765233	4882397	Ala705Gly	NM_007294.4(BRCA1):c.2114C>G (p.Ala705Gly)	ENST00000357654.9:c.2114C>G
GRCh38:17:43091444:A:T	4799562	4915408	Ser1363Thr	NM_007294.4(BRCA1):c.4087T>A (p.Ser1363Thr)	ENST00000357654.9:c.4087T>A
GRCh38:17:43092673:C:A	4799584	4915430	Cys953Phe	NM_007294.4(BRCA1):c.2858G>T (p.Cys953Phe)	ENST00000357654.9:c.2858G>T
GRCh38:17:43071209:T:A	4808452	4917776	Ser1569Cys	NM_007294.4(BRCA1):c.4705A>T (p.Ser1569Cys)	ENST00000357654.9:c.4705A>T
GRCh38:17:43071095:C:T	4800824	4919274	Val1607Ile	NM_007294.4(BRCA1):c.4819G>A (p.Val1607Ile)	ENST00000357654.9:c.4819G>A
GRCh38:17:43071196:T:C	4800825	4919275	Asp1573Gly	NM_007294.4(BRCA1):c.4718A>G (p.Asp1573Gly)	ENST00000357654.9:c.4718A>G
GRCh38:17:43071209:T:C	4800826	4919276	Ser1569Gly	NM_007294.4(BRCA1):c.4705A>G (p.Ser1569Gly)	ENST00000357654.9:c.4705A>G
GRCh38:17:43074345:G:A	4800827	4919277	Pro1554Leu	NM_007294.4(BRCA1):c.4661C>T (p.Pro1554Leu)	ENST00000357654.9:c.4661C>T
GRCh38:17:43074471:C:T	4800828	4919278	Ser1512Asn	NM_007294.4(BRCA1):c.4535G>A (p.Ser1512Asn)	ENST00000357654.9:c.4535G>A
GRCh38:17:43082427:G:A	4800830	4919280	Pro1445Leu	NM_007294.4(BRCA1):c.4334C>T (p.Pro1445Leu)	ENST00000357654.9:c.4334C>T
GRCh38:17:43091500:T:A	4800831	4919281	Asp1344Val	NM_007294.4(BRCA1):c.4031A>T (p.Asp1344Val)	ENST00000357654.9:c.4031A>T
GRCh38:17:43091504:C:T	4800832	4919282	Asp1343Asn	NM_007294.4(BRCA1):c.4027G>A (p.Asp1343Asn)	ENST00000357654.9:c.4027G>A
GRCh38:17:43091618:C:A	4800833	4919283	Asp1305Tyr	NM_007294.4(BRCA1):c.3913G>T (p.Asp1305Tyr)	ENST00000357654.9:c.3913G>T
GRCh38:17:43091987:G:C	4800834	4919284	Gln1182Glu	NM_007294.4(BRCA1):c.3544C>G (p.Gln1182Glu)	ENST00000357654.9:c.3544C>G
GRCh38:17:43092052:T:C	4800835	4919285	Lys1160Arg	NM_007294.4(BRCA1):c.3479A>G (p.Lys1160Arg)	ENST00000357654.9:c.3479A>G
GRCh38:17:43092109:T:C	4800836	4919286	His1141Arg	NM_007294.4(BRCA1):c.3422A>G (p.His1141Arg)	ENST00000357654.9:c.3422A>G
GRCh38:17:43092127:T:A	4800837	4919287	Gln1135Leu	NM_007294.4(BRCA1):c.3404A>T (p.Gln1135Leu)	ENST00000357654.9:c.3404A>T
GRCh38:17:43092167:T:C	4800838	4919288	Thr1122Ala	NM_007294.4(BRCA1):c.3364A>G (p.Thr1122Ala)	ENST00000357654.9:c.3364A>G
GRCh38:17:43092178:T:C	4800839	4919289	Gln1118Arg	NM_007294.4(BRCA1):c.3353A>G (p.Gln1118Arg)	ENST00000357654.9:c.3353A>G
GRCh38:17:43092247:T:C	4800840	4919290	Lys1095Arg	NM_007294.4(BRCA1):c.3284A>G (p.Lys1095Arg)	ENST00000357654.9:c.3284A>G
GRCh38:17:43092519:C:A	4800841	4919291	Glu1004Asp	NM_007294.4(BRCA1):c.3012G>T (p.Glu1004Asp)	ENST00000357654.9:c.3012G>T
GRCh38:17:43092628:G:A	4800842	4919292	Pro968Leu	NM_007294.4(BRCA1):c.2903C>T (p.Pro968Leu)	ENST00000357654.9:c.2903C>T
GRCh38:17:43092850:T:A	4800843	4919293	Lys894Ile	NM_007294.4(BRCA1):c.2681A>T (p.Lys894Ile)	ENST00000357654.9:c.2681A>T
GRCh38:17:43092904:C:G	4800844	4919294	Gly876Ala	NM_007294.4(BRCA1):c.2627G>C (p.Gly876Ala)	ENST00000357654.9:c.2627G>C
GRCh38:17:43092931:T:G	4800845	4919295	Gln867Pro	NM_007294.4(BRCA1):c.2600A>C (p.Gln867Pro)	ENST00000357654.9:c.2600A>C
GRCh38:17:43092949:A:G	4800846	4919296	Phe861Ser	NM_007294.4(BRCA1):c.2582T>C (p.Phe861Ser)	ENST00000357654.9:c.2582T>C
GRCh38:17:43093000:C:A	4800847	4919297	Ser844Ile	NM_007294.4(BRCA1):c.2531G>T (p.Ser844Ile)	ENST00000357654.9:c.2531G>T
GRCh38:17:43093274:T:C	4800848	4919298	Ser753Gly	NM_007294.4(BRCA1):c.2257A>G (p.Ser753Gly)	ENST00000357654.9:c.2257A>G
GRCh38:17:43093328:G:T	4800849	4919299	Leu735Ile	NM_007294.4(BRCA1):c.2203C>A (p.Leu735Ile)	ENST00000357654.9:c.2203C>A
GRCh38:17:43093334:C:T	4800850	4919300	Glu733Lys	NM_007294.4(BRCA1):c.2197G>A (p.Glu733Lys)	ENST00000357654.9:c.2197G>A
GRCh38:17:43093368:A:C	4800851	4919301	Phe721Leu	NM_007294.4(BRCA1):c.2163T>G (p.Phe721Leu)	ENST00000357654.9:c.2163T>G
GRCh38:17:43093524:C:T	4800852	4919302	Met669Ile	NM_007294.4(BRCA1):c.2007G>A (p.Met669Ile)	ENST00000357654.9:c.2007G>A
GRCh38:17:43093790:T:C	4800853	4919303	Lys581Glu	NM_007294.4(BRCA1):c.1741A>G (p.Lys581Glu)	ENST00000357654.9:c.1741A>G
GRCh38:17:43093806:T:G	4800854	4919304	Glu575Asp	NM_007294.4(BRCA1):c.1725A>C (p.Glu575Asp)	ENST00000357654.9:c.1725A>C
GRCh38:17:43093850:A:C	4800855	4919305	Ser561Ala	NM_007294.4(BRCA1):c.1681T>G (p.Ser561Ala)	ENST00000357654.9:c.1681T>G
GRCh38:17:43093861:G:T	4800856	4919306	Thr557Lys	NM_007294.4(BRCA1):c.1670C>A (p.Thr557Lys)	ENST00000357654.9:c.1670C>A
GRCh38:17:43093885:G:C	4800857	4919307	Thr549Ser	NM_007294.4(BRCA1):c.1646C>G (p.Thr549Ser)	ENST00000357654.9:c.1646C>G
GRCh38:17:43093945:G:A	4800858	4919308	Pro529Leu	NM_007294.4(BRCA1):c.1586C>T (p.Pro529Leu)	ENST00000357654.9:c.1586C>T
GRCh38:17:43094074:A:C	4800859	4919309	Phe486Cys	NM_007294.4(BRCA1):c.1457T>G (p.Phe486Cys)	ENST00000357654.9:c.1457T>G
GRCh38:17:43094093:T:A	4800860	4919310	Asn480Tyr	NM_007294.4(BRCA1):c.1438A>T (p.Asn480Tyr)	ENST00000357654.9:c.1438A>T
GRCh38:17:43094102:C:A	4800861	4919311	Val477Leu	NM_007294.4(BRCA1):c.1429G>T (p.Val477Leu)	ENST00000357654.9:c.1429G>T
GRCh38:17:43094364:A:C	4800862	4919312	Ser389Arg	NM_007294.4(BRCA1):c.1167T>G (p.Ser389Arg)	ENST00000357654.9:c.1167T>G
GRCh38:17:43094721:A:T	4800863	4919313	His270Gln	NM_007294.4(BRCA1):c.810T>A (p.His270Gln)	ENST00000357654.9:c.810T>A
GRCh38:17:43094731:G:A	4800864	4919314	Ser267Leu	NM_007294.4(BRCA1):c.800C>T (p.Ser267Leu)	ENST00000357654.9:c.800C>T
GRCh38:17:43094767:T:A	4800865	4919315	Glu255Val	NM_007294.4(BRCA1):c.764A>T (p.Glu255Val)	ENST00000357654.9:c.764A>T
GRCh38:17:43094806:C:A	4800866	4919316	Ser242Ile	NM_007294.4(BRCA1):c.725G>T (p.Ser242Ile)	ENST00000357654.9:c.725G>T
GRCh38:17:43097272:C:T	4800867	4919317	Asp189Asn	NM_007294.4(BRCA1):c.565G>A (p.Asp189Asn)	ENST00000357654.9:c.565G>A
GRCh38:17:43099868:G:C	4800868	4919318	Leu152Val	NM_007294.4(BRCA1):c.454C>G (p.Leu152Val)	ENST00000357654.9:c.454C>G
GRCh38:17:43104130:G:C	4800869	4919319	Pro145Ala	NM_007294.4(BRCA1):c.433C>G (p.Pro145Ala)	ENST00000357654.9:c.433C>G
GRCh38:17:43104166:G:C	4800870	4919320	Arg133Gly	NM_007294.4(BRCA1):c.397C>G (p.Arg133Gly)	ENST00000357654.9:c.397C>G
GRCh38:17:43104196:A:C	4800871	4919321	Ser123Ala	NM_007294.4(BRCA1):c.367T>G (p.Ser123Ala)	ENST00000357654.9:c.367T>G
GRCh38:17:43104205:C:G	4800872	4919322	Asp120His	NM_007294.4(BRCA1):c.358G>C (p.Asp120His)	ENST00000357654.9:c.358G>C
GRCh38:17:43104921:A:G	4800873	4919323	Val83Ala	NM_007294.4(BRCA1):c.248T>C (p.Val83Ala)	ENST00000357654.9:c.248T>C
GRCh38:17:43093991:G:C	4813427	4924587	Pro514Ala	NM_007294.4(BRCA1):c.1540C>G (p.Pro514Ala)	ENST00000357654.9:c.1540C>G
GRCh38:17:43091840:A:C	4813435	4924595	Phe1231Val	NM_007294.4(BRCA1):c.3691T>G (p.Phe1231Val)	ENST00000357654.9:c.3691T>G
GRCh38:17:43093318:A:C	4813451	4924611	Val738Gly	NM_007294.4(BRCA1):c.2213T>G (p.Val738Gly)	ENST00000357654.9:c.2213T>G
GRCh38:17:43091956:G:A	4822376	4933469	Pro1192Leu	NM_007294.4(BRCA1):c.3575C>T (p.Pro1192Leu)	ENST00000357654.9:c.3575C>T
GRCh38:17:43076594:T:G	4824189	4938609	Ser1460Arg	NM_007294.4(BRCA1):c.4378A>C (p.Ser1460Arg)	ENST00000357654.9:c.4378A>C
GRCh38:17:43094083:A:T	4824190	4938610	Ile483Lys	NM_007294.4(BRCA1):c.1448T>A (p.Ile483Lys)	ENST00000357654.9:c.1448T>A
GRCh38:17:43094359:T:C	4824191	4938611	Glu391Gly	NM_007294.4(BRCA1):c.1172A>G (p.Glu391Gly)	ENST00000357654.9:c.1172A>G
GRCh38:17:43092825:T:A	4824192	4938612	Glu902Asp	NM_007294.4(BRCA1):c.2706A>T (p.Glu902Asp)	ENST00000357654.9:c.2706A>T
GRCh38:17:43091993:T:C	4824194	4938614	Ser1180Gly	NM_007294.4(BRCA1):c.3538A>G (p.Ser1180Gly)	ENST00000357654.9:c.3538A>G
GRCh38:17:43093011:A:T	4824195	4938615	Ser840Arg	NM_007294.4(BRCA1):c.2520T>A (p.Ser840Arg)	ENST00000357654.9:c.2520T>A
GRCh38:17:43099835:T:C	4824196	4938616	Arg163Gly	NM_007294.4(BRCA1):c.487A>G (p.Arg163Gly)	ENST00000357654.9:c.487A>G
GRCh38:17:43093339:T:C	4824198	4938618	Lys731Arg	NM_007294.4(BRCA1):c.2192A>G (p.Lys731Arg)	ENST00000357654.9:c.2192A>G
GRCh38:17:43091904:T:G	4824199	4938619	Leu1209Phe	NM_007294.4(BRCA1):c.3627A>C (p.Leu1209Phe)	ENST00000357654.9:c.3627A>C
GRCh38:17:43093810:A:C	4824200	4938620	Leu574Arg	NM_007294.4(BRCA1):c.1721T>G (p.Leu574Arg)	ENST00000357654.9:c.1721T>G
GRCh38:17:43091594:G:C	4826627	4942360	Gln1313Glu	NM_007294.4(BRCA1):c.3937C>G (p.Gln1313Glu)	ENST00000357654.9:c.3937C>G
GRCh38:17:43094179:G:A	4826628	4942361	Ser451Leu	NM_007294.4(BRCA1):c.1352C>T (p.Ser451Leu)	ENST00000357654.9:c.1352C>T
GRCh38:17:43093342:T:C	4826629	4942362	Glu730Gly	NM_007294.4(BRCA1):c.2189A>G (p.Glu730Gly)	ENST00000357654.9:c.2189A>G
GRCh38:17:43093916:T:C	4826632	4942365	Thr539Ala	NM_007294.4(BRCA1):c.1615A>G (p.Thr539Ala)	ENST00000357654.9:c.1615A>G
GRCh38:17:43093637:T:G	4826634	4942367	Ser632Arg	NM_007294.4(BRCA1):c.1894A>C (p.Ser632Arg)	ENST00000357654.9:c.1894A>C
GRCh38:17:43093681:G:C	4828096	4946456	Thr617Ser	NM_007294.4(BRCA1):c.1850C>G (p.Thr617Ser)	ENST00000357654.9:c.1850C>G
GRCh38:17:43094173:T:C	4828182	4946542	Glu453Gly	NM_007294.4(BRCA1):c.1358A>G (p.Glu453Gly)	ENST00000357654.9:c.1358A>G
GRCh38:17:43093903:C:T	4828251	4946611	Gly543Asp	NM_007294.4(BRCA1):c.1628G>A (p.Gly543Asp)	ENST00000357654.9:c.1628G>A
GRCh38:17:43091548:G:A	4828263	4946623	Ser1328Phe	NM_007294.4(BRCA1):c.3983C>T (p.Ser1328Phe)	ENST00000357654.9:c.3983C>T
GRCh38:17:43092676:A:G	4828308	4946668	Phe952Ser	NM_007294.4(BRCA1):c.2855T>C (p.Phe952Ser)	ENST00000357654.9:c.2855T>C
GRCh38:17:43090969:G:A	4842648	4953938	Ser1387Phe	NM_007294.4(BRCA1):c.4160C>T (p.Ser1387Phe)	ENST00000357654.9:c.4160C>T
GRCh38:17:43074428:C:A	4842649	4953939	Glu1526Asp	NM_007294.4(BRCA1):c.4578G>T (p.Glu1526Asp)	ENST00000357654.9:c.4578G>T
GRCh38:17:43092865:G:C	4842650	4953940	Ser889Cys	NM_007294.4(BRCA1):c.2666C>G (p.Ser889Cys)	ENST00000357654.9:c.2666C>G
GRCh38:17:43091782:T:G	4842652	4953942	Glu1250Ala	NM_007294.4(BRCA1):c.3749A>C (p.Glu1250Ala)	ENST00000357654.9:c.3749A>C
GRCh38:17:43091576:C:G	4842654	4953944	Gly1319Arg	NM_007294.4(BRCA1):c.3955G>C (p.Gly1319Arg)	ENST00000357654.9:c.3955G>C
GRCh38:17:43093226:T:C	4842657	4953947	Ile769Val	NM_007294.4(BRCA1):c.2305A>G (p.Ile769Val)	ENST00000357654.9:c.2305A>G
GRCh38:17:43093207:G:T	4842660	4953950	Thr775Asn	NM_007294.4(BRCA1):c.2324C>A (p.Thr775Asn)	ENST00000357654.9:c.2324C>A
GRCh38:17:43071092:C:A	4842661	4953951	Ala1608Ser	NM_007294.4(BRCA1):c.4822G>T (p.Ala1608Ser)	ENST00000357654.9:c.4822G>T
GRCh38:17:43094169:A:C	4842665	4953955	Ser454Arg	NM_007294.4(BRCA1):c.1362T>G (p.Ser454Arg)	ENST00000357654.9:c.1362T>G
GRCh38:17:43104202:C:T	4842666	4953956	Glu121Lys	NM_007294.4(BRCA1):c.361G>A (p.Glu121Lys)	ENST00000357654.9:c.361G>A
GRCh38:17:43093189:T:A	4856542	4967466	Glu781Val	NM_007294.4(BRCA1):c.2342A>T (p.Glu781Val)	ENST00000357654.9:c.2342A>T
GRCh38:17:43090952:T:G	4856567	4967491	Thr1393Pro	NM_007294.4(BRCA1):c.4177A>C (p.Thr1393Pro)	ENST00000357654.9:c.4177A>C
GRCh38:17:43095867:T:C	4867685	4974646	Ser217Gly	NM_007294.4(BRCA1):c.649A>G (p.Ser217Gly)	ENST00000357654.9:c.649A>G
GRCh38:17:43094398:C:T	4867690	4974651	Ser378Asn	NM_007294.4(BRCA1):c.1133G>A (p.Ser378Asn)	ENST00000357654.9:c.1133G>A
GRCh38:17:43082479:T:C	4867691	4974652	Ser1428Gly	NM_007294.4(BRCA1):c.4282A>G (p.Ser1428Gly)	ENST00000357654.9:c.4282A>G
GRCh38:17:43092914:A:G	4867693	4974654	Ser873Pro	NM_007294.4(BRCA1):c.2617T>C (p.Ser873Pro)	ENST00000357654.9:c.2617T>C
GRCh38:17:43094639:T:C	4867699	4974660	Asn298Asp	NM_007294.4(BRCA1):c.892A>G (p.Asn298Asp)	ENST00000357654.9:c.892A>G
GRCh38:17:43091011:T:C	4867703	4974664	Glu1373Gly	NM_007294.4(BRCA1):c.4118A>G (p.Glu1373Gly)	ENST00000357654.9:c.4118A>G
GRCh38:17:43082455:A:C	4867705	4974665	Ser1436Ala	NM_007294.4(BRCA1):c.4306T>G (p.Ser1436Ala)	ENST00000357654.9:c.4306T>G
GRCh38:17:43082454:G:T	4867706	4974666	Ser1436Tyr	NM_007294.4(BRCA1):c.4307C>A (p.Ser1436Tyr)	ENST00000357654.9:c.4307C>A
GRCh38:17:43094039:G:C	4867708	4974668	Leu498Val	NM_007294.4(BRCA1):c.1492C>G (p.Leu498Val)	ENST00000357654.9:c.1492C>G
GRCh38:17:43095891:G:T	4867709	4974669	Pro209Thr	NM_007294.4(BRCA1):c.625C>A (p.Pro209Thr)	ENST00000357654.9:c.625C>A
GRCh38:17:43094621:A:C	4867711	4974671	Phe304Val	NM_007294.4(BRCA1):c.910T>G (p.Phe304Val)	ENST00000357654.9:c.910T>G
GRCh38:17:43094846:A:G	4867715	4974675	Ser229Pro	NM_007294.4(BRCA1):c.685T>C (p.Ser229Pro)	ENST00000357654.9:c.685T>C
GRCh38:17:43092910:T:C	4867721	4974681	Asn874Ser	NM_007294.4(BRCA1):c.2621A>G (p.Asn874Ser)	ENST00000357654.9:c.2621A>G
GRCh38:17:43092048:T:G	4867724	4974684	Glu1161Asp	NM_007294.4(BRCA1):c.3483A>C (p.Glu1161Asp)	ENST00000357654.9:c.3483A>C
GRCh38:17:43091527:A:C	4867725	4974685	Leu1335Arg	NM_007294.4(BRCA1):c.4004T>G (p.Leu1335Arg)	ENST00000357654.9:c.4004T>G
GRCh38:17:43091873:C:A	4867727	4974687	Asp1220Tyr	NM_007294.4(BRCA1):c.3658G>T (p.Asp1220Tyr)	ENST00000357654.9:c.3658G>T
GRCh38:17:43092974:C:G	4867729	4974689	Asp853His	NM_007294.4(BRCA1):c.2557G>C (p.Asp853His)	ENST00000357654.9:c.2557G>C
GRCh38:17:43092216:A:C	4867731	4974691	His1105Gln	NM_007294.4(BRCA1):c.3315T>G (p.His1105Gln)	ENST00000357654.9:c.3315T>G
GRCh38:17:43094098:G:A	4867732	4974692	Thr478Ile	NM_007294.4(BRCA1):c.1433C>T (p.Thr478Ile)	ENST00000357654.9:c.1433C>T
GRCh38:17:43093643:T:C	4867736	4974696	Asn630Asp	NM_007294.4(BRCA1):c.1888A>G (p.Asn630Asp)	ENST00000357654.9:c.1888A>G
GRCh38:17:43093974:C:A	4867737	4974697	Lys519Asn	NM_007294.4(BRCA1):c.1557G>T (p.Lys519Asn)	ENST00000357654.9:c.1557G>T
GRCh38:17:43092972:A:T	4867738	4974698	Asp853Glu	NM_007294.4(BRCA1):c.2559T>A (p.Asp853Glu)	ENST00000357654.9:c.2559T>A
GRCh38:17:43104144:C:A	4867739	4974699	Ser140Ile	NM_007294.4(BRCA1):c.419G>T (p.Ser140Ile)	ENST00000357654.9:c.419G>T
GRCh38:17:43093699:A:C	4867741	4974701	Leu611Arg	NM_007294.4(BRCA1):c.1832T>G (p.Leu611Arg)	ENST00000357654.9:c.1832T>G
GRCh38:17:43093711:T:C	4867743	4974703	Lys607Arg	NM_007294.4(BRCA1):c.1820A>G (p.Lys607Arg)	ENST00000357654.9:c.1820A>G
GRCh38:17:43092577:G:T	4867746	4974706	Pro985His	NM_007294.4(BRCA1):c.2954C>A (p.Pro985His)	ENST00000357654.9:c.2954C>A
GRCh38:17:43074506:T:G	4867747	4974707	Lys1500Asn	NM_007294.4(BRCA1):c.4500A>C (p.Lys1500Asn)	ENST00000357654.9:c.4500A>C
GRCh38:17:43091008:C:G	4867749	4974709	Ser1374Thr	NM_007294.4(BRCA1):c.4121G>C (p.Ser1374Thr)	ENST00000357654.9:c.4121G>C
GRCh38:17:43091622:C:G	4867750	4974710	Leu1303Phe	NM_007294.4(BRCA1):c.3909G>C (p.Leu1303Phe)	ENST00000357654.9:c.3909G>C
GRCh38:17:43082551:G:T	4883311	4991955	Leu1404Met	NM_007294.4(BRCA1):c.4210C>A (p.Leu1404Met)	ENST00000357654.9:c.4210C>A
GRCh38:17:43092225:A:T	4883316	4991960	Asn1102Lys	NM_007294.4(BRCA1):c.3306T>A (p.Asn1102Lys)	ENST00000357654.9:c.3306T>A
