variant_key	VariationID	pos38	ref38	alt38	bayesdel_noAF	am_pathogenicity	revel_score_13b	g37_allele_consistent	findlay_available	dace_region
GRCh38:17:43082542:G:C	37576	43082542	G	C	-0.0926055	0.2261		True	absent	exon 12 (5')
GRCh38:17:43076570:T:C	37591	43076570	T	C	-0.219298	0.1796		True	absent	
GRCh38:17:43076516:T:A	37593	43076516	T	A	-0.142402	0.0918		True	absent	
GRCh38:17:43076558:G:A	41824	43076558	G	A	-0.133048	0.0922		True	absent	
GRCh38:17:43106533:T:A	54219	43106533	T	A	0.0123352	0.9403		True	present	
GRCh38:17:43106467:A:C	54439	43106467	A	C	0.0340171	0.2082		True	present	
GRCh38:17:43106465:A:T	54444	43106465	A	T	0.363575	0.9605		True	present	
GRCh38:17:43106462:G:T	54450	43106462	G	T	0.059324	0.6959		True	present	
GRCh38:17:43104900:A:G	54651	43104900	A	G	0.295493	0.218		True	present	
GRCh38:17:43104877:C:G	54724	43104877	C	G	0.515315	0.6034		True	present	
GRCh38:17:43124065:A:G	54828	43124065	A	G	0.241024	0.8034		True	present	
GRCh38:17:43104217:C:T	54893	43104217	C	T	0.42149	0.103		True	absent	exon 6
GRCh38:17:43104183:C:T	55012	43104183	C	T	0.181335	0.4746		True	absent	exon 6
GRCh38:17:43104174:T:A	55041	43104174	T	A	0.0827383	0.1373		True	absent	exon 6
GRCh38:17:43090998:G:T	55110	43090998	G	T	0.069202	0.3302		True	absent	exon 11
GRCh38:17:43090957:A:G	55123	43090957	A	G	0.458553	0.5752		True	absent	exon 11
GRCh38:17:43082563:T:C	55137	43082563	T	C	0.0582209	0.139		True	absent	exon 12 (5')
GRCh38:17:43082562:A:G	55138	43082562	A	G	0.173029	0.6743		True	absent	exon 12 (5')
GRCh38:17:43082556:T:C	55141	43082556	T	C	-0.0689202	0.0848		True	absent	exon 12 (5')
GRCh38:17:43082550:A:G	55143	43082550	A	G	0.186099	0.9771		True	absent	exon 12 (5')
GRCh38:17:43082541:A:G	55144	43082541	A	G	0.215327	0.9708		True	absent	exon 12 (5')
GRCh38:17:43104139:G:C	55152	43104139	G	C	0.146888	0.074		True	absent	
GRCh38:17:43082499:T:A	55158	43082499	T	A	0.0514149	0.1611		True	absent	exon 12 (3');exon 12 (5')
GRCh38:17:43076593:C:T	55185	43076593	C	T	-0.295091	0.1022		True	absent	
GRCh38:17:43076567:G:A	55194	43076567	G	A	-0.121402	0.1148		True	absent	
GRCh38:17:43076512:T:C	55206	43076512	T	C	-0.137072	0.0844		True	absent	
GRCh38:17:43076501:G:C	55207	43076501	G	C	-0.259703	0.0764		True	absent	
GRCh38:17:43124053:A:G	55217	43124053	A	G	0.181061	0.8314		True	present	
GRCh38:17:43074502:G:A	55218	43074502	G	A	-0.132199	0.0785		True	absent	
GRCh38:17:43074427:C:T	55231	43074427	C	T	0.107584	0.0947		True	absent	
GRCh38:17:43074357:G:A	55251	43074357	G	A	-0.0682382	0.0939		True	absent	
GRCh38:17:43071229:G:A	55261	43071229	G	A	0.160615	0.1512		True	absent	
GRCh38:17:43071212:T:C	55265	43071212	T	C	-0.0290279	0.106		True	absent	
GRCh38:17:43099852:G:C	55266	43099852	G	C	0.168256	0.1102		True	absent	
GRCh38:17:43071190:G:T	55270	43071190	G	T	0.109242	0.1446		True	absent	
GRCh38:17:43071137:T:C	55285	43071137	T	C	-0.182289	0.0832		True	absent	
GRCh38:17:43071127:G:A	55287	43071127	G	A	0.15834	0.1114		True	absent	
GRCh38:17:43071101:A:C	55295	43071101	A	C	-0.063342	0.0726		True	absent	
GRCh38:17:43071091:G:A	55296	43071091	G	A	-0.0134115	0.1201		True	absent	
GRCh38:17:43071030:C:A	55307	43071030	C	A	-0.181218	0.1632		True	absent	
GRCh38:17:43099832:T:G	55313	43099832	T	G	0.0853271	0.0722		True	absent	
GRCh38:17:43070980:C:A	55320	43070980	C	A	-0.0426982	0.0923		True	present	
GRCh38:17:43070962:G:A	55330	43070962	G	A	0.375005	0.4079		True	present	
GRCh38:17:43070947:C:T	55337	43070947	C	T	0.382318	0.9268		True	present	
GRCh38:17:43067695:T:A	55348	43067695	T	A	-0.0714593	0.0995		True	present	
GRCh38:17:43067694:A:T	55349	43067694	A	T	0.0653973	0.0927		True	present	
GRCh38:17:43063940:C:G	55390	43063940	C	G	0.150706	0.7686		True	present	
GRCh38:17:43063930:C:G	55397	43063930	C	G	0.433797	0.9776		True	present	
GRCh38:17:43063373:C:G	55433	43063373	C	G	0.51838	0.9365		True	present	
GRCh38:17:43057107:A:C	55468	43057107	A	C	0.349785	0.7715		True	absent	
GRCh38:17:43057093:G:T	55472	43057093	G	T	0.0687243	0.8345		True	present	
GRCh38:17:43057074:G:A	55484	43057074	G	A	0.121481	0.7542		True	present	
GRCh38:17:43049164:C:T	55551	43049164	C	T	0.52882	0.7992		True	present	
GRCh38:17:43047687:A:G	55572	43047687	A	G	0.194822	0.451		True	present	
GRCh38:17:43047681:A:C	55576	43047681	A	C	-0.216748	0.5673		True	present	
GRCh38:17:43045748:C:T	55613	43045748	C	T	0.144191	0.9072		True	present	
GRCh38:17:43045717:G:T	55624	43045717	G	T	0.0179069	0.1403		True	present	
GRCh38:17:43097280:G:A	55636	43097280	G	A	0.322039	0.5482		True	absent	
GRCh38:17:43095915:C:T	55645	43095915	C	T	0.0453837	0.0967		True	absent	
GRCh38:17:43095879:T:C	55652	43095879	T	C	0.121489	0.0871		True	absent	
GRCh38:17:43124024:G:T	55684	43124024	G	T	0.375495	0.9421		True	present	
GRCh38:17:43115777:A:G	55732	43115777	A	G	0.451556	0.9929		True	present	
GRCh38:17:43071161:G:A	1742857	43071161	G	A	-0.0314423	0.0937		True	absent	
GRCh38:17:43104224:G:C	89058	43104224	G	C	0.0203975	0.1346		True	absent	exon 6
GRCh38:17:43106508:G:T	91559	43106508	G	T	0.0554004	0.1319		True	present	
GRCh38:17:43106469:C:T	91572	43106469	C	T	-0.0828646	0.1127		True	present	
GRCh38:17:43104166:G:T	91619	43104166	G	T	0.509413	0.9081		True	absent	exon 6
GRCh38:17:43074417:T:G	91633	43074417	T	G	-0.10656	0.1016		True	absent	
GRCh38:17:43063335:C:T	91641	43063335	C	T	0.134789	0.3366		True	present	
GRCh38:17:43057132:C:T	91643	43057132	C	T	-0.100543	0.0943		True	present	
GRCh38:17:43051065:G:A	91648	43051065	G	A	0.19685	0.1755		True	present	
GRCh38:17:43095909:C:T	91658	43095909	C	T	0.184985	0.1169		True	absent	
GRCh38:17:43095851:T:C	91660	43095851	T	C	0.162914	0.0805		True	absent	
GRCh38:17:43104879:G:C	96909	43104879	G	C	0.353836	0.5584		True	present	
GRCh38:17:43104174:T:C	96919	43104174	T	C	0.426591	0.4461		True	absent	exon 6
GRCh38:17:43091435:C:T	96925	43091435	C	T	0.0371611	0.1756		True	absent	exon 10 (3')
GRCh38:17:43076589:A:T	96932	43076589	A	T	-0.248958	0.2404		True	absent	
GRCh38:17:43099865:T:C	96934	43099865	T	C	-0.00635212	0.0665		True	absent	
GRCh38:17:43057075:C:T	96944	43057075	C	T	0.101294	0.6574		True	present	
GRCh38:17:43051093:A:C	96948	43051093	A	C	0.391054	0.6862		True	present	
GRCh38:17:43095846:C:T	96954	43095846	C	T	0.183223	0.1102		True	absent	
GRCh38:17:43093222:G:A	125553	43093222	G	A	-0.166458	0.0878		True	absent	
GRCh38:17:43071088:T:C	125731	43071088	T	C	-0.0966196	0.086		True	absent	
GRCh38:17:43057129:A:G	125806	43057129	A	G	0.2839	0.982		True	present	
GRCh38:17:43104879:G:A	133721	43104879	G	A	0.229196	0.7287		True	present	
GRCh38:17:43099856:G:C	133722	43099856	G	C	0.179931	0.0952		True	absent	
GRCh38:17:43104225:T:C	136084	43104225	T	C	-0.0257536	0.0727		True	absent	exon 6
GRCh38:17:43099816:T:G	136087	43099816	T	G	0.205837	0.109		True	absent	
GRCh38:17:43063937:A:T	141077	43063937	A	T	0.396503	0.7529		True	present	
GRCh38:17:43104204:T:C	141096	43104204	T	C	0.186043	0.0977		True	absent	exon 6
GRCh38:17:43071124:G:T	141272	43071124	G	T	-0.0732632	0.1047		True	absent	
GRCh38:17:43099787:A:G	141458	43099787	A	G	0.481479	0.3986		True	absent	
GRCh38:17:43082530:T:C	141465	43082530	T	C	-0.0660002	0.4165		True	absent	exon 12 (5')
GRCh38:17:43104261:T:C	141504	43104261	T	C	0.0892325	0.0959		True	absent	exon 6
GRCh38:17:43076506:T:C	141615	43076506	T	C	-0.221727	0.0801		True	absent	
GRCh38:17:43071134:G:C	141789	43071134	G	C	0.0407589	0.0815		True	absent	
GRCh38:17:43104229:T:C	141794	43104229	T	C	0.0251736	0.1148		True	absent	exon 6
GRCh38:17:43045772:A:G	142256	43045772	A	G	0.416744	0.6633		True	present	
GRCh38:17:43071235:C:A	142627	43071235	C	A	0.108229	0.1569		True	absent	
GRCh38:17:43076560:C:G	142774	43076560	C	G	-0.314796	0.0951		True	absent	
GRCh38:17:43104151:G:C	142796	43104151	G	C	0.050479	0.0873		True	absent	
GRCh38:17:43099795:G:C	142823	43099795	G	C	0.152285	0.0672		True	absent	
GRCh38:17:43071143:C:T	142926	43071143	C	T	-0.103423	0.0937		True	absent	
GRCh38:17:43090952:T:C	142985	43090952	T	C	0.113469	0.3201		True	absent	exon 11
GRCh38:17:43104205:C:T	143000	43104205	C	T	0.0313004	0.0951		True	absent	exon 6
GRCh38:17:43104190:T:C	156193	43104190	T	C	0.178623	0.2369		True	absent	exon 6
GRCh38:17:43045766:C:G	182172	43045766	C	G	0.340741	0.969		True	present	
GRCh38:17:43051092:C:T	182167	43051092	C	T	0.383975	0.9208		True	present	
GRCh38:17:43071040:T:C	182164	43071040	T	C	-0.100651	0.0696		True	absent	
GRCh38:17:43071218:A:C	182163	43071218	A	C	0.109965	0.1142		True	absent	
GRCh38:17:43074367:A:T	182162	43074367	A	T	-0.133005	0.0898		True	absent	
GRCh38:17:43082456:G:C	182080	43082456	G	C	-0.261918	0.1542		True	absent	exon 12 (3')
GRCh38:17:43082575:G:T	182160	43082575	G	T	0.232062	0.4688		True	absent	exon 12 (5')
GRCh38:17:43091000:T:C	182159	43091000	T	C	0.00878484	0.0718		True	absent	exon 11
GRCh38:17:43095891:G:A	182125	43095891	G	A	0.101288	0.1093		True	absent	
GRCh38:17:43045699:C:G	185265	43045699	C	G	-0.0119313	0.1987		True	absent	
GRCh38:17:43057091:G:C	185702	43057091	G	C	0.174276	0.9655		True	present	
GRCh38:17:43071020:C:A	186979	43071020	C	A	-0.153606	0.1011		True	present	
GRCh38:17:43071049:G:C	185934	43071049	G	C	-0.130316	0.1144		True	absent	
GRCh38:17:43071050:T:C	185243	43071050	T	C	-0.1066	0.07		True	absent	
GRCh38:17:43071078:C:G	185283	43071078	C	G	-0.122761	0.1355		True	absent	
GRCh38:17:43071101:A:T	185823	43071101	A	T	-0.16869	0.0944		True	absent	
GRCh38:17:43074342:C:T	185428	43074342	C	T	0.00890853	0.1012		True	absent	
GRCh38:17:43074432:T:C	186994	43074432	T	C	0.0464946	0.0775		True	absent	
GRCh38:17:43076537:C:G	187167	43076537	C	G	-0.219377	0.1789		True	absent	
GRCh38:17:43076606:T:C	184974	43076606	T	C	-0.10126	0.1289		True	absent	
GRCh38:17:43082442:T:C	185580	43082442	T	C	-0.213428	0.0982		True	absent	exon 12 (3')
GRCh38:17:43090978:C:T	187199	43090978	C	T	-0.146957	0.0892		True	absent	exon 11
GRCh38:17:43091018:C:G	185744	43091018	C	G	0.156531	0.1499		True	absent	exon 11
GRCh38:17:43095876:C:T	187522	43095876	C	T	-0.0612734	0.0832		True	absent	
GRCh38:17:43099792:G:C	187240	43099792	G	C	0.28824	0.1383		True	absent	
GRCh38:17:43104143:A:C	186399	43104143	A	C	0.113507	0.1641		True	absent	
GRCh38:17:43104147:T:C	185488	43104147	T	C	0.172062	0.0924		True	absent	
GRCh38:17:43104222:G:C	185998	43104222	G	C	0.14248	0.0915		True	absent	exon 6
GRCh38:17:43104247:T:G	186420	43104247	T	G	0.0348026	0.0838		True	absent	exon 6
GRCh38:17:43104898:A:G	187707	43104898	A	G	0.0150741	0.0459		True	present	
GRCh38:17:43106483:G:C	185578	43106483	G	C	0.490078	0.9618		True	present	
GRCh38:17:43124031:T:G	185882	43124031	T	G	0.169223	0.8347		True	present	
GRCh38:17:43057069:C:T	188419	43057069	C	T	0.281527	0.1438		True	present	
GRCh38:17:43063900:C:T	188417	43063900	C	T	0.344079	0.6712		True	present	
GRCh38:17:43067640:G:A	188416	43067640	G	A	0.0280005	0.5913		True	present	
GRCh38:17:43070959:A:T	188415	43070959	A	T	0.357331	0.8997		True	present	
GRCh38:17:43071073:G:A	216671	43071073	G	A	-0.152419	0.0805		True	absent	
GRCh38:17:43071221:C:T	216670	43071221	C	T	0.0280934	0.0987		True	absent	
GRCh38:17:43074465:G:A	216669	43074465	G	A	0.100006	0.1367		True	absent	
GRCh38:17:43082568:T:C	216667	43082568	T	C	0.0722153	0.2084		True	absent	exon 12 (5')
GRCh38:17:43104153:A:G	216666	43104153	A	G	0.436657	0.1708		True	absent	
GRCh38:17:43104895:C:G	216657	43104895	C	G	0.458547	0.9669		True	present	
GRCh38:17:43074365:C:A	219819	43074365	C	A	-0.109173	0.0803		True	absent	
GRCh38:17:43074454:G:C	219563	43074454	G	C	0.0335532	0.0836		True	absent	
GRCh38:17:43099857:T:G	219804	43099857	T	G	0.0501781	0.1437		True	absent	
GRCh38:17:43045785:C:T	225731	43045785	C	T	0.00520877	0.0759		True	present	
GRCh38:17:43074336:T:C	225710	43074336	T	C	0.151903	0.1538		True	absent	
GRCh38:17:43047703:C:T	232037	43047703	C	T	-0.122757	0.0809		True	present	
GRCh38:17:43049156:C:T	234129	43049156	C	T	0.204117	0.251		True	present	
GRCh38:17:43049173:T:G	232897	43049173	T	G	0.0814943	0.6014		True	present	
GRCh38:17:43051108:C:G	234183	43051108	C	G	0.165899	0.466		True	present	
GRCh38:17:43057092:T:G	232790	43057092	T	G	0.363239	0.8671		True	present	
GRCh38:17:43067652:G:A	233207	43067652	G	A	0.0383462	0.4277		True	present	
GRCh38:17:43070968:C:G	233593	43070968	C	G	-0.0442532	0.0914		True	present	
GRCh38:17:43071187:T:C	231185	43071187	T	C	0.0538924	0.111		True	absent	
GRCh38:17:43074360:T:A	231176	43074360	T	A	-0.0209997	0.1397		True	absent	
GRCh38:17:43074400:C:G	233522	43074400	C	G	-0.0604872	0.1048		True	absent	
GRCh38:17:43074403:C:T	231268	43074403	C	T	-0.105598	0.0754		True	absent	
GRCh38:17:43074454:G:T	232176	43074454	G	T	0.0425719	0.0831		True	absent	
GRCh38:17:43076542:A:G	233654	43076542	A	G	-0.151213	0.1211		True	absent	
GRCh38:17:43076549:C:A	234224	43076549	C	A	-0.00927528	0.162		True	absent	
GRCh38:17:43082428:G:T	233854	43082428	G	T	-0.220712	0.0743		True	absent	exon 12 (3')
GRCh38:17:43082457:T:C	234039	43082457	T	C	-0.296779	0.0823		True	absent	exon 12 (3')
GRCh38:17:43082475:T:C	231566	43082475	T	C	-0.305613	0.0653		True	absent	exon 12 (3')
GRCh38:17:43082493:C:A	233009	43082493	C	A	-0.0558509	0.1502		True	absent	exon 12 (3');exon 12 (5')
GRCh38:17:43082503:G:C	230483	43082503	G	C	-0.179017	0.0852		True	absent	exon 12 (3');exon 12 (5')
GRCh38:17:43082565:G:C	230250	43082565	G	C	0.0389686	0.1333		True	absent	exon 12 (5')
GRCh38:17:43082569:C:A	233320	43082569	C	A	0.166871	0.2345		True	absent	exon 12 (5')
GRCh38:17:43091032:C:T	234236	43091032	C	T	0.0157141	0.162		True	absent	exon 11
GRCh38:17:43095861:C:G	234087	43095861	C	G	0.0940734	0.1413		True	absent	
GRCh38:17:43099789:A:T	232937	43099789	A	T	0.487915	0.4941		True	absent	
GRCh38:17:43099844:C:T	233928	43099844	C	T	0.254629	0.2309		True	absent	
GRCh38:17:43099856:G:T	233464	43099856	G	T	0.0913233	0.0885		True	absent	
GRCh38:17:43099857:T:A	232297	43099857	T	A	0.0501788	0.1437		True	absent	
GRCh38:17:43099877:C:T	230088	43099877	C	T	0.196987	0.1411		True	absent	
GRCh38:17:43099880:G:T	233408	43099880	G	T	0.0972134	0.0852		True	absent	
GRCh38:17:43104124:A:C	230275	43104124	A	C	0.165637	0.089		True	absent	
GRCh38:17:43104136:C:G	232628	43104136	C	G	0.147181	0.1002		True	absent	
GRCh38:17:43104211:G:C	231713	43104211	G	C	0.0821254	0.0697		True	absent	exon 6
GRCh38:17:43104219:G:A	232058	43104219	G	A	0.134549	0.095		True	absent	exon 6
GRCh38:17:43124028:C:G	232427	43124028	C	G	0.00488402	0.971		True	present	
GRCh38:17:43063912:A:C	240816	43063912	A	C	0.309424	0.6365		True	present	
GRCh38:17:43063940:C:A	240813	43063940	C	A	0.150704	0.7686		True	present	
GRCh38:17:43082520:A:G	240801	43082520	A	G	0.112211	0.9732		True	absent	exon 12 (5')
GRCh38:17:43082556:T:G	240800	43082556	T	G	-0.114323	0.4918		True	absent	exon 12 (5')
GRCh38:17:43097286:G:A	240825	43097286	G	A	0.425973	0.4554		True	absent	
GRCh38:17:43104193:T:G	240796	43104193	T	G	0.0919901	0.1292		True	absent	exon 6
GRCh38:17:43104235:T:C	240790	43104235	T	C	0.21913	0.1068		True	absent	exon 6
GRCh38:17:43104244:A:T	240788	43104244	A	T	0.232046	0.1348		True	absent	exon 6
GRCh38:17:43045699:C:A	246518	43045699	C	A	-0.0119425	0.1987		True	absent	
GRCh38:17:43071062:G:T	245717	43071062	G	T	-0.167726	0.0831		True	absent	
GRCh38:17:43071232:G:T	246219	43071232	G	T	0.00135267	0.115		True	absent	
GRCh38:17:43082508:A:G	246517	43082508	A	G	0.0666657	0.8841		True	absent	exon 12 (3');exon 12 (5')
GRCh38:17:43082520:A:C	245779	43082520	A	C	0.126353	0.7763		True	absent	exon 12 (5')
GRCh38:17:43091030:C:T	245679	43091030	C	T	0.0947654	0.1423		True	absent	exon 11
GRCh38:17:43051066:T:A	252402	43051066	T	A	0.0614243	0.1614		True	present	
GRCh38:17:43076514:A:C	252387	43076514	A	C	-0.144645	0.2012		True	absent	
GRCh38:17:43082488:G:C	252398	43082488	G	C	-0.235162	0.0834		True	absent	exon 12 (3');exon 12 (5')
GRCh38:17:43106496:G:A	252393	43106496	G	A	0.138797	0.3312		True	absent	
GRCh38:17:43115757:C:A	252386	43115757	C	A	0.454739	0.8491		True	present	
GRCh38:17:43095899:T:G	252888	43095899	T	G	0.198368	0.121		True	absent	
GRCh38:17:43071094:A:G	4751061	43071094	A	G	-0.00870775	0.0941		True	absent	
GRCh38:17:43104927:T:A	267217	43104927	T	A	0.275956	0.1797		True	present	
GRCh38:17:43104129:G:A	279704	43104129	G	A	0.0794332	0.1069		True	absent	
GRCh38:17:43067676:G:A	373827	43067676	G	A	0.109822	0.4142		True	absent	
GRCh38:17:43047687:A:T	409308	43047687	A	T	0.400064	0.9546		True	absent	
GRCh38:17:43063940:C:T	409346	43063940	C	T	0.138465	0.7423		True	present	
GRCh38:17:43071188:C:T	409355	43071188	C	T	0.0709195	0.0888		True	absent	
GRCh38:17:43074337:C:A	409325	43074337	C	A	0.301888	0.1243		True	absent	
GRCh38:17:43095911:T:G	409373	43095911	T	G	0.176839	0.1088		True	absent	
GRCh38:17:43094860:G:A	409319	43094860	G	A	0.207203	0.1557		True	absent	exon 10 (5')
GRCh38:17:43099856:G:A	409330	43099856	G	A	0.189419	0.1171		True	absent	
GRCh38:17:43104126:G:A	409358	43104126	G	A	0.129639	0.1312		True	absent	
GRCh38:17:43106468:T:A	409307	43106468	T	A	0.158355	0.2364		True	present	
GRCh38:17:43045698:T:A	409352	43045698	T	A	0.15201	0.082		True	absent	
GRCh38:17:43099778:A:T	409323	43099778	A	T	0.166807	0.208		True	absent	
GRCh38:17:43106513:A:G	409340	43106513	A	G	0.422778	0.9732		True	present	
GRCh38:17:43071163:G:A	409295	43071163	G	A	0.0322156	0.1159		True	absent	
GRCh38:17:43074390:A:G	409342	43074390	A	G	-0.119006	0.0773		True	absent	
GRCh38:17:43099795:G:A	409326	43099795	G	A	0.131109	0.0955		True	absent	
GRCh38:17:43045748:C:G	423044	43045748	C	G	0.372497	0.2983		True	present	
GRCh38:17:43063347:T:G	418072	43063347	T	G	0.0783134	0.1271		True	present	
GRCh38:17:43063882:C:A	422674	43063882	C	A	0.355351	0.9794		True	present	
GRCh38:17:43063906:A:C	422989	43063906	A	C	0.404393	0.9281		True	present	
GRCh38:17:43071062:G:A	418981	43071062	G	A	-0.125674	0.0842		True	absent	
GRCh38:17:43071106:G:A	419702	43071106	G	A	-0.0578105	0.1073		True	absent	
GRCh38:17:43074477:A:G	420259	43074477	A	G	-0.0773547	0.0861		True	absent	
GRCh38:17:43074521:C:G	419384	43074521	C	G	-0.0293474	0.2491		True	absent	
GRCh38:17:43076576:T:A	420981	43076576	T	A	-0.115247	0.1143		True	absent	
GRCh38:17:43090981:G:A	418953	43090981	G	A	-0.00719251	0.0768		True	absent	exon 11
GRCh38:17:43091027:C:T	423494	43091027	C	T	-0.0921882	0.0939		True	absent	exon 11
GRCh38:17:43097287:A:T	421643	43097287	A	T	0.249554	0.1421		True	absent	
GRCh38:17:43099862:C:T	418595	43099862	C	T	0.0991499	0.0838		True	absent	
GRCh38:17:43104180:A:G	418065	43104180	A	G	0.181094	0.2211		True	absent	exon 6
GRCh38:17:43076531:C:T	431186	43076531	C	T	-0.265214	0.0767		True	absent	
GRCh38:17:43051070:C:T	431278	43051070	C	T	0.137508	0.8517		True	present	
GRCh38:17:43071175:G:T	431267	43071175	G	T	-0.0121081	0.1285		True	absent	
GRCh38:17:43104122:C:A	431199	43104122	C	A	0.133452	0.0955		True	absent	
GRCh38:17:43124035:A:C	431195	43124035	A	C	0.176813	0.7289		True	present	
GRCh38:17:43099775:C:G	431353	43099775	C	G	0.067342	0.7066		True	absent	
GRCh38:17:43049155:A:T	433732	43049155	A	T	0.414736	0.7035		True	present	
GRCh38:17:43076579:T:G	433714	43076579	T	G	-0.324644	0.1169		True	absent	
GRCh38:17:43076587:T:C	433713	43076587	T	C	-0.249216	0.1193		True	absent	
GRCh38:17:43076612:C:T	433712	43076612	C	T	-0.580286	0.0823		True	absent	
GRCh38:17:43082443:C:G	433710	43082443	C	G	-0.133415	0.1151		True	absent	exon 12 (3')
GRCh38:17:43104127:A:G	433691	43104127	A	G	0.0853903	0.0937		True	absent	
GRCh38:17:43104251:G:T	433689	43104251	G	T	0.199525	0.3516		True	absent	exon 6
GRCh38:17:43106516:A:G	433685	43106516	A	G	0.481426	0.99		True	present	
GRCh38:17:43063916:A:G	440479	43063916	A	G	0.225404	0.9734		True	present	
GRCh38:17:43076538:C:G	440475	43076538	C	G	-0.259475	0.1309		True	absent	
GRCh38:17:43082424:T:G	440473	43082424	T	G	-0.281778	0.1238		True	absent	exon 12 (3')
GRCh38:17:43091007:A:T	440472	43091007	A	T	0.17092	0.4142		True	absent	exon 11
GRCh38:17:43104153:A:T	440471	43104153	A	T	0.122265	0.1192		True	absent	
GRCh38:17:43124066:C:G	438922	43124066	C	G	0.0682377	0.8171		True	present	
GRCh38:17:43045716:T:C	441287	43045716	T	C	-0.0103552	0.066		True	present	
GRCh38:17:43071035:C:T	441357	43071035	C	T	-0.0836659	0.0738		True	absent	
GRCh38:17:43071131:A:G	441500	43071131	A	G	-0.0576067	0.0704		True	absent	
GRCh38:17:43071214:C:A	441380	43071214	C	A	0.413659	0.3934		True	absent	
GRCh38:17:43074337:C:T	441446	43074337	C	T	-0.0873229	0.1116		True	absent	
GRCh38:17:43074339:T:C	441427	43074339	T	C	-0.0407207	0.1006		True	absent	
GRCh38:17:43074409:C:A	441437	43074409	C	A	-0.0527207	0.1217		True	absent	
GRCh38:17:43074409:C:T	441499	43074409	C	T	-0.200055	0.085		True	absent	
GRCh38:17:43074435:G:C	441520	43074435	G	C	0.111589	0.104		True	absent	
GRCh38:17:43074456:A:G	441429	43074456	A	G	0.127534	0.091		True	absent	
GRCh38:17:43074480:T:C	441381	43074480	T	C	-0.0705852	0.0802		True	absent	
GRCh38:17:43076501:G:T	441439	43076501	G	T	-0.169808	0.0805		True	absent	
GRCh38:17:43076523:A:T	441497	43076523	A	T	-0.306381	0.2064		True	absent	
GRCh38:17:43076525:T:G	441440	43076525	T	G	-0.382843	0.2064		True	absent	
GRCh38:17:43082507:T:A	441391	43082507	T	A	-0.176647	0.6212		True	absent	exon 12 (3');exon 12 (5')
GRCh38:17:43091435:C:G	441362	43091435	C	G	0.0779023	0.3238		True	absent	exon 10 (3')
GRCh38:17:43104259:C:T	441426	43104259	C	T	0.0595465	0.0821		True	absent	exon 6
GRCh38:17:43115732:A:G	441341	43115732	A	G	0.434549	0.9953		True	present	
GRCh38:17:43115733:A:G	441319	43115733	A	G	0.38003	0.9986		True	present	
GRCh38:17:43082518:C:T	462639	43082518	C	T	-0.013899	0.3101		True	absent	exon 12 (5')
GRCh38:17:43090949:T:G	462637	43090949	T	G	0.301309	0.2472		True	absent	exon 11
GRCh38:17:43095876:C:A	462682	43095876	C	A	0.157162	0.1168		True	absent	
GRCh38:17:43104201:T:C	462617	43104201	T	C	0.241789	0.1669		True	absent	exon 6
GRCh38:17:43104220:G:T	462611	43104220	G	T	0.160328	0.0732		True	absent	exon 6
GRCh38:17:43071043:C:T	462656	43071043	C	T	-0.0347621	0.1004		True	absent	
GRCh38:17:43071142:C:T	462655	43071142	C	T	0.00601711	0.1036		True	absent	
GRCh38:17:43082469:G:A	462643	43082469	G	A	-0.139259	0.1571		True	absent	exon 12 (3')
GRCh38:17:43090957:A:C	462636	43090957	A	C	0.268435	0.5527		True	absent	exon 11
GRCh38:17:43090961:C:T	462635	43090961	C	T	-0.0722788	0.0847		True	absent	exon 11
GRCh38:17:43104178:C:A	462625	43104178	C	A	0.519731	0.709		True	absent	exon 6
GRCh38:17:43104178:C:T	462624	43104178	C	T	0.485939	0.5207		True	absent	exon 6
GRCh38:17:43045685:T:C	462678	43045685	T	C	0.126122	0.0682		True	absent	
GRCh38:17:43045695:G:T	462676	43045695	G	T	0.0507395	0.0759		True	absent	
GRCh38:17:43082496:C:T	462642	43082496	C	T	-0.212567	0.1699		True	absent	exon 12 (3');exon 12 (5')
GRCh38:17:43082512:C:T	462641	43082512	C	T	-0.0730999	0.2572		True	absent	exon 12 (5')
GRCh38:17:43082518:C:G	462640	43082518	C	G	-0.121597	0.2731		True	absent	exon 12 (5')
GRCh38:17:43104928:G:C	462586	43104928	G	C	0.208096	0.121		True	present	
GRCh38:17:43071076:C:T	481463	43071076	C	T	-0.204755	0.1074		True	absent	
GRCh38:17:43074415:C:T	485392	43074415	C	T	-0.206819	0.0844		True	absent	
GRCh38:17:43074493:C:G	479215	43074493	C	G	-0.0446301	0.1426		True	absent	
GRCh38:17:43076552:C:T	481446	43076552	C	T	-0.176086	0.0974		True	absent	
GRCh38:17:43076596:T:C	479194	43076596	T	C	-0.145414	0.113		True	absent	
GRCh38:17:43076614:G:A	481452	43076614	G	A	-0.221981	0.1635		True	absent	
GRCh38:17:43082410:C:T	482942	43082410	C	T	-0.136881	0.0944		True	absent	exon 12 (3')
GRCh38:17:43047673:C:A	479266	43047673	C	A	0.323352	0.4088		True	present	
GRCh38:17:43047677:C:G	479210	43047677	C	G	-0.115793	0.903		True	present	
GRCh38:17:43063337:T:A	485403	43063337	T	A	0.0715656	0.2043		True	present	
GRCh38:17:43071061:T:C	482919	43071061	T	C	-0.049175	0.0733		True	absent	
GRCh38:17:43074423:A:G	481486	43074423	A	G	0.0393595	0.0972		True	absent	
GRCh38:17:43074438:G:A	482903	43074438	G	A	-0.0128597	0.0832		True	absent	
GRCh38:17:43074476:C:T	482904	43074476	C	T	-0.119197	0.1662		True	absent	
GRCh38:17:43074513:G:C	485378	43074513	G	C	-0.0029292	0.0967		True	absent	
GRCh38:17:43076491:T:C	481436	43076491	T	C	-0.107518	0.0797		True	absent	
GRCh38:17:43049153:C:G	485397	43049153	C	G	0.247263	0.3969		True	present	
GRCh38:17:43071113:T:G	481187	43071113	T	G	0.106032	0.1158		True	absent	
GRCh38:17:43074334:G:C	479263	43074334	G	C	0.0389113	0.0824		True	absent	
GRCh38:17:43076502:T:A	482951	43076502	T	A	-0.184391	0.1209		True	absent	
GRCh38:17:43076560:C:A	485391	43076560	C	A	-0.216787	0.095		True	absent	
GRCh38:17:43082538:T:C	481440	43082538	T	C	-0.115615	0.12		True	absent	exon 12 (5')
GRCh38:17:43082541:A:C	481429	43082541	A	C	0.0226691	0.8456		True	absent	exon 12 (5')
GRCh38:17:43099790:C:G	479255	43099790	C	G	0.283548	0.3299		True	absent	
GRCh38:17:43104238:T:C	479247	43104238	T	C	0.235135	0.1281		True	absent	exon 6
GRCh38:17:43099793:A:T	481474	43099793	A	T	0.221406	0.1136		True	absent	
GRCh38:17:43106499:C:T	482934	43106499	C	T	0.12735	0.8454		True	absent	
GRCh38:17:43106518:T:A	479269	43106518	T	A	-0.0912632	0.8778		True	present	
GRCh38:17:43124049:A:T	479225	43124049	A	T	-0.137301	0.2553		True	present	
GRCh38:17:43099807:T:C	482899	43099807	T	C	0.184827	0.0967		True	absent	
GRCh38:17:43099838:C:T	479271	43099838	C	T	0.0726238	0.123		True	absent	
GRCh38:17:43057074:G:C	482908	43057074	G	C	0.0765813	0.2731		True	present	
GRCh38:17:43063906:A:G	481464	43063906	A	G	0.403017	0.8334		True	present	
GRCh38:17:43067617:T:C	481444	43067617	T	C	0.0125827	0.2137		True	present	
GRCh38:17:43071145:A:G	479272	43071145	A	G	-0.0218506	0.0823		True	absent	
GRCh38:17:43071201:G:C	481193	43071201	G	C	0.0980266	0.8577		True	absent	
GRCh38:17:43074359:T:G	482929	43074359	T	G	-0.0191187	0.1183		True	absent	
GRCh38:17:43074447:C:G	482932	43074447	C	G	0.036945	0.0945		True	absent	
GRCh38:17:43076526:A:C	481168	43076526	A	C	-0.270669	0.1649		True	absent	
GRCh38:17:43095877:C:A	480992	43095877	C	A	0.0579564	0.207		True	absent	
GRCh38:17:43095900:G:C	482902	43095900	G	C	0.00567831	0.0748		True	absent	
GRCh38:17:43099784:T:G	482943	43099784	T	G	0.204214	0.2678		True	absent	
GRCh38:17:43099831:G:A	482962	43099831	G	A	0.137846	0.1978		True	absent	
GRCh38:17:43104177:C:A	481476	43104177	C	A	0.519952	0.6813		True	absent	exon 6
GRCh38:17:43104214:G:A	481456	43104214	G	A	0.0865503	0.0785		True	absent	exon 6
GRCh38:17:43104220:G:A	482958	43104220	G	A	0.0632671	0.0936		True	absent	exon 6
GRCh38:17:43047672:T:A	489733	43047672	T	A	0.316205	0.4376		True	present	
GRCh38:17:43071070:G:A	489725	43071070	G	A	-0.0543013	0.1194		True	absent	
GRCh38:17:43071215:C:T	489723	43071215	C	T	0.290863	0.369		True	absent	
GRCh38:17:43082527:C:A	489722	43082527	C	A	-0.111428	0.1396		True	absent	exon 12 (5')
GRCh38:17:43047687:A:C	489732	43047687	A	C	-0.113182	0.7623		True	present	
GRCh38:17:43104868:A:G	489713	43104868	A	G	0.0248005	0.2305		True	absent	
GRCh38:17:43124048:C:A	489728	43124048	C	A	0.00186311	0.1704		True	present	
GRCh38:17:43071133:G:T	489724	43071133	G	T	0.0869548	0.1313		True	absent	
GRCh38:17:43063361:G:T	491098	43063361	G	T	0.424943	0.8963		True	present	
GRCh38:17:43097275:C:T	491178	43097275	C	T	0.270396	0.2481		True	absent	
GRCh38:17:43071184:G:A	491086	43071184	G	A	0.0427325	0.1293		True	absent	
GRCh38:17:43074457:G:C	491082	43074457	G	C	0.140489	0.0864		True	absent	
GRCh38:17:43082515:C:T	491073	43082515	C	T	-0.0422779	0.2266		True	absent	exon 12 (5')
GRCh38:17:43057110:A:G	491102	43057110	A	G	0.146774	0.608		True	present	
GRCh38:17:43071052:T:G	491088	43071052	T	G	-0.181525	0.0801		True	absent	
GRCh38:17:43097271:T:C	491179	43097271	T	C	0.268277	0.2874		True	absent	
GRCh38:17:43082424:T:C	491074	43082424	T	C	-0.291132	0.0928		True	absent	exon 12 (3')
GRCh38:17:43082550:A:C	491071	43082550	A	C	0.094842	0.5861		True	absent	exon 12 (5')
GRCh38:17:43082527:C:T	491072	43082527	C	T	-0.0568226	0.1728		True	absent	exon 12 (5')
GRCh38:17:43091006:C:T	491067	43091006	C	T	0.32184	0.1586		True	absent	exon 11
GRCh38:17:43099776:C:A	491176	43099776	C	A	0.248805	0.2321		True	absent	
GRCh38:17:43049140:G:A	496395	43049140	G	A	-0.0952501	0.0924		True	present	
GRCh38:17:43074367:A:C	496386	43074367	A	C	-0.0947633	0.0701		True	absent	
GRCh38:17:43090960:T:C	496377	43090960	T	C	0.0249968	0.1055		True	absent	exon 11
GRCh38:17:43057101:C:G	496391	43057101	C	G	0.150436	0.769		True	present	
GRCh38:17:43067617:T:G	496390	43067617	T	G	-0.000738555	0.3651		True	present	
GRCh38:17:43076545:T:G	496384	43076545	T	G	-0.0487595	0.1135		True	absent	
GRCh38:17:43057086:C:A	496392	43057086	C	A	0.318179	0.9151		True	present	
GRCh38:17:43071149:G:C	496389	43071149	G	C	0.00681796	0.0931		True	absent	
GRCh38:17:43104199:C:G	496370	43104199	C	G	0.145601	0.1884		True	absent	exon 6
GRCh38:17:43104231:T:A	496365	43104231	T	A	0.203355	0.1482		True	absent	exon 6
GRCh38:17:43082404:C:A	496668	43082404	C	A	-0.240161	0.1328		True	absent	exon 12 (3')
GRCh38:17:43057077:C:A	531284	43057077	C	A	0.364768	0.3294		True	present	
GRCh38:17:43063928:T:G	531317	43063928	T	G	0.422797	0.918		True	present	
GRCh38:17:43076590:C:G	531434	43076590	C	G	-0.281117	0.0929		True	absent	
GRCh38:17:43082473:G:C	531218	43082473	G	C	-0.323496	0.0904		True	absent	exon 12 (3')
GRCh38:17:43076582:G:T	531324	43076582	G	T	-0.151649	0.1092		True	absent	
GRCh38:17:43082451:G:A	531421	43082451	G	A	-0.333829	0.1123		True	absent	exon 12 (3')
GRCh38:17:43082423:T:A	531260	43082423	T	A	-0.189972	0.1703		True	absent	exon 12 (3')
GRCh38:17:43082538:T:G	531425	43082538	T	G	-0.035425	0.7414		True	absent	exon 12 (5')
GRCh38:17:43095866:C:G	531351	43095866	C	G	0.0774131	0.076		True	absent	
GRCh38:17:43099834:C:G	531359	43099834	C	G	0.227924	0.1922		True	absent	
GRCh38:17:43124078:G:T	531388	43124078	G	T	-0.0309096	0.2715		True	present	
GRCh38:17:43057083:G:A	531311	43057083	G	A	0.170476	0.856		True	present	
GRCh38:17:43063349:C:G	531408	43063349	C	G	0.0328042	0.2611		True	present	
GRCh38:17:43076527:T:A	531232	43076527	T	A	-0.171341	0.1414		True	absent	
GRCh38:17:43082490:T:C	559982	43082490	T	C	-0.0565841	0.1061		True	absent	exon 12 (3');exon 12 (5')
GRCh38:17:43057095:T:C	560856	43057095	T	C	-0.143324	0.1234		True	present	
GRCh38:17:43063946:C:T	566134	43063946	C	T	0.0973832	0.2194		True	present	
GRCh38:17:43071197:C:G	569880	43071197	C	G	-0.0199277	0.1301		True	absent	
GRCh38:17:43071217:G:C	565578	43071217	G	C	0.14866	0.1835		True	absent	
GRCh38:17:43074492:T:A	570514	43074492	T	A	-0.0642992	0.1637		True	absent	
GRCh38:17:43090954:A:G	578485	43090954	A	G	0.320127	0.9161		True	absent	exon 11
GRCh38:17:43091008:C:T	583140	43091008	C	T	0.0452774	0.1012		True	absent	exon 11
GRCh38:17:43104230:T:G	569377	43104230	T	G	0.197126	0.1231		True	absent	exon 6
GRCh38:17:43063945:T:C	567879	43063945	T	C	0.0855478	0.2339		True	present	
GRCh38:17:43057098:C:T	571901	43057098	C	T	0.053896	0.1763		True	present	
GRCh38:17:43074473:G:T	570598	43074473	G	T	0.0469344	0.1379		True	absent	
GRCh38:17:43074451:T:C	571121	43074451	T	C	-0.173652	0.0944		True	absent	
GRCh38:17:43071140:T:G	584508	43071140	T	G	-0.0961292	0.0824		True	absent	
GRCh38:17:43099801:T:G	584955	43099801	T	G	0.184073	0.1157		True	absent	
GRCh38:17:43104172:T:C	584956	43104172	T	C	0.49288	0.78		True	absent	exon 6
GRCh38:17:43104191:G:C	584957	43104191	G	C	0.131214	0.1056		True	absent	exon 6
GRCh38:17:43104873:A:G	584958	43104873	A	G	0.044642	0.3451		True	absent	
GRCh38:17:43076509:T:G	619628	43076509	T	G	-0.177052	0.1104		True	absent	
GRCh38:17:43104182:A:C	626904	43104182	A	C	0.459497	0.9107		True	absent	
GRCh38:17:43047663:G:T	631079	43047663	G	T	-0.114763	0.1017		True	present	
GRCh38:17:43049159:A:G	630815	43049159	A	G	0.189452	0.6265		True	present	
GRCh38:17:43049162:C:G	628780	43049162	C	G	0.445002	0.9731		True	present	
GRCh38:17:43051096:A:G	630918	43051096	A	G	0.281213	0.6807		True	present	
GRCh38:17:43051114:A:G	630802	43051114	A	G	0.40824	0.9262		True	present	
GRCh38:17:43057132:C:G	628107	43057132	C	G	0.129544	0.17		True	present	
GRCh38:17:43063948:G:A	631209	43063948	G	A	0.0846288	0.0973		True	present	
GRCh38:17:43067667:T:A	631148	43067667	T	A	-0.0160523	0.1954		True	present	
GRCh38:17:43067679:A:C	631339	43067679	A	C	0.154584	0.8367		True	present	
GRCh38:17:43067679:A:G	629251	43067679	A	G	0.24374	0.9506		True	present	
GRCh38:17:43070998:A:G	628290	43070998	A	G	-0.160323	0.1021		True	present	
GRCh38:17:43071015:G:T	631413	43071015	G	T	-0.00684538	0.1543		True	present	
GRCh38:17:43071021:A:T	628576	43071021	A	T	-0.0224948	0.1745		True	present	
GRCh38:17:43071092:C:T	631142	43071092	C	T	0.00359074	0.0869		True	absent	
GRCh38:17:43074442:A:G	627833	43074442	A	G	-0.133481	0.0896		True	absent	
GRCh38:17:43074487:T:C	627910	43074487	T	C	0.00737838	0.0902		True	absent	
GRCh38:17:43076522:A:C	630099	43076522	A	C	-0.314566	0.0838		True	absent	
GRCh38:17:43076560:C:T	631018	43076560	C	T	-0.240027	0.1073		True	absent	
GRCh38:17:43076561:C:T	630636	43076561	C	T	-0.314918	0.0824		True	absent	
GRCh38:17:43076582:G:A	628044	43076582	G	A	-0.230449	0.1436		True	absent	
GRCh38:17:43082412:G:A	630572	43082412	G	A	-0.179369	0.1066		True	absent	exon 12 (3')
GRCh38:17:43082501:C:A	631225	43082501	C	A	-0.152899	0.2435		True	absent	exon 12 (3')
GRCh38:17:43082528:C:T	628271	43082528	C	T	-0.156883	0.8047		True	absent	exon 12 (5')
GRCh38:17:43082571:C:T	630120	43082571	C	T	0.017872	0.0971		True	absent	exon 12 (5')
GRCh38:17:43090986:G:C	628110	43090986	G	C	-0.0287107	0.1504		True	absent	exon 11
GRCh38:17:43095885:C:T	631030	43095885	C	T	0.211951	0.2338		True	absent	
GRCh38:17:43099801:T:C	627733	43099801	T	C	0.120457	0.0839		True	absent	
GRCh38:17:43099820:T:C	628391	43099820	T	C	0.228661	0.1243		True	absent	
GRCh38:17:43104922:C:T	629283	43104922	C	T	0.101404	0.1734		True	present	
GRCh38:17:43104949:G:T	629710	43104949	G	T	0.0779044	0.1439		True	present	
GRCh38:17:43124072:C:G	630444	43124072	C	G	-0.0306946	0.1577		True	present	
GRCh38:17:43063373:C:A	632609	43063373	C	A	0.554136	0.847		True	present	
GRCh38:17:43071134:G:A	633087	43071134	G	A	-0.0259874	0.0971		True	absent	
GRCh38:17:43090996:A:G	632684	43090996	A	G	-0.0636439	0.1015		True	absent	exon 11
GRCh38:17:43045752:C:A	648216	43045752	C	A	0.443963	0.9477		True	absent	
GRCh38:17:43063370:A:G	652310	43063370	A	G	0.351035	0.704		True	present	
GRCh38:17:43063924:A:G	664982	43063924	A	G	0.361039	0.9681		True	present	
GRCh38:17:43067619:A:G	655629	43067619	A	G	0.176668	0.7099		True	present	
GRCh38:17:43067647:G:C	665905	43067647	G	C	-0.143913	0.0608		True	present	
GRCh38:17:43071014:T:C	650798	43071014	T	C	-0.0750439	0.0814		True	present	
GRCh38:17:43071104:G:C	662076	43071104	G	C	0.0491221	0.0745		True	absent	
GRCh38:17:43071119:C:T	663314	43071119	C	T	-0.0145146	0.0768		True	absent	
GRCh38:17:43074333:A:C	659074	43074333	A	C	0.0806327	0.0906		True	absent	
GRCh38:17:43074335:A:C	658642	43074335	A	C	-0.0185492	0.1884		True	absent	
GRCh38:17:43074365:C:G	646290	43074365	C	G	-0.109206	0.0803		True	absent	
GRCh38:17:43074439:G:C	646371	43074439	G	C	-0.00674555	0.0881		True	absent	
GRCh38:17:43074492:T:C	650220	43074492	T	C	-0.110046	0.0819		True	absent	
GRCh38:17:43076498:C:T	645683	43076498	C	T	-0.165185	0.1115		True	absent	
GRCh38:17:43076567:G:T	664253	43076567	G	T	-0.114056	0.0774		True	absent	
GRCh38:17:43076582:G:C	639775	43076582	G	C	-0.168308	0.112		True	absent	
GRCh38:17:43082430:T:A	662999	43082430	T	A	-0.216156	0.1056		True	absent	exon 12 (3')
GRCh38:17:43082457:T:A	658688	43082457	T	A	-0.2336	0.1246		True	absent	exon 12 (3')
GRCh38:17:43082527:C:G	650035	43082527	C	G	0.0160685	0.9172		True	absent	exon 12 (5')
GRCh38:17:43082562:A:T	653845	43082562	A	T	0.203985	0.7395		True	absent	exon 12 (5')
GRCh38:17:43082569:C:T	650198	43082569	C	T	-0.0799488	0.1115		True	absent	exon 12 (5')
GRCh38:17:43090958:T:C	648881	43090958	T	C	0.148019	0.1836		True	absent	exon 11
GRCh38:17:43091024:C:G	663808	43091024	C	G	0.11222	0.1956		True	absent	exon 11
GRCh38:17:43095851:T:G	655049	43095851	T	G	0.124065	0.1208		True	absent	
GRCh38:17:43095905:A:C	639275	43095905	A	C	0.234248	0.1646		True	absent	
GRCh38:17:43097251:A:G	651908	43097251	A	G	0.000253518	0.1728		True	absent	
GRCh38:17:43099837:A:C	648393	43099837	A	C	0.194043	0.1909		True	absent	
GRCh38:17:43104162:G:T	643188	43104162	G	T	0.166782	0.2756		True	absent	exon 6
GRCh38:17:43104163:C:T	658182	43104163	C	T	0.135157	0.0905		True	absent	exon 6
GRCh38:17:43104165:C:A	658804	43104165	C	A	0.481397	0.714		True	absent	exon 6
GRCh38:17:43051095:C:G	801087	43051095	C	G	0.228775	0.5149		True	present	
GRCh38:17:43067638:C:G	801081	43067638	C	G	-0.0280583	0.1355		True	present	
GRCh38:17:43074415:C:A	801079	43074415	C	A	-0.162332	0.1107		True	absent	
GRCh38:17:43082561:C:G	801074	43082561	C	G	-0.0474244	0.4197		True	absent	exon 12 (5')
GRCh38:17:43099864:C:T	801078	43099864	C	T	-0.0251937	0.095		True	absent	
GRCh38:17:43076527:T:C	808278	43076527	T	C	-0.185473	0.1037		True	absent	
GRCh38:17:43090975:A:G	808279	43090975	A	G	-0.0261659	0.0924		True	absent	exon 11
GRCh38:17:43047669:G:T	825736	43047669	G	T	0.293229	0.6641		True	present	
GRCh38:17:43047691:T:A	825717	43047691	T	A	-0.131316	0.2833		True	present	
GRCh38:17:43049186:C:T	825665	43049186	C	T	0.125229	0.3718		True	present	
GRCh38:17:43051075:T:G	825649	43051075	T	G	-0.0275243	0.2648		True	present	
GRCh38:17:43057058:G:T	825607	43057058	G	T	-0.0681444	0.1154		True	present	
GRCh38:17:43057105:T:C	825568	43057105	T	C	-0.0509061	0.7658		True	present	
GRCh38:17:43057133:A:T	825529	43057133	A	T	0.00757625	0.0959		True	present	
GRCh38:17:43063340:A:G	825518	43063340	A	G	0.437327	0.7482		True	present	
GRCh38:17:43063371:C:T	825488	43063371	C	T	0.350773	0.5185		True	present	
GRCh38:17:43063880:A:G	825476	43063880	A	G	0.094318	0.5489		True	present	
GRCh38:17:43063880:A:T	825475	43063880	A	T	0.247653	0.6421		True	present	
GRCh38:17:43063907:T:G	825461	43063907	T	G	0.0593537	0.4118		True	present	
GRCh38:17:43067634:T:C	825397	43067634	T	C	-0.109047	0.1129		True	present	
GRCh38:17:43067689:C:A	825349	43067689	C	A	0.042585	0.3794		True	present	
GRCh38:17:43070992:G:A	825294	43070992	G	A	0.00909306	0.0878		True	present	
GRCh38:17:43071110:C:A	825189	43071110	C	A	-0.0131172	0.0925		True	absent	
GRCh38:17:43071118:G:A	825179	43071118	G	A	0.0462215	0.1042		True	absent	
GRCh38:17:43074372:T:C	825056	43074372	T	C	-0.0456223	0.0619		True	absent	
GRCh38:17:43074388:C:G	825047	43074388	C	G	-0.135958	0.0942		True	absent	
GRCh38:17:43074418:T:G	825018	43074418	T	G	-0.108328	0.1076		True	absent	
GRCh38:17:43074472:T:C	824982	43074472	T	C	-0.0599913	0.0774		True	absent	
GRCh38:17:43074514:G:A	824937	43074514	G	A	-0.152545	0.0879		True	absent	
GRCh38:17:43076587:T:A	824847	43076587	T	A	-0.137902	0.1687		True	absent	
GRCh38:17:43076602:G:A	824837	43076602	G	A	-0.137759	0.1331		True	absent	
GRCh38:17:43082417:G:C	824811	43082417	G	C	-0.219298	0.196		True	absent	exon 12 (3')
GRCh38:17:43082443:C:T	824788	43082443	C	T	-0.216212	0.0907		True	absent	exon 12 (3')
GRCh38:17:43082449:C:T	824782	43082449	C	T	-0.182318	0.0817		True	absent	exon 12 (3')
GRCh38:17:43082461:T:C	824773	43082461	T	C	-0.379341	0.0805		True	absent	exon 12 (3')
GRCh38:17:43082514:G:C	824716	43082514	G	C	-0.0915767	0.2438		True	absent	exon 12 (5')
GRCh38:17:43082524:C:T	824708	43082524	C	T	-0.174558	0.0787		True	absent	exon 12 (5')
GRCh38:17:43091003:T:C	824612	43091003	T	C	-0.0380065	0.0776		True	absent	exon 11
GRCh38:17:43091026:G:A	824595	43091026	G	A	-0.153478	0.1032		True	absent	exon 11
GRCh38:17:43095854:G:A	826519	43095854	G	A	0.153878	0.1228		True	absent	
GRCh38:17:43095888:G:C	826298	43095888	G	C	0.14535	0.0709		True	absent	
GRCh38:17:43095917:C:T	826105	43095917	C	T	0.0887589	0.0952		True	absent	
GRCh38:17:43097244:C:T	826067	43097244	C	T	0.134353	0.1654		True	absent	
GRCh38:17:43097273:T:G	825873	43097273	T	G	0.264857	0.3575		True	absent	
GRCh38:17:43099792:G:A	825633	43099792	G	A	0.316688	0.2837		True	absent	
GRCh38:17:43099823:T:C	825351	43099823	T	C	0.18119	0.1076		True	absent	
GRCh38:17:43099829:G:C	825313	43099829	G	C	0.0975643	0.0833		True	absent	
GRCh38:17:43104244:A:G	823161	43104244	A	G	0.221502	0.7649		True	absent	exon 6
GRCh38:17:43104894:G:C	821773	43104894	G	C	0.290171	0.4192		True	present	
GRCh38:17:43104897:C:G	821724	43104897	C	G	-0.0356789	0.085		True	present	
GRCh38:17:43104941:A:C	821040	43104941	A	C	0.339405	0.9815		True	absent	
GRCh38:17:43115764:C:G	823423	43115764	C	G	-0.00951081	0.8722		True	present	
GRCh38:17:43115778:G:C	827565	43115778	G	C	0.193452	0.7645		True	present	
GRCh38:17:43124021:T:A	827206	43124021	T	A	0.324108	0.9325		True	absent	
GRCh38:17:43124029:T:G	826690	43124029	T	G	0.0588844	0.7814		True	present	
GRCh38:17:43124084:C:G	819110	43124084	C	G	-0.0566808	0.1607		True	present	
GRCh38:17:43045697:A:T	851795	43045697	A	T	0.0762506	0.0946		True	absent	
GRCh38:17:43045751:T:G	861117	43045751	T	G	0.421395	0.966		True	present	
GRCh38:17:43045769:G:T	840931	43045769	G	T	-0.00718468	0.2931		True	present	
GRCh38:17:43049128:A:C	844181	43049128	A	C	-0.146888	0.0587		True	present	
GRCh38:17:43071035:C:A	851676	43071035	C	A	-0.225046	0.0957		True	absent	
GRCh38:17:43071041:A:T	838907	43071041	A	T	-0.120135	0.0827		True	absent	
GRCh38:17:43071100:A:G	864486	43071100	A	G	-0.143848	0.1381		True	absent	
GRCh38:17:43071128:A:C	851302	43071128	A	C	0.00216783	0.0758		True	absent	
GRCh38:17:43071131:A:T	851990	43071131	A	T	-0.130156	0.0734		True	absent	
GRCh38:17:43074426:T:C	835355	43074426	T	C	-0.0691089	0.0917		True	absent	
GRCh38:17:43076497:C:T	839626	43076497	C	T	-0.224966	0.1007		True	absent	
GRCh38:17:43076518:G:C	856839	43076518	G	C	-0.238979	0.1033		True	absent	
GRCh38:17:43076543:A:C	850560	43076543	A	C	-0.114872	0.1254		True	absent	
GRCh38:17:43076605:G:A	863784	43076605	G	A	-0.0368296	0.2415		True	absent	
GRCh38:17:43095890:G:C	845213	43095890	G	C	0.180069	0.1294		True	absent	
GRCh38:17:43095897:T:C	856578	43095897	T	C	0.0297413	0.1121		True	absent	
GRCh38:17:43095912:G:T	838225	43095912	G	T	0.100614	0.0737		True	absent	
GRCh38:17:43097256:G:A	858239	43097256	G	A	0.170192	0.1804		True	absent	
GRCh38:17:43104130:G:T	846046	43104130	G	T	0.130139	0.0818		True	absent	
GRCh38:17:43104232:C:T	852070	43104232	C	T	0.130305	0.0828		True	absent	exon 6
GRCh38:17:43104253:T:G	849557	43104253	T	G	0.213511	0.3516		True	absent	exon 6
GRCh38:17:43104945:T:A	842334	43104945	T	A	0.0685486	0.5056		True	absent	
GRCh38:17:43124041:T:C	864052	43124041	T	C	0.131805	0.2904		True	present	
GRCh38:17:43124057:C:A	848933	43124057	C	A	0.130471	0.7052		True	present	
GRCh38:17:43045706:A:T	868679	43045706	A	T	0.217793	0.6445		True	present	
GRCh38:17:43045707:T:C	868677	43045707	T	C	-0.16397	0.1029		True	present	
GRCh38:17:43045712:T:A	865017	43045712	T	A	0.23083	0.3103		True	present	
GRCh38:17:43045715:G:C	869042	43045715	G	C	0.0505562	0.1091		True	present	
GRCh38:17:43045718:T:A	868660	43045718	T	A	0.233911	0.2279		True	present	
GRCh38:17:43045721:A:G	867653	43045721	A	G	0.294877	0.3285		True	present	
GRCh38:17:43045726:C:A	869027	43045726	C	A	0.126972	0.6285		True	present	
GRCh38:17:43045728:G:C	868639	43045728	G	C	0.0950153	0.1532		True	present	
GRCh38:17:43045740:G:A	868626	43045740	G	A	0.0612628	0.2334		True	present	
GRCh38:17:43045745:A:G	864970	43045745	A	G	0.191961	0.6322		True	present	
GRCh38:17:43045749:T:A	868617	43045749	T	A	0.30811	0.4074		True	present	
GRCh38:17:43045750:G:C	868615	43045750	G	C	0.372519	0.9537		True	present	
GRCh38:17:43045775:A:C	868594	43045775	A	C	0.258522	0.5186		True	present	
GRCh38:17:43045775:A:G	868593	43045775	A	G	0.140565	0.3042		True	present	
GRCh38:17:43045779:G:T	864938	43045779	G	T	0.066764	0.083		True	present	
GRCh38:17:43045781:G:A	864934	43045781	G	A	-0.0112572	0.0957		True	present	
GRCh38:17:43045781:G:C	864933	43045781	G	C	0.0117416	0.1702		True	present	
GRCh38:17:43045781:G:T	864932	43045781	G	T	0.0442692	0.4466		True	present	
GRCh38:17:43045783:C:G	868982	43045783	C	G	-0.0724365	0.1071		True	present	
GRCh38:17:43045790:A:G	864923	43045790	A	G	0.123126	0.1772		True	present	
GRCh38:17:43045790:A:T	864922	43045790	A	T	-0.183694	0.1325		True	present	
GRCh38:17:43045802:G:T	864909	43045802	G	T	-0.0108473	0.1569		True	present	
GRCh38:17:43047646:G:A	868519	43047646	G	A	0.0154421	0.0838		True	present	
GRCh38:17:43047649:A:G	868104	43047649	A	G	-0.0343792	0.5937		True	present	
GRCh38:17:43047651:C:A	865546	43047651	C	A	0.0899509	0.1393		True	present	
GRCh38:17:43047653:A:T	868911	43047653	A	T	-0.146482	0.1279		True	present	
GRCh38:17:43047655:T:A	868511	43047655	T	A	-0.0213096	0.0993		True	present	
GRCh38:17:43047665:C:G	868899	43047665	C	G	-0.0958355	0.7692		True	present	
GRCh38:17:43047673:C:G	867389	43047673	C	G	0.159092	0.5306		True	present	
GRCh38:17:43047682:C:G	867386	43047682	C	G	-0.282107	0.2402		True	present	
GRCh38:17:43047691:T:G	868476	43047691	T	G	-0.171599	0.1513		True	present	
GRCh38:17:43047693:G:T	868078	43047693	G	T	0.0245609	0.1804		True	present	
GRCh38:17:43047696:T:C	867378	43047696	T	C	-0.0026558	0.0748		True	present	
GRCh38:17:43047702:C:T	868461	43047702	C	T	-0.0632216	0.0759		True	present	
GRCh38:17:43047703:C:G	868074	43047703	C	G	-0.126819	0.1233		True	present	
GRCh38:17:43049126:C:G	865701	43049126	C	G	-0.0827784	0.1133		True	present	
GRCh38:17:43049132:T:C	868049	43049132	T	C	0.0223732	0.0855		True	present	
GRCh38:17:43049143:A:T	868040	43049143	A	T	-0.00198411	0.2441		True	present	
GRCh38:17:43049149:T:C	865396	43049149	T	C	0.0650613	0.0795		True	present	
GRCh38:17:43049152:A:T	868389	43049152	A	T	0.409022	0.5307		True	present	
GRCh38:17:43049155:A:C	868035	43049155	A	C	0.420052	0.5062		True	present	
GRCh38:17:43049166:A:C	868032	43049166	A	C	0.380883	0.9622		True	present	
GRCh38:17:43049174:G:C	868367	43049174	G	C	0.0238682	0.084		True	present	
GRCh38:17:43049181:C:G	865368	43049181	C	G	0.163144	0.6064		True	present	
GRCh38:17:43049189:G:C	868022	43049189	G	C	0.146906	0.3477		True	present	
GRCh38:17:43049192:G:T	865633	43049192	G	T	0.0761522	0.1577		True	present	
GRCh38:17:43049193:A:T	865356	43049193	A	T	0.0177765	0.1678		True	present	
GRCh38:17:43051069:G:T	865307	43051069	G	T	0.232388	0.1331		True	present	
GRCh38:17:43051070:C:A	865306	43051070	C	A	0.137514	0.8517		True	present	
GRCh38:17:43051086:C:T	867980	43051086	C	T	0.0849687	0.6826		True	present	
GRCh38:17:43051087:C:T	865581	43051087	C	T	0.34201	0.8248		True	present	
GRCh38:17:43051092:C:G	865283	43051092	C	G	0.378431	0.8124		True	present	
GRCh38:17:43051102:C:T	865272	43051102	C	T	0.0242058	0.2197		True	present	
GRCh38:17:43051105:G:T	868288	43051105	G	T	-0.0217256	0.1646		True	present	
GRCh38:17:43051107:C:G	868287	43051107	C	G	0.146199	0.3073		True	present	
GRCh38:17:43051111:T:A	867955	43051111	T	A	0.0996099	0.1361		True	present	
GRCh38:17:43051117:T:G	868284	43051117	T	G	-0.078881	0.1158		True	present	
GRCh38:17:43057068:T:C	867287	43057068	T	C	0.232761	0.1627		True	present	
GRCh38:17:43057089:T:C	867267	43057089	T	C	0.0585505	0.0849		True	present	
GRCh38:17:43057105:T:G	868199	43057105	T	G	-0.0323891	0.5187		True	present	
GRCh38:17:43057107:A:G	868195	43057107	A	G	0.115568	0.7556		True	present	
GRCh38:17:43057110:A:C	867858	43057110	A	C	0.365952	0.7781		True	present	
GRCh38:17:43057111:C:G	867857	43057111	C	G	0.101999	0.6602		True	present	
GRCh38:17:43057116:C:G	865166	43057116	C	G	0.243178	0.8718		True	present	
GRCh38:17:43057119:C:A	868187	43057119	C	A	0.103524	0.2889		True	present	
GRCh38:17:43057119:C:T	868185	43057119	C	T	-0.00357047	0.0854		True	present	
GRCh38:17:43057126:C:G	865156	43057126	C	G	0.391306	0.6978		True	present	
GRCh38:17:43057135:G:T	867500	43057135	G	T	-0.088247	0.0709		True	present	
GRCh38:17:43063333:C:A	867789	43063333	C	A	0.117953	0.7337		True	present	
GRCh38:17:43063334:T:C	867786	43063334	T	C	0.113847	0.5194		True	present	
GRCh38:17:43063337:T:G	865097	43063337	T	G	-0.0862832	0.1215		True	present	
GRCh38:17:43063338:T:G	865094	43063338	T	G	-0.126445	0.0792		True	present	
GRCh38:17:43063341:G:C	868120	43063341	G	C	0.0771557	0.1878		True	present	
GRCh38:17:43063342:C:T	867781	43063342	C	T	-0.197156	0.1406		True	present	
GRCh38:17:43063344:T:C	867776	43063344	T	C	-0.1292	0.0762		True	present	
GRCh38:17:43063346:T:G	867445	43063346	T	G	0.0454012	0.2111		True	present	
GRCh38:17:43063347:T:C	867444	43063347	T	C	0.112393	0.1533		True	present	
GRCh38:17:43063349:C:T	865082	43063349	C	T	-0.0325404	0.0831		True	present	
GRCh38:17:43063352:T:C	868771	43063352	T	C	0.0421917	0.1624		True	present	
GRCh38:17:43063361:G:C	868766	43063361	G	C	0.151661	0.1493		True	present	
GRCh38:17:43063364:T:C	867755	43063364	T	C	0.0446379	0.1125		True	present	
GRCh38:17:43063874:A:G	865030	43063874	A	G	0.559565	0.9925		True	present	
GRCh38:17:43063883:T:C	867402	43063883	T	C	0.221226	0.3814		True	present	
GRCh38:17:43063886:C:G	865011	43063886	C	G	0.354101	0.5431		True	present	
GRCh38:17:43063886:C:T	865010	43063886	C	T	0.184338	0.1323		True	present	
GRCh38:17:43063888:A:T	868701	43063888	A	T	0.412923	0.9661		True	present	
GRCh38:17:43063892:A:G	867685	43063892	A	G	0.401864	0.9859		True	present	
GRCh38:17:43063898:C:G	868692	43063898	C	G	0.343587	0.2249		True	present	
GRCh38:17:43063900:C:G	868687	43063900	C	G	0.131183	0.2358		True	present	
GRCh38:17:43063914:A:C	867662	43063914	A	C	0.177075	0.9734		True	present	
GRCh38:17:43063933:T:C	868634	43063933	T	C	0.23858	0.6011		True	present	
GRCh38:17:43067614:T:C	867593	43067614	T	C	0.109547	0.6521		True	present	
GRCh38:17:43067615:C:G	867591	43067615	C	G	-0.0822685	0.473		True	present	
GRCh38:17:43067617:T:A	864898	43067617	T	A	-0.000740125	0.3651		True	present	
GRCh38:17:43067620:C:T	868974	43067620	C	T	-0.11871	0.0653		True	present	
GRCh38:17:43067623:C:G	868574	43067623	C	G	0.211495	0.5883		True	present	
GRCh38:17:43067631:G:C	868965	43067631	G	C	0.107897	0.5694		True	present	
GRCh38:17:43067633:C:A	868565	43067633	C	A	0.0100724	0.1065		True	present	
GRCh38:17:43067635:C:T	867573	43067635	C	T	0.0116928	0.13		True	present	
GRCh38:17:43067643:A:C	868952	43067643	A	C	0.0637366	0.7798		True	present	
GRCh38:17:43067644:T:C	868551	43067644	T	C	-0.186118	0.0758		True	present	
GRCh38:17:43067646:A:C	867560	43067646	A	C	-0.167049	0.0695		True	present	
GRCh38:17:43067648:A:C	867556	43067648	A	C	-0.123965	0.2192		True	present	
GRCh38:17:43067649:T:C	865556	43067649	T	C	-0.185008	0.081		True	present	
GRCh38:17:43067650:T:A	865554	43067650	T	A	0.0370936	0.1644		True	present	
GRCh38:17:43067650:T:C	865553	43067650	T	C	-0.174372	0.0696		True	present	
GRCh38:17:43067653:T:C	868940	43067653	T	C	-0.00443748	0.1014		True	present	
GRCh38:17:43067667:T:C	868927	43067667	T	C	0.0167318	0.1152		True	present	
GRCh38:17:43067670:T:C	868525	43067670	T	C	-0.0545665	0.0748		True	present	
GRCh38:17:43067672:T:A	867533	43067672	T	A	0.0487548	0.3495		True	present	
GRCh38:17:43067673:C:T	865528	43067673	C	T	-0.171637	0.0817		True	present	
GRCh38:17:43067674:T:C	865526	43067674	T	C	0.175414	0.1608		True	present	
GRCh38:17:43067678:A:C	868916	43067678	A	C	-0.0117965	0.9515		True	present	
GRCh38:17:43067680:A:G	868514	43067680	A	G	0.000102809	0.9515		True	present	
GRCh38:17:43067685:T:A	865515	43067685	T	A	-0.101315	0.1324		True	present	
GRCh38:17:43067688:A:T	868905	43067688	A	T	0.318367	0.8462		True	present	
GRCh38:17:43067692:G:C	868501	43067692	G	C	0.000953478	0.077		True	present	
GRCh38:17:43067693:C:A	868099	43067693	C	A	0.0152542	0.247		True	present	
GRCh38:17:43067694:A:G	868095	43067694	A	G	0.00809722	0.0936		True	present	
GRCh38:17:43070929:A:C	868081	43070929	A	C	-0.0643838	0.1001		True	present	
GRCh38:17:43070929:A:T	865489	43070929	A	T	-0.228703	0.0743		True	present	
GRCh38:17:43070930:A:G	865487	43070930	A	G	-0.172558	0.3332		True	present	
GRCh38:17:43070935:T:G	868470	43070935	T	G	-0.0187227	0.1108		True	present	
GRCh38:17:43070948:C:T	868458	43070948	C	T	0.351876	0.4293		True	present	
GRCh38:17:43070967:T:G	868867	43070967	T	G	-0.0217969	0.1863		True	present	
GRCh38:17:43070968:C:T	868865	43070968	C	T	-0.098536	0.079		True	present	
GRCh38:17:43070969:T:C	868440	43070969	T	C	-0.0185371	0.0835		True	present	
GRCh38:17:43070980:C:T	868425	43070980	C	T	-0.101278	0.0726		True	present	
GRCh38:17:43070986:G:A	865429	43070986	G	A	-0.0905399	0.1091		True	present	
GRCh38:17:43070992:G:T	868410	43070992	G	T	0.0279964	0.1196		True	present	
GRCh38:17:43070995:G:A	865684	43070995	G	A	-0.138501	0.0821		True	present	
GRCh38:17:43070997:C:A	865415	43070997	C	A	-0.112995	0.0775		True	present	
GRCh38:17:43071005:G:T	865674	43071005	G	T	-0.00574105	0.0792		True	present	
GRCh38:17:43071010:T:C	868839	43071010	T	C	-0.177555	0.0711		True	present	
GRCh38:17:43071016:C:T	865663	43071016	C	T	-0.174157	0.0839		True	present	
GRCh38:17:43071023:T:C	868834	43071023	T	C	-0.0748505	0.0709		True	present	
GRCh38:17:43104881:G:T	868828	43104881	G	T	0.301481	0.8872		True	present	
GRCh38:17:43104888:T:G	865628	43104888	T	G	0.187554	0.8598		True	present	
GRCh38:17:43104895:C:A	868342	43104895	C	A	0.214078	0.2168		True	present	
GRCh38:17:43104909:A:G	865611	43104909	A	G	0.319962	0.3738		True	present	
GRCh38:17:43104910:A:T	865610	43104910	A	T	0.0244862	0.1656		True	present	
GRCh38:17:43104912:A:G	865339	43104912	A	G	0.470531	0.9944		True	present	
GRCh38:17:43104914:C:G	868809	43104914	C	G	0.146504	0.4644		True	present	
GRCh38:17:43104916:C:G	868804	43104916	C	G	0.190093	0.3938		True	present	
GRCh38:17:43104916:C:T	868315	43104916	C	T	0.211837	0.5969		True	present	
GRCh38:17:43104918:T:C	868310	43104918	T	C	0.159482	0.2143		True	present	
GRCh38:17:43104919:C:T	865327	43104919	C	T	0.195673	0.191		True	present	
GRCh38:17:43104922:C:G	867375	43104922	C	G	0.234027	0.7871		True	present	
GRCh38:17:43104924:A:C	867371	43104924	A	C	0.375579	0.9019		True	present	
GRCh38:17:43104925:G:A	868803	43104925	G	A	0.1557	0.8309		True	present	
GRCh38:17:43104925:G:C	868802	43104925	G	C	0.156668	0.424		True	present	
GRCh38:17:43104926:T:A	868800	43104926	T	A	0.151066	0.3481		True	present	
GRCh38:17:43104927:T:C	868798	43104927	T	C	0.253911	0.1308		True	present	
GRCh38:17:43104931:T:C	865313	43104931	T	C	0.113507	0.1326		True	present	
GRCh38:17:43104931:T:G	865312	43104931	T	G	0.199145	0.5838		True	present	
GRCh38:17:43104932:A:T	865309	43104932	A	T	0.204846	0.9922		True	present	
GRCh38:17:43104933:A:C	867368	43104933	A	C	0.451043	0.9584		True	present	
GRCh38:17:43104933:A:G	867367	43104933	A	G	0.447667	0.985		True	present	
GRCh38:17:43104934:A:G	867365	43104934	A	G	0.221185	0.9922		True	present	
GRCh38:17:43104940:T:G	865301	43104940	T	G	0.215424	0.1047		True	present	
GRCh38:17:43104943:T:C	867985	43104943	T	C	0.214363	0.4332		True	present	
GRCh38:17:43104946:C:G	867357	43104946	C	G	0.0933328	0.3235		True	present	
GRCh38:17:43104954:C:A	867977	43104954	C	A	0.281489	0.8276		True	present	
GRCh38:17:43104956:C:A	867971	43104956	C	A	-0.120704	0.9817		True	present	
GRCh38:17:43106462:G:C	868282	43106462	G	C	0.165128	0.5614		True	present	
GRCh38:17:43106464:T:C	868278	43106464	T	C	0.149967	0.5033		True	present	
GRCh38:17:43106468:T:C	867326	43106468	T	C	0.123799	0.2399		True	present	
GRCh38:17:43106474:T:G	868265	43106474	T	G	0.275632	0.8762		True	present	
GRCh38:17:43106483:G:A	865233	43106483	G	A	0.486725	0.9284		True	present	
GRCh38:17:43106484:G:A	868256	43106484	G	A	0.467512	0.9805		True	present	
GRCh38:17:43106486:C:A	867923	43106486	C	A	0.557653	0.9875		True	present	
GRCh38:17:43106495:G:T	868242	43106495	G	T	0.101346	0.3455		True	present	
GRCh38:17:43106503:C:A	867292	43106503	C	A	-0.0135002	0.8155		True	present	
GRCh38:17:43106508:G:C	868234	43106508	G	C	0.015736	0.1579		True	present	
GRCh38:17:43106514:G:C	867281	43106514	G	C	0.146493	0.3567		True	present	
GRCh38:17:43106517:G:A	865203	43106517	G	A	0.147088	0.7048		True	present	
GRCh38:17:43106522:A:G	867886	43106522	A	G	0.332183	0.9635		True	present	
GRCh38:17:43106525:A:G	867269	43106525	A	G	0.284332	0.9123		True	present	
GRCh38:17:43106532:A:C	867878	43106532	A	C	0.279098	0.6526		True	present	
GRCh38:17:43106532:A:G	867877	43106532	A	G	0.153554	0.9656		True	present	
GRCh38:17:43115726:T:A	865153	43115726	T	A	0.119502	0.9451		True	present	
GRCh38:17:43115727:T:C	865150	43115727	T	C	0.192516	0.8142		True	present	
GRCh38:17:43115731:A:C	867833	43115731	A	C	0.367396	0.9986		True	present	
GRCh38:17:43115732:A:T	867829	43115732	A	T	0.216392	0.8525		True	present	
GRCh38:17:43115733:A:C	867828	43115733	A	C	0.397713	0.9848		True	present	
GRCh38:17:43115735:A:G	867506	43115735	A	G	0.348239	0.7015		True	present	
GRCh38:17:43115747:T:A	865133	43115747	T	A	0.0251083	0.7233		True	present	
GRCh38:17:43115747:T:C	865132	43115747	T	C	-0.0744906	0.0917		True	present	
GRCh38:17:43115748:T:C	865129	43115748	T	C	0.0733963	0.6501		True	present	
GRCh38:17:43115751:T:G	868145	43115751	T	G	0.430182	0.9341		True	present	
GRCh38:17:43115757:C:T	867489	43115757	C	T	-0.0125377	0.1334		True	present	
GRCh38:17:43115760:G:T	865117	43115760	G	T	0.485433	0.9714		True	present	
GRCh38:17:43115766:T:C	867793	43115766	T	C	0.181088	0.3704		True	present	
GRCh38:17:43115768:A:G	867477	43115768	A	G	0.340077	0.9496		True	present	
GRCh38:17:43115768:A:T	867476	43115768	A	T	0.153043	0.9583		True	present	
GRCh38:17:43115771:A:C	865103	43115771	A	C	0.332522	0.8116		True	present	
GRCh38:17:43115771:A:G	865102	43115771	A	G	0.33766	0.9547		True	present	
GRCh38:17:43115775:C:T	868122	43115775	C	T	0.345062	0.8575		True	present	
GRCh38:17:43115778:G:T	867464	43115778	G	T	0.150339	0.611		True	present	
GRCh38:17:43124028:C:A	868756	43124028	C	A	0.00488277	0.971		True	present	
GRCh38:17:43124030:C:T	867739	43124030	C	T	0.0764379	0.947		True	present	
GRCh38:17:43124039:T:C	868743	43124039	T	C	0.117988	0.6331		True	present	
GRCh38:17:43124042:G:C	867726	43124042	G	C	0.0429514	0.1924		True	present	
GRCh38:17:43124043:C:A	867724	43124043	C	A	0.0508169	0.9296		True	present	
GRCh38:17:43124045:T:C	865042	43124045	T	C	0.0779178	0.4893		True	present	
GRCh38:17:43124047:G:C	869097	43124047	G	C	-0.00619259	0.2506		True	present	
GRCh38:17:43124048:C:G	869095	43124048	C	G	0.214536	0.9718		True	present	
GRCh38:17:43124056:A:G	865032	43124056	A	G	0.0608378	0.653		True	present	
GRCh38:17:43124068:T:C	869084	43124068	T	C	0.0691118	0.3836		True	present	
GRCh38:17:43124069:C:T	869080	43124069	C	T	0.0585657	0.4517		True	present	
GRCh38:17:43124074:A:G	867693	43124074	A	G	0.0191424	0.2541		True	present	
GRCh38:17:43124074:A:T	867692	43124074	A	T	0.18494	0.4852		True	present	
GRCh38:17:43124081:G:C	868697	43124081	G	C	-0.0990669	0.0512		True	present	
GRCh38:17:43124084:C:T	867681	43124084	C	T	-0.0839604	0.1084		True	present	
GRCh38:17:43124089:A:G	869066	43124089	A	G	-0.0528601	0.1316		True	present	
GRCh38:17:43124092:T:C	868684	43124092	T	C	0.0643255	0.3049		True	present	
GRCh38:17:43071148:C:G	888623	43071148	C	G	0.0560392	0.0936		True	absent	
GRCh38:17:43095860:T:A	917777	43095860	T	A	0.211362	0.1237		True	absent	
GRCh38:17:43045703:G:A	921369	43045703	G	A	-0.0294124	0.1206		True	absent	
GRCh38:17:43071031:A:T	926247	43071031	A	T	-0.268881	0.0503		True	absent	
GRCh38:17:43071064:G:A	919232	43071064	G	A	-0.153109	0.1027		True	absent	
GRCh38:17:43071067:G:A	923712	43071067	G	A	-0.123425	0.1031		True	absent	
GRCh38:17:43071167:T:C	928447	43071167	T	C	-0.000811039	0.0963		True	absent	
GRCh38:17:43071178:G:A	922319	43071178	G	A	0.0442975	0.0879		True	absent	
GRCh38:17:43076546:T:C	921098	43076546	T	C	0.0197561	0.129		True	absent	
GRCh38:17:43076584:T:A	920532	43076584	T	A	-0.288072	0.1557		True	absent	
GRCh38:17:43082463:A:G	924219	43082463	A	G	-0.302119	0.1102		True	absent	exon 12 (3')
GRCh38:17:43082499:T:G	924853	43082499	T	G	-0.0742688	0.1751		True	absent	exon 12 (3');exon 12 (5')
GRCh38:17:43082532:T:A	918553	43082532	T	A	0.0055344	0.5189		True	absent	exon 12 (5')
GRCh38:17:43082535:T:A	921480	43082535	T	A	-0.148473	0.1958		True	absent	exon 12 (5')
GRCh38:17:43090982:A:G	926722	43090982	A	G	0.103272	0.0985		True	absent	exon 11
GRCh38:17:43095881:G:A	919790	43095881	G	A	0.151902	0.1567		True	absent	
GRCh38:17:43095894:T:C	920338	43095894	T	C	0.0764543	0.1023		True	absent	
GRCh38:17:43099825:C:T	925718	43099825	C	T	0.0248181	0.1104		True	absent	
GRCh38:17:43099832:T:A	919922	43099832	T	A	0.0211348	0.0782		True	absent	
GRCh38:17:43099843:C:A	919142	43099843	C	A	0.223271	0.229		True	absent	
GRCh38:17:43099861:A:G	921239	43099861	A	G	0.0636715	0.1393		True	absent	
GRCh38:17:43104139:G:T	928212	43104139	G	T	0.160429	0.0714		True	absent	
GRCh38:17:43104870:T:G	920309	43104870	T	G	-0.0429437	0.1106		True	absent	
GRCh38:17:43071166:C:G	928766	43071166	C	G	-0.0436329	0.1014		True	absent	
GRCh38:17:43104210:A:C	928779	43104210	A	C	0.192112	0.0917		True	absent	exon 6
GRCh38:17:43074485:C:A	951707	43074485	C	A	-0.0353798	0.1747		True	absent	
GRCh38:17:43076506:T:A	951768	43076506	T	A	-0.240428	0.204		True	absent	
GRCh38:17:43076507:T:C	951096	43076507	T	C	-0.209774	0.0802		True	absent	
GRCh38:17:43076530:G:A	946648	43076530	G	A	-0.270327	0.1001		True	absent	
GRCh38:17:43076534:A:G	945255	43076534	A	G	-0.111462	0.0882		True	absent	
GRCh38:17:43076595:T:A	952219	43076595	T	A	-0.278663	0.2251		True	absent	
GRCh38:17:43076600:G:C	950696	43076600	G	C	-0.305516	0.0567		True	absent	
GRCh38:17:43082438:G:T	951122	43082438	G	T	-0.322142	0.1681		True	absent	exon 12 (3')
GRCh38:17:43082472:G:A	950626	43082472	G	A	-0.256566	0.1157		True	absent	exon 12 (3')
GRCh38:17:43082493:C:T	946942	43082493	C	T	-0.263888	0.121		True	absent	exon 12 (3');exon 12 (5')
GRCh38:17:43090964:T:G	945108	43090964	T	G	0.157915	0.4947		True	absent	exon 11
GRCh38:17:43099804:G:A	952817	43099804	G	A	0.0620033	0.1163		True	absent	
GRCh38:17:43104154:G:T	948029	43104154	G	T	0.0776695	0.0865		True	absent	
GRCh38:17:43104261:T:A	945287	43104261	T	A	-0.118711	0.0571		True	absent	exon 6
GRCh38:17:43071194:C:A	936973	43071194	C	A	0.108762	0.1106		True	absent	
GRCh38:17:43074452:C:G	936650	43074452	C	G	0.0568916	0.1851		True	absent	
GRCh38:17:43076585:A:T	938286	43076585	A	T	-0.293539	0.1192		True	absent	
GRCh38:17:43076599:T:A	934818	43076599	T	A	-0.199194	0.1461		True	absent	
GRCh38:17:43082558:T:A	941274	43082558	T	A	0.0534439	0.312		True	absent	exon 12 (5')
GRCh38:17:43099869:A:C	937709	43099869	A	C	0.127983	0.2704		True	absent	
GRCh38:17:43051107:C:T	955912	43051107	C	T	0.191727	0.2369		True	absent	
GRCh38:17:43071070:G:C	953690	43071070	G	C	-0.0899451	0.1283		True	absent	
GRCh38:17:43074358:T:C	954020	43074358	T	C	-0.0452684	0.0664		True	absent	
GRCh38:17:43074424:G:C	963819	43074424	G	C	0.0612448	0.0789		True	absent	
GRCh38:17:43074476:C:A	957112	43074476	C	A	-0.119163	0.1662		True	absent	
GRCh38:17:43076500:G:C	953812	43076500	G	C	-0.222482	0.1041		True	absent	
GRCh38:17:43090979:C:A	964444	43090979	C	A	-0.0578756	0.1608		True	absent	exon 11
GRCh38:17:43095868:G:C	960534	43095868	G	C	-0.0109131	0.0745		True	absent	
GRCh38:17:43097246:G:C	978545	43097246	G	C	0.191801	0.2269		True	absent	
GRCh38:17:43104222:G:A	958403	43104222	G	A	0.225785	0.1231		True	absent	exon 6
GRCh38:17:43071026:C:T	967028	43071026	C	T	0.0117593	0.0767		True	absent	
GRCh38:17:43074493:C:T	965452	43074493	C	T	-0.219536	0.1022		True	absent	
GRCh38:17:43095887:T:C	968031	43095887	T	C	0.163144	0.0829		True	absent	
GRCh38:17:43071185:A:C	981650	43071185	A	C	-0.0864651	0.0828		True	absent	
GRCh38:17:43071079:T:A	993137	43071079	T	A	-0.209612	0.0943		True	absent	
GRCh38:17:43091017:C:G	993166	43091017	C	G	0.0637544	0.1014		True	absent	exon 11
GRCh38:17:43074351:T:C	996241	43074351	T	C	-0.0110583	0.0811		True	absent	
GRCh38:17:43071074:G:C	1010734	43071074	G	C	-0.18243	0.0669		True	absent	
GRCh38:17:43071205:A:G	1000183	43071205	A	G	0.37234	0.3859		True	absent	
GRCh38:17:43071229:G:C	1005528	43071229	G	C	0.16975	0.1493		True	absent	
GRCh38:17:43074354:G:A	1005841	43074354	G	A	0.183606	0.1627		True	absent	
GRCh38:17:43074420:A:C	1009406	43074420	A	C	-0.0493228	0.1215		True	absent	
GRCh38:17:43076527:T:G	1009272	43076527	T	G	-0.231263	0.1208		True	absent	
GRCh38:17:43082428:G:A	1005598	43082428	G	A	-0.219751	0.1112		True	absent	exon 12 (3')
GRCh38:17:43082543:C:A	999083	43082543	C	A	-0.203322	0.4992		True	absent	exon 12 (5')
GRCh38:17:43090967:G:T	1005980	43090967	G	T	0.208565	0.1289		True	absent	exon 11
GRCh38:17:43095875:T:A	1010063	43095875	T	A	0.145323	0.1357		True	absent	
GRCh38:17:43099822:G:A	1009204	43099822	G	A	0.12333	0.2823		True	absent	
GRCh38:17:43104210:A:G	1001081	43104210	A	G	0.227684	0.1162		True	absent	exon 6
GRCh38:17:43074398:C:A	1022166	43074398	C	A	-0.0718711	0.1239		True	absent	
GRCh38:17:43074411:A:G	1013802	43074411	A	G	-0.118893	0.0881		True	absent	
GRCh38:17:43074425:C:A	1015826	43074425	C	A	0.0539962	0.11		True	absent	
GRCh38:17:43076495:C:A	1024428	43076495	C	A	-0.26844	0.1322		True	absent	
GRCh38:17:43076569:T:G	1014065	43076569	T	G	-0.138527	0.1723		True	absent	
GRCh38:17:43090966:T:C	1020675	43090966	T	C	0.244813	0.1555		True	absent	exon 11
GRCh38:17:43091024:C:T	1024990	43091024	C	T	0.119248	0.1182		True	absent	exon 11
GRCh38:17:43071030:C:T	1043747	43071030	C	T	-0.181233	0.1632		True	absent	
GRCh38:17:43074504:C:T	1044675	43074504	C	T	-0.150182	0.0688		True	absent	
GRCh38:17:43076538:C:A	1035284	43076538	C	A	-0.259495	0.1309		True	absent	
GRCh38:17:43095854:G:T	1040071	43095854	G	T	0.143253	0.1491		True	absent	
GRCh38:17:43095873:C:T	1037513	43095873	C	T	0.0960726	0.0777		True	absent	
GRCh38:17:43095884:C:G	1034679	43095884	C	G	0.0970025	0.1554		True	absent	
GRCh38:17:43099873:G:C	1045169	43099873	G	C	0.0425592	0.1053		True	absent	
GRCh38:17:43104135:T:C	1044896	43104135	T	C	0.0115387	0.0878		True	absent	
GRCh38:17:43104159:T:G	1047505	43104159	T	G	0.172381	0.2559		True	absent	exon 6
GRCh38:17:43071025:T:C	1050408	43071025	T	C	-0.127318	0.0718		True	absent	
GRCh38:17:43074474:T:C	1049065	43074474	T	C	0.02933	0.0814		True	absent	
GRCh38:17:43082467:T:C	1049902	43082467	T	C	-0.407846	0.0653		True	absent	exon 12 (3')
GRCh38:17:43071040:T:A	1063194	43071040	T	A	-0.216397	0.1088		True	absent	
GRCh38:17:43071059:T:C	1064261	43071059	T	C	-0.115664	0.0688		True	absent	
GRCh38:17:43071168:G:C	1054980	43071168	G	C	-0.168389	0.1258		True	absent	
GRCh38:17:43071179:G:A	1055766	43071179	G	A	-0.0865991	0.0905		True	absent	
GRCh38:17:43074439:G:A	1063272	43074439	G	A	-0.0172737	0.1055		True	absent	
GRCh38:17:43082454:G:A	1059740	43082454	G	A	-0.17703	0.1355		True	absent	exon 12 (3')
GRCh38:17:43082568:T:A	1064293	43082568	T	A	0.124307	0.2749		True	absent	exon 12 (5')
GRCh38:17:43104154:G:A	1054022	43104154	G	A	0.111497	0.0955		True	absent	
GRCh38:17:43104156:C:T	1051488	43104156	C	T	0.0893332	0.1065		True	absent	
GRCh38:17:43104175:A:G	1051035	43104175	A	G	0.263956	0.7196		True	absent	exon 6
GRCh38:17:43045776:C:T	1171791	43045776	C	T	-0.0073241	0.1446		True	absent	
GRCh38:17:43076497:C:A	1172378	43076497	C	A	-0.153934	0.102		True	absent	
GRCh38:17:43095900:G:T	1172402	43095900	G	T	0.109524	0.1001		True	absent	
GRCh38:17:43095846:C:G	1175044	43095846	C	G	0.197026	0.1787		True	absent	
GRCh38:17:43099828:A:G	1175105	43099828	A	G	0.167373	0.103		True	absent	
GRCh38:17:43104199:C:T	1199035	43104199	C	T	0.0649161	0.0775		True	absent	exon 6
GRCh38:17:43099844:C:G	1390011	43099844	C	G	0.254652	0.2309		True	absent	
GRCh38:17:43093489:C:A	2774855	43093489	C	A	-0.0522665	0.114		True	absent	
GRCh38:17:43092761:T:C	4215089	43092761	T	C	-0.296327	0.097		True	absent	
GRCh38:17:43097257:C:T	1285455	43097257	C	T	0.141339	0.1084		True	absent	
GRCh38:17:43097251:A:C	1319801	43097251	A	C	0.0649775	0.1129		True	absent	
GRCh38:17:43071046:G:A	1325655	43071046	G	A	-0.0839989	0.1018		True	absent	
GRCh38:17:43095898:T:G	1330046	43095898	T	G	0.0673355	0.2114		True	absent	
GRCh38:17:43104229:T:A	1330050	43104229	T	A	0.214105	0.1253		True	absent	exon 6
GRCh38:17:43099863:A:T	1330109	43099863	A	T	0.123922	0.3048		True	absent	
GRCh38:17:43076596:T:A	1331217	43076596	T	A	-0.119076	0.2403		True	absent	
GRCh38:17:43082404:C:T	1491600	43082404	C	T	-0.161197	0.1285		True	absent	exon 12 (3')
GRCh38:17:43071235:C:T	1518880	43071235	C	T	0.107993	0.1298		True	absent	
GRCh38:17:43074373:G:A	1466706	43074373	G	A	-0.0589647	0.0771		True	absent	
GRCh38:17:43082566:T:C	1424745	43082566	T	C	-0.0353015	0.0714		True	absent	exon 12 (5')
GRCh38:17:43076614:G:T	1479797	43076614	G	T	-0.224551	0.1634		True	absent	
GRCh38:17:43095908:T:C	1385134	43095908	T	C	0.111255	0.1164		True	absent	
GRCh38:17:43097259:T:G	1510971	43097259	T	G	0.151554	0.1687		True	absent	
GRCh38:17:43082406:T:G	1346271	43082406	T	G	-0.329058	0.1179		True	absent	exon 12 (3')
GRCh38:17:43071165:T:A	1496674	43071165	T	A	-0.00762196	0.2097		True	absent	
GRCh38:17:43076528:C:T	1500055	43076528	C	T	-0.346932	0.0982		True	absent	
GRCh38:17:43099805:G:T	1419169	43099805	G	T	0.136658	0.0933		True	absent	
GRCh38:17:43071121:G:A	1446083	43071121	G	A	0.243534	0.1636		True	absent	
GRCh38:17:43070941:G:A	1365368	43070941	G	A	0.319439	0.3335		True	absent	
GRCh38:17:43071191:G:T	1488496	43071191	G	T	0.09277	0.0929		True	absent	
GRCh38:17:43071238:T:A	1354612	43071238	T	A	0.091691	0.2397		True	absent	
GRCh38:17:43104157:T:C	1409763	43104157	T	C	0.139295	0.127		True	absent	
GRCh38:17:43071052:T:C	1509910	43071052	T	C	-0.101985	0.0785		True	absent	
GRCh38:17:43099840:G:C	1493878	43099840	G	C	0.0603865	0.1235		True	absent	
GRCh38:17:43076581:G:A	1481377	43076581	G	A	-0.271145	0.1116		True	absent	
GRCh38:17:43082572:T:C	1508878	43082572	T	C	0.15333	0.4154		True	absent	exon 12 (5')
GRCh38:17:43082415:G:A	1374575	43082415	G	A	-0.235922	0.1048		True	absent	exon 12 (3')
GRCh38:17:43097266:C:A	1429417	43097266	C	A	0.171486	0.1451		True	absent	
GRCh38:17:43104126:G:C	1483910	43104126	G	C	0.0862058	0.079		True	absent	
GRCh38:17:43045684:G:C	1522936	43045684	G	C	0.184928	0.0996		True	absent	
GRCh38:17:43076575:C:A	1375849	43076575	C	A	-0.0879203	0.1362		True	absent	
GRCh38:17:43090946:G:C	1513251	43090946	G	C	0.209045	0.1223		True	absent	exon 11
GRCh38:17:43090976:G:C	1497111	43090976	G	C	0.0323268	0.0813		True	absent	exon 11
GRCh38:17:43104228:T:C	1484628	43104228	T	C	-0.0106843	0.0953		True	absent	exon 6
GRCh38:17:43074346:G:T	1484791	43074346	G	T	0.0771467	0.1293		True	absent	
GRCh38:17:43091005:T:C	1432384	43091005	T	C	0.294619	0.1649		True	absent	exon 11
GRCh38:17:43076585:A:G	1416615	43076585	A	G	-0.329114	0.2484		True	absent	
GRCh38:17:43082544:T:G	1363350	43082544	T	G	-0.0541151	0.1983		True	absent	exon 12 (5')
GRCh38:17:43074475:G:A	1461672	43074475	G	A	0.0700496	0.0926		True	absent	
GRCh38:17:43097269:T:C	1489611	43097269	T	C	0.144376	0.0847		True	absent	
GRCh38:17:43045688:C:T	1381587	43045688	C	T	0.0345016	0.0949		True	absent	
GRCh38:17:43074426:T:A	1461372	43074426	T	A	0.0318832	0.1343		True	absent	
GRCh38:17:43074416:C:A	1352454	43074416	C	A	-0.193063	0.1816		True	absent	
GRCh38:17:43099879:T:C	1380053	43099879	T	C	0.220985	0.101		True	absent	
GRCh38:17:43090944:C:A	1410374	43090944	C	A	0.165182	0.6773		True	absent	exon 11
GRCh38:17:43071028:T:C	1520029	43071028	T	C	-0.123418	0.089		True	absent	
GRCh38:17:43074338:T:G	1683332	43074338	T	G	0.0690718	0.2732		True	absent	
GRCh38:17:43074342:C:G	1686510	43074342	C	G	0.0134748	0.1487		True	absent	
GRCh38:17:43104141:T:A	1692970	43104141	T	A	0.247505	0.154		True	absent	
GRCh38:17:43076566:G:A	1692971	43076566	G	A	-0.158412	0.1042		True	absent	
GRCh38:17:43071145:A:C	1697602	43071145	A	C	0.159558	0.0898		True	absent	
GRCh38:17:43104212:A:T	1697608	43104212	A	T	0.0858032	0.1124		True	absent	exon 6
GRCh38:17:43095866:C:T	1705061	43095866	C	T	-0.0245084	0.1049		True	absent	
GRCh38:17:43076491:T:G	1705078	43076491	T	G	-0.0460261	0.111		True	absent	
GRCh38:17:43071049:G:A	1712224	43071049	G	A	-0.107449	0.1143		True	absent	
GRCh38:17:43071065:C:A	1721423	43071065	C	A	-0.19121	0.0921		True	absent	
GRCh38:17:43097284:C:T	1721597	43097284	C	T	0.111205	0.3037		True	absent	
GRCh38:17:43074414:A:G	1715651	43074414	A	G	-0.141963	0.0889		True	absent	
GRCh38:17:43071112:T:C	1720991	43071112	T	C	0.0334727	0.0897		True	absent	
GRCh38:17:43045692:G:T	1714923	43045692	G	T	-0.00747289	0.0727		True	absent	
GRCh38:17:43104241:C:T	1729175	43104241	C	T	0.168798	0.0845		True	absent	exon 6
GRCh38:17:43104226:T:A	1730800	43104226	T	A	0.136539	0.0905		True	absent	exon 6
GRCh38:17:43091024:C:A	1737880	43091024	C	A	0.0328624	0.1093		True	absent	exon 11
GRCh38:17:43082524:C:G	1738950	43082524	C	G	-0.260107	0.0867		True	absent	exon 12 (5')
GRCh38:17:43082512:C:A	1739051	43082512	C	A	-0.0853098	0.3675		True	absent	exon 12 (5')
GRCh38:17:43104138:G:A	1739155	43104138	G	A	0.0326013	0.0989		True	absent	
GRCh38:17:43104177:C:T	1735682	43104177	C	T	0.519275	0.8319		True	absent	exon 6
GRCh38:17:43090965:C:A	1738365	43090965	C	A	0.180055	0.342		True	absent	exon 11
GRCh38:17:43082570:C:A	1738577	43082570	C	A	0.15331	0.7242		True	absent	exon 12 (5')
GRCh38:17:43104144:C:G	1738622	43104144	C	G	0.07119	0.0794		True	absent	
GRCh38:17:43076603:A:G	1740065	43076603	A	G	-0.0635286	0.1373		True	absent	
GRCh38:17:43076578:A:T	1740251	43076578	A	T	-0.149891	0.1778		True	absent	
GRCh38:17:43076551:G:T	1740486	43076551	G	T	-0.152468	0.1868		True	absent	
GRCh38:17:43104246:T:G	1728507	43104246	T	G	0.0700017	0.0982		True	absent	exon 6
GRCh38:17:43104233:C:G	1730068	43104233	C	G	0.0499592	0.2649		True	absent	exon 6
GRCh38:17:43104185:T:A	1734914	43104185	T	A	0.289267	0.3298		True	absent	
GRCh38:17:43082416:T:G	1739880	43082416	T	G	-0.233155	0.0869		True	absent	exon 12 (3')
GRCh38:17:43076614:G:C	1739973	43076614	G	C	-0.237947	0.1148		True	absent	
GRCh38:17:43074459:C:T	1741390	43074459	C	T	-0.177342	0.0822		True	absent	
GRCh38:17:43074457:G:T	1741398	43074457	G	T	0.0176481	0.083		True	absent	
GRCh38:17:43104186:T:C	1734826	43104186	T	C	0.511265	0.1587		True	absent	exon 6
GRCh38:17:43091014:C:A	1737955	43091014	C	A	-0.0876813	0.0787		True	absent	exon 11
GRCh38:17:43091009:T:C	1738022	43091009	T	C	0.10183	0.0925		True	absent	exon 11
GRCh38:17:43090986:G:T	1738179	43090986	G	T	-0.0287225	0.1504		True	absent	exon 11
GRCh38:17:43090975:A:T	1738287	43090975	A	T	0.149478	0.1212		True	absent	exon 11
GRCh38:17:43082487:G:A	1739278	43082487	G	A	-0.139977	0.1018		True	absent	exon 12 (3');exon 12 (5')
GRCh38:17:43082480:G:C	1739351	43082480	G	C	-0.341977	0.1222		True	absent	exon 12 (3')
GRCh38:17:43082476:A:G	1739379	43082476	A	G	-0.327935	0.098		True	absent	exon 12 (3')
GRCh38:17:43082472:G:C	1739401	43082472	G	C	-0.217318	0.1144		True	absent	exon 12 (3')
GRCh38:17:43076547:G:C	1740509	43076547	G	C	-0.0535399	0.1758		True	absent	
GRCh38:17:43076533:G:C	1740602	43076533	G	C	-0.181943	0.109		True	absent	
GRCh38:17:43076519:T:C	1740719	43076519	T	C	-0.142292	0.0742		True	absent	
GRCh38:17:43076513:T:C	1740750	43076513	T	C	-0.185563	0.0844		True	absent	
GRCh38:17:43099876:T:C	1740809	43099876	T	C	0.15604	0.0951		True	absent	
GRCh38:17:43076495:C:G	1740863	43076495	C	G	-0.268438	0.1322		True	absent	
GRCh38:17:43074343:T:A	1742268	43074343	T	A	0.0895142	0.15		True	absent	
GRCh38:17:43071230:G:A	1742408	43071230	G	A	0.037514	0.1342		True	absent	
GRCh38:17:43071221:C:G	1742492	43071221	C	G	0.0428348	0.1052		True	absent	
GRCh38:17:43071214:C:T	1742554	43071214	C	T	0.328738	0.3358		True	absent	
GRCh38:17:43099775:C:T	1747791	43099775	C	T	0.0163508	0.7066		True	absent	
GRCh38:17:43097265:A:G	1749326	43097265	A	G	0.145463	0.1601		True	absent	
GRCh38:17:43074395:T:A	1741895	43074395	T	A	-0.0308148	0.1742		True	absent	
GRCh38:17:43074383:C:G	1741973	43074383	C	G	-0.0768519	0.1169		True	absent	
GRCh38:17:43074376:G:T	1742043	43074376	G	T	-0.0371329	0.0737		True	absent	
GRCh38:17:43071047:C:A	1743673	43071047	C	A	-0.0623237	0.093		True	absent	
GRCh38:17:43071043:C:G	1743725	43071043	C	G	-0.0900171	0.0918		True	absent	
GRCh38:17:43095922:A:T	1750681	43095922	A	T	0.231822	0.3299		True	absent	
GRCh38:17:43095891:G:C	1752484	43095891	G	C	0.116507	0.0951		True	absent	
GRCh38:17:43095861:C:A	1754198	43095861	C	A	0.142976	0.1119		True	absent	
GRCh38:17:43074420:A:G	1741675	43074420	A	G	-0.0947092	0.1197		True	absent	
GRCh38:17:43071124:G:C	1743105	43071124	G	C	-0.0925258	0.0948		True	absent	
GRCh38:17:43071104:G:T	1743283	43071104	G	T	0.0622974	0.0959		True	absent	
GRCh38:17:43071082:G:A	1743443	43071082	G	A	-0.142901	0.1047		True	absent	
GRCh38:17:43071077:T:G	1743457	43071077	T	G	-0.0170203	0.2955		True	absent	
GRCh38:17:43067658:G:C	1744853	43067658	G	C	-0.0924398	0.0894		True	absent	
GRCh38:17:43045686:G:A	1748439	43045686	G	A	0.122847	0.0757		True	absent	
GRCh38:17:43074519:G:A	1740931	43074519	G	A	-0.0499256	0.1081		True	absent	
GRCh38:17:43074505:A:G	1741056	43074505	A	G	-0.106039	0.1113		True	absent	
GRCh38:17:43074490:C:A	1741166	43074490	C	A	-0.0672986	0.1006		True	absent	
GRCh38:17:43074469:A:G	1741305	43074469	A	G	-0.14581	0.0689		True	absent	
GRCh38:17:43099850:T:G	1742698	43099850	T	G	0.0749644	0.0991		True	absent	
GRCh38:17:43071170:C:T	1742791	43071170	C	T	-0.196511	0.0915		True	absent	
GRCh38:17:43071146:C:T	1742935	43071146	C	T	-0.14923	0.0907		True	absent	
GRCh38:17:43071133:G:A	1743052	43071133	G	A	0.133017	0.0985		True	absent	
GRCh38:17:43099796:T:A	1746486	43099796	T	A	0.110669	0.1331		True	absent	
GRCh38:17:43097261:A:T	1749543	43097261	A	T	0.0160224	0.2063		True	absent	
GRCh38:17:43095908:T:A	1751493	43095908	T	A	0.184109	0.1779		True	absent	
GRCh38:17:43095852:T:C	1754673	43095852	T	C	0.0902639	0.0802		True	absent	
GRCh38:17:43095849:T:G	1754829	43095849	T	G	0.133768	0.128		True	absent	
GRCh38:17:43095849:T:C	1754832	43095849	T	C	0.141258	0.0958		True	absent	
GRCh38:17:43106498:C:T	1778531	43106498	C	T	0.115312	0.774		True	absent	
GRCh38:17:43104258:G:A	1799342	43104258	G	A	0.108193	0.1403		True	absent	exon 6
GRCh38:17:43104234:T:C	1804789	43104234	T	C	0.172256	0.095		True	absent	exon 6
GRCh38:17:43071068:C:G	1810756	43071068	C	G	-0.0714154	0.1357		True	absent	
GRCh38:17:43074408:T:C	1899333	43074408	T	C	-0.132192	0.0872		True	absent	
GRCh38:17:43071203:A:T	1952868	43071203	A	T	0.0774602	0.3901		True	absent	
GRCh38:17:43104171:C:T	1976881	43104171	C	T	0.372304	0.3702		True	absent	exon 6
GRCh38:17:43099870:C:T	1988377	43099870	C	T	-0.010413	0.0808		True	absent	
GRCh38:17:43082535:T:G	1992376	43082535	T	G	-0.0327087	0.7541		True	absent	exon 12 (5')
GRCh38:17:43097289:C:G	1992535	43097289	C	G	0.209999	0.3182		True	absent	
GRCh38:17:43074439:G:T	1993943	43074439	G	T	0.0090784	0.0873		True	absent	
GRCh38:17:43076500:G:A	1999192	43076500	G	A	-0.199501	0.0921		True	absent	
GRCh38:17:43076591:T:C	2009627	43076591	T	C	-0.283009	0.0788		True	absent	
GRCh38:17:43045687:G:T	2011282	43045687	G	T	0.135418	0.1923		True	absent	
GRCh38:17:43074517:A:C	2020069	43074517	A	C	-0.00588181	0.099		True	absent	
GRCh38:17:43097289:C:T	2024596	43097289	C	T	0.158172	0.4768		True	absent	
GRCh38:17:43104233:C:A	2039757	43104233	C	A	0.0499579	0.2649		True	absent	exon 6
GRCh38:17:43074358:T:A	2045176	43074358	T	A	-0.0788622	0.0895		True	absent	
GRCh38:17:43067655:A:G	2046266	43067655	A	G	0.0538223	0.5375		True	absent	
GRCh38:17:43071163:G:C	2057967	43071163	G	C	-0.0249712	0.1111		True	absent	
GRCh38:17:43074388:C:T	2048892	43074388	C	T	-0.12514	0.0744		True	absent	
GRCh38:17:43095872:T:G	2066186	43095872	T	G	0.145305	0.1377		True	absent	
GRCh38:17:43095859:A:T	2077787	43095859	A	T	0.120404	0.1627		True	absent	
GRCh38:17:43099811:T:G	2094438	43099811	T	G	-0.0369799	0.1046		True	absent	
GRCh38:17:43071161:G:C	2099626	43071161	G	C	-0.091509	0.0686		True	absent	
GRCh38:17:43045694:G:A	2090625	43045694	G	A	0.050369	0.0988		True	absent	
GRCh38:17:43071078:C:A	2099260	43071078	C	A	-0.122745	0.1355		True	absent	
GRCh38:17:43071169:T:C	2098260	43071169	T	C	-0.00725917	0.0797		True	absent	
GRCh38:17:43076597:T:C	2111745	43076597	T	C	-0.0831409	0.1318		True	absent	
GRCh38:17:43097256:G:C	2128550	43097256	G	C	0.135982	0.1379		True	absent	
GRCh38:17:43091021:A:G	2125868	43091021	A	G	0.107626	0.1386		True	absent	exon 11
GRCh38:17:43071052:T:A	2131913	43071052	T	A	-0.0871021	0.0977		True	absent	
GRCh38:17:43095896:A:G	2129908	43095896	A	G	0.0506663	0.1772		True	absent	
GRCh38:17:43074394:G:C	2133413	43074394	G	C	-0.172719	0.0777		True	absent	
GRCh38:17:43076537:C:T	2129609	43076537	C	T	-0.206367	0.1629		True	absent	
GRCh38:17:43094165:T:G	2450662	43094165	T	G	0.11019	0.1266		True	absent	
GRCh38:17:43074475:G:C	2450663	43074475	G	C	0.060026	0.1127		True	absent	
GRCh38:17:43094220:A:C	2450665	43094220	A	C	-0.023749	0.0982		True	absent	
GRCh38:17:43094014:C:T	2450667	43094014	C	T	0.217061	0.1364		True	absent	
GRCh38:17:43091788:G:C	2450668	43091788	G	C	-0.102753	0.1214		True	absent	
GRCh38:17:43091996:T:C	2450669	43091996	T	C	-0.0543829	0.1343		True	absent	
GRCh38:17:43094690:T:A	2450671	43094690	T	A	0.101686	0.1461		True	absent	
GRCh38:17:43071173:C:G	2450674	43071173	C	G	-0.055914	0.1166		True	absent	
GRCh38:17:43092210:T:A	2450677	43092210	T	A	-0.0976397	0.1143		True	absent	
GRCh38:17:43092431:T:G	2450684	43092431	T	G	-0.27185	0.1163		True	absent	
GRCh38:17:43094839:G:C	2450685	43094839	G	C	0.0525852	0.0668		True	absent	exon 10 (5')
GRCh38:17:43091588:G:C	2450687	43091588	G	C	-0.00786705	0.0807		True	absent	
GRCh38:17:43092481:T:G	2450690	43092481	T	G	-0.0509544	0.1417		True	absent	
GRCh38:17:43047688:C:T	2450691	43047688	C	T	-0.131516	0.347		True	absent	
GRCh38:17:43092281:G:A	2450693	43092281	G	A	-0.0805429	0.1547		True	absent	
GRCh38:17:43082575:G:C	2450696	43082575	G	C	0.167441	0.1377		True	absent	exon 12 (5')
GRCh38:17:43091726:C:A	2450697	43091726	C	A	0.0434383	0.1189		True	absent	
GRCh38:17:43092463:A:C	2475141	43092463	A	C	0.0297653	0.1484		True	absent	
GRCh38:17:43092212:C:T	2501191	43092212	C	T	-0.159573	0.0934		True	absent	
GRCh38:17:43092716:C:A	2501192	43092716	C	A	-0.20331	0.1013		True	absent	
GRCh38:17:43093122:A:C	2506341	43093122	A	C	-0.0528833	0.2725		True	absent	
GRCh38:17:43094520:T:G	2507342	43094520	T	G	0.0557658	0.1715		True	absent	
GRCh38:17:43104228:T:G	2560824	43104228	T	G	0.0763397	0.1064		True	absent	exon 6
GRCh38:17:43091570:A:T	2565333	43091570	A	T	0.0607438	0.1026		True	absent	
GRCh38:17:43092269:C:A	2565334	43092269	C	A	-0.159345	0.0718		True	absent	
GRCh38:17:43092986:C:G	2565339	43092986	C	G	-0.0134469	0.2307		True	absent	exon 10 (mid 2)
GRCh38:17:43082431:T:G	2565340	43082431	T	G	-0.292134	0.0994		True	absent	exon 12 (3')
GRCh38:17:43092757:A:C	2565342	43092757	A	C	-0.337467	0.1207		True	absent	
GRCh38:17:43092812:C:T	2565343	43092812	C	T	-0.0969023	0.0884		True	absent	
GRCh38:17:43094311:G:C	2565345	43094311	G	C	0.0521403	0.1095		True	absent	exon 10 (mid 1)
GRCh38:17:43092728:T:G	2565348	43092728	T	G	-0.0663732	0.1227		True	absent	
GRCh38:17:43071157:T:A	2565351	43071157	T	A	-0.00625621	0.1185		True	absent	
GRCh38:17:43092225:A:C	2565352	43092225	A	C	-0.208362	0.1834		True	absent	
GRCh38:17:43093732:A:T	2565355	43093732	A	T	-0.094424	0.106		True	absent	
GRCh38:17:43093776:T:A	2565356	43093776	T	A	-0.0654246	0.1867		True	absent	
GRCh38:17:43091009:T:A	2565358	43091009	T	A	0.148043	0.157		True	absent	exon 11
GRCh38:17:43092876:G:C	2565359	43092876	G	C	-0.286248	0.3716		True	absent	
GRCh38:17:43094533:G:T	2565360	43094533	G	T	-0.0972608	0.089		True	absent	
GRCh38:17:43093486:T:C	2570989	43093486	T	C	-0.287983	0.0717		True	absent	
GRCh38:17:43092433:T:C	2574388	43092433	T	C	-0.281836	0.0836		True	absent	
GRCh38:17:43091534:C:T	2576276	43091534	C	T	-0.152426	0.0765		True	absent	
GRCh38:17:43091522:C:A	2580697	43091522	C	A	0.140626	0.1576		True	absent	exon 10 (3')
GRCh38:17:43093171:T:C	2581435	43093171	T	C	-0.11499	0.1323		True	absent	
GRCh38:17:43093526:T:A	2581472	43093526	T	A	-0.246393	0.1225		True	absent	
GRCh38:17:43074408:T:A	2584874	43074408	T	A	-0.100578	0.1162		True	absent	
GRCh38:17:43094788:G:A	2585354	43094788	G	A	0.12029	0.1298		True	absent	exon 10 (5')
GRCh38:17:43092648:G:T	2585819	43092648	G	T	-0.292527	0.1537		True	absent	
GRCh38:17:43092670:A:G	2585820	43092670	A	G	-0.354905	0.0657		True	absent	
GRCh38:17:43093301:C:A	2585821	43093301	C	A	-0.251684	0.0908		True	absent	
GRCh38:17:43094557:T:C	2585822	43094557	T	C	0.170328	0.0906		True	absent	
GRCh38:17:43091744:A:C	2585828	43091744	A	C	-0.17534	0.0844		True	absent	
GRCh38:17:43094459:G:C	2585832	43094459	G	C	-0.10038	0.0768		True	absent	
GRCh38:17:43093054:G:C	2585835	43093054	G	C	-0.0630839	0.0875		True	absent	
GRCh38:17:43094247:T:G	2585836	43094247	T	G	0.0128903	0.2454		True	absent	
GRCh38:17:43076608:A:G	2585837	43076608	A	G	-0.200602	0.1947		True	absent	
GRCh38:17:43094171:T:G	2585838	43094171	T	G	-0.0150291	0.2676		True	absent	
GRCh38:17:43093883:T:C	2585840	43093883	T	C	-0.0388152	0.0881		True	absent	
GRCh38:17:43092140:C:A	2585841	43092140	C	A	0.214905	0.1512		True	absent	
GRCh38:17:43093651:A:G	2585844	43093651	A	G	-0.00488272	0.1205		True	absent	
GRCh38:17:43090969:G:C	2585845	43090969	G	C	0.0265622	0.1142		True	absent	exon 11
GRCh38:17:43097272:C:A	2585846	43097272	C	A	0.291478	0.2775		True	absent	
GRCh38:17:43094637:A:C	2585848	43094637	A	C	-0.0358816	0.338		True	absent	
GRCh38:17:43094051:G:T	2585849	43094051	G	T	0.0382232	0.0748		True	absent	
GRCh38:17:43092938:T:C	2585852	43092938	T	C	0.216918	0.2157		True	absent	exon 10 (mid 2)
GRCh38:17:43094398:C:G	2585853	43094398	C	G	0.265004	0.222		True	absent	exon 10 (mid 1)
GRCh38:17:43071124:G:A	2585854	43071124	G	A	0.0884623	0.1161		True	absent	
GRCh38:17:43091760:C:G	2591721	43091760	C	G	0.000670704	0.1509		True	absent	
GRCh38:17:43094735:C:A	2647811	43094735	C	A	0.0315331	0.1462		True	absent	
GRCh38:17:43091945:T:C	2663340	43091945	T	C	-0.264205	0.081		True	absent	
GRCh38:17:43092755:T:C	2663975	43092755	T	C	-0.170201	0.0819		True	absent	
GRCh38:17:43104255:T:C	2680208	43104255	T	C	0.0279958	0.0753		True	absent	exon 6
GRCh38:17:43099833:T:A	2680209	43099833	T	A	0.271573	0.3896		True	absent	
GRCh38:17:43082408:T:A	2680222	43082408	T	A	-0.190344	0.1662		True	absent	exon 12 (3')
GRCh38:17:43091697:C:G	2672697	43091697	C	G	-0.0851221	0.2273		True	absent	
GRCh38:17:43092613:A:C	2681806	43092613	A	C	-0.0632609	0.1149		True	absent	
GRCh38:17:43071224:G:C	2681813	43071224	G	C	0.0811933	0.1029		True	absent	
GRCh38:17:43093145:T:C	2682152	43093145	T	C	-0.0964484	0.0931		True	absent	
GRCh38:17:43097268:G:A	2683809	43097268	G	A	0.175475	0.1675		True	absent	
GRCh38:17:43093159:A:G	2691148	43093159	A	G	-0.259308	0.0645		True	absent	
GRCh38:17:43091993:T:G	2692275	43091993	T	G	0.019491	0.259		True	absent	
GRCh38:17:43092628:G:T	2692278	43092628	G	T	-0.244359	0.1026		True	absent	
GRCh38:17:43093039:T:C	2692279	43093039	T	C	-0.195467	0.1012		True	absent	
GRCh38:17:43093411:C:G	2692283	43093411	C	G	-0.176695	0.0908		True	absent	
GRCh38:17:43095878:C:A	2692287	43095878	C	A	0.112682	0.1451		True	absent	
GRCh38:17:43104199:C:A	2692289	43104199	C	A	0.120726	0.0907		True	absent	exon 6
GRCh38:17:43093871:C:G	2697233	43093871	C	G	0.217194	0.1088		True	absent	
GRCh38:17:43076494:A:G	2698834	43076494	A	G	-0.265325	0.1055		True	absent	
GRCh38:17:43045698:T:C	2693360	43045698	T	C	0.0268254	0.0942		True	absent	
GRCh38:17:43074520:A:T	2693375	43074520	A	T	-0.106763	0.0885		True	absent	
GRCh38:17:43093778:C:T	2696485	43093778	C	T	-0.0820223	0.097		True	absent	
GRCh38:17:43093304:T:C	2696704	43093304	T	C	-0.327323	0.0706		True	absent	
GRCh38:17:43092760:T:G	2698209	43092760	T	G	-0.30562	0.104		True	absent	
GRCh38:17:43091722:C:A	2698570	43091722	C	A	-0.07499	0.0995		True	absent	
GRCh38:17:43093701:C:A	2700123	43093701	C	A	0.124755	0.4465		True	absent	
GRCh38:17:43094560:C:A	2703513	43094560	C	A	0.244825	0.1462		True	absent	
GRCh38:17:43093867:T:G	2694476	43093867	T	G	0.0656431	0.1238		True	absent	
GRCh38:17:43071173:C:T	2699149	43071173	C	T	-0.0887993	0.0778		True	absent	
GRCh38:17:43091902:T:A	2702784	43091902	T	A	0.0676901	0.1754		True	absent	
GRCh38:17:43093177:A:G	2706734	43093177	A	G	0.181909	0.2482		True	absent	
GRCh38:17:43093544:T:C	2708709	43093544	T	C	-0.223975	0.0838		True	absent	
GRCh38:17:43093724:A:G	2711967	43093724	A	G	0.0384599	0.1192		True	absent	
GRCh38:17:43093982:A:T	2716815	43093982	A	T	0.486346	0.5744		True	absent	
GRCh38:17:43093361:G:T	2705998	43093361	G	T	-0.0369102	0.0841		True	absent	
GRCh38:17:43093751:T:C	2709517	43093751	T	C	-0.0387403	0.0989		True	absent	
GRCh38:17:43071130:G:A	2720433	43071130	G	A	0.0376234	0.1238		True	absent	
GRCh38:17:43071047:C:T	2729036	43071047	C	T	-0.0608773	0.0784		True	absent	
GRCh38:17:43094290:T:C	2730714	43094290	T	C	-0.0406277	0.0854		True	absent	
GRCh38:17:43092551:A:C	2729595	43092551	A	C	-0.215786	0.0718		True	absent	
GRCh38:17:43082543:C:G	2731680	43082543	C	G	-0.20332	0.4992		True	absent	exon 12 (5')
GRCh38:17:43092671:G:C	2736386	43092671	G	C	-0.247472	0.0759		True	absent	
GRCh38:17:43071041:A:G	2746610	43071041	A	G	-0.203944	0.1333		True	absent	
GRCh38:17:43071208:C:G	2733523	43071208	C	G	0.0400046	0.1262		True	absent	
GRCh38:17:43093464:A:C	2733684	43093464	A	C	-0.265371	0.1793		True	absent	
GRCh38:17:43071203:A:G	2734229	43071203	A	G	0.0723865	0.8577		True	absent	
GRCh38:17:43092751:G:A	2739324	43092751	G	A	-0.321663	0.1058		True	absent	
GRCh38:17:43094342:C:T	2744350	43094342	C	T	-0.14163	0.0854		True	absent	exon 10 (mid 1)
GRCh38:17:43093112:C:G	2735349	43093112	C	G	0.0858979	0.1744		True	absent	
GRCh38:17:43094811:T:A	2745946	43094811	T	A	0.0988624	0.1902		True	absent	exon 10 (5')
GRCh38:17:43082446:G:C	2747718	43082446	G	C	-0.342955	0.0716		True	absent	exon 12 (3')
GRCh38:17:43093382:C:T	2736594	43093382	C	T	-0.309429	0.0768		True	absent	
GRCh38:17:43093357:C:A	2736836	43093357	C	A	0.0411459	0.0936		True	absent	
GRCh38:17:43092175:G:A	2743875	43092175	G	A	-0.0574808	0.1364		True	absent	
GRCh38:17:43094785:G:A	2751325	43094785	G	A	0.00911341	0.1167		True	absent	exon 10 (5')
GRCh38:17:43091608:G:A	2754777	43091608	G	A	-0.14117	0.1013		True	absent	
GRCh38:17:43091593:T:G	2756472	43091593	T	G	0.091567	0.0932		True	absent	
GRCh38:17:43092487:C:T	2756710	43092487	C	T	-0.231298	0.0981		True	absent	
GRCh38:17:43091839:A:G	2760060	43091839	A	G	0.187899	0.1475		True	absent	
GRCh38:17:43093563:G:C	2760114	43093563	G	C	-0.222715	0.1453		True	absent	
GRCh38:17:43092511:G:A	2760192	43092511	G	A	-0.178822	0.0769		True	absent	
GRCh38:17:43092734:C:G	2746250	43092734	C	G	-0.25709	0.1194		True	absent	
GRCh38:17:43076566:G:C	2746294	43076566	G	C	-0.0647679	0.1086		True	absent	
GRCh38:17:43092575:T:G	2749184	43092575	T	G	-0.22729	0.0726		True	absent	
GRCh38:17:43094504:T:C	2750867	43094504	T	C	-0.145728	0.0798		True	absent	
GRCh38:17:43091888:T:A	2751150	43091888	T	A	-0.197536	0.105		True	absent	
GRCh38:17:43090991:C:T	2752886	43090991	C	T	0.00958389	0.0926		True	absent	exon 11
GRCh38:17:43093043:T:C	2752887	43093043	T	C	-0.0725517	0.0932		True	absent	
GRCh38:17:43093388:T:C	2752906	43093388	T	C	-0.164082	0.0734		True	absent	
GRCh38:17:43091782:T:C	2748795	43091782	T	C	-0.20391	0.0897		True	absent	
GRCh38:17:43074494:T:G	2753975	43074494	T	G	-0.142122	0.0879		True	absent	
GRCh38:17:43093071:T:A	2755706	43093071	T	A	-0.236238	0.1945		True	absent	
GRCh38:17:43093543:C:G	2755848	43093543	C	G	-0.188288	0.1142		True	absent	
GRCh38:17:43093475:C:T	2757397	43093475	C	T	-0.117287	0.0777		True	absent	
GRCh38:17:43092260:G:A	2757403	43092260	G	A	0.0576016	0.1611		True	absent	
GRCh38:17:43094293:A:C	2757431	43094293	A	C	0.00807964	0.1235		True	absent	
GRCh38:17:43092775:G:A	2757634	43092775	G	A	-0.240993	0.09		True	absent	
GRCh38:17:43091590:T:C	2757680	43091590	T	C	-0.0441574	0.1445		True	absent	
GRCh38:17:43092929:A:G	2759181	43092929	A	G	0.155441	0.2798		True	absent	exon 10 (mid 2)
GRCh38:17:43082427:G:C	2748372	43082427	G	C	-0.298612	0.0999		True	absent	exon 12 (3')
GRCh38:17:43082436:A:T	2748373	43082436	A	T	-0.187865	0.0878		True	absent	exon 12 (3')
GRCh38:17:43097283:T:A	2750011	43097283	T	A	0.478967	0.536		True	absent	
GRCh38:17:43094422:A:G	2753645	43094422	A	G	0.102254	0.1996		True	absent	exon 10 (mid 1)
GRCh38:17:43092443:T:G	2765872	43092443	T	G	-0.175644	0.1067		True	absent	
GRCh38:17:43082445:A:G	2769335	43082445	A	G	-0.410854	0.045		True	absent	exon 12 (3')
GRCh38:17:43092338:C:A	2761260	43092338	C	A	-0.179133	0.1231		True	absent	
GRCh38:17:43074387:T:C	2765073	43074387	T	C	-0.187568	0.0806		True	absent	
GRCh38:17:43092793:T:G	2765149	43092793	T	G	-0.239174	0.0665		True	absent	
GRCh38:17:43071073:G:C	2765383	43071073	G	C	-0.0790112	0.1029		True	absent	
GRCh38:17:43094494:G:C	2768599	43094494	G	C	0.101647	0.1096		True	absent	
GRCh38:17:43094087:T:C	2768905	43094087	T	C	0.00488518	0.096		True	absent	
GRCh38:17:43071136:A:G	2768919	43071136	A	G	-0.0697346	0.1252		True	absent	
GRCh38:17:43074478:T:G	2771704	43074478	T	G	-0.196759	0.116		True	absent	
GRCh38:17:43071214:C:G	2771885	43071214	C	G	0.196666	0.2378		True	absent	
GRCh38:17:43091629:C:A	2771887	43091629	C	A	0.0906671	0.1253		True	absent	
GRCh38:17:43092382:C:T	2762917	43092382	C	T	-0.15794	0.1386		True	absent	
GRCh38:17:43092805:T:C	2763191	43092805	T	C	-0.278046	0.1048		True	absent	
GRCh38:17:43093102:T:C	2763194	43093102	T	C	-0.184281	0.1211		True	absent	
GRCh38:17:43071199:G:C	2764794	43071199	G	C	0.108636	0.1334		True	absent	
GRCh38:17:43094724:C:G	2764869	43094724	C	G	0.0336917	0.1095		True	absent	
GRCh38:17:43092232:C:T	2765028	43092232	C	T	-0.252019	0.0631		True	absent	
GRCh38:17:43094546:T:G	2762619	43094546	T	G	-0.1337	0.0896		True	absent	
GRCh38:17:43094813:G:C	2767859	43094813	G	C	0.169597	0.101		True	absent	exon 10 (5')
GRCh38:17:43076545:T:C	2771147	43076545	T	C	-0.0595591	0.0961		True	absent	
GRCh38:17:43093657:A:G	2772607	43093657	A	G	0.384516	0.0996		True	absent	
GRCh38:17:43045684:G:T	2774824	43045684	G	T	0.184891	0.0996		True	absent	
GRCh38:17:43071079:T:C	2774827	43071079	T	C	-0.143639	0.0705		True	absent	
GRCh38:17:43071134:G:T	2774830	43071134	G	T	0.0856432	0.0861		True	absent	
GRCh38:17:43074385:C:G	2774832	43074385	C	G	-0.119441	0.0946		True	absent	
GRCh38:17:43074444:T:C	2774834	43074444	T	C	-0.175992	0.0909		True	absent	
GRCh38:17:43076593:C:G	2774835	43076593	C	G	-0.234084	0.0955		True	absent	
GRCh38:17:43082534:C:G	2774838	43082534	C	G	-0.135306	0.2522		True	absent	exon 12 (5')
GRCh38:17:43082560:G:T	2774839	43082560	G	T	-0.0623702	0.0843		True	absent	exon 12 (5')
GRCh38:17:43091621:C:G	2774844	43091621	C	G	-0.0133424	0.1155		True	absent	
GRCh38:17:43091626:T:C	2774845	43091626	T	C	-0.196798	0.0802		True	absent	
GRCh38:17:43093190:C:T	2774852	43093190	C	T	-0.104306	0.1214		True	absent	
GRCh38:17:43093994:G:T	2774858	43093994	G	T	-0.111858	0.1195		True	absent	
GRCh38:17:43094167:T:C	2774860	43094167	T	C	-0.107772	0.0778		True	absent	
GRCh38:17:43094297:C:G	2774861	43094297	C	G	-0.0592954	0.1602		True	absent	exon 10 (mid 1)
GRCh38:17:43094414:T:C	2774862	43094414	T	C	-0.0605539	0.0981		True	absent	exon 10 (mid 1)
GRCh38:17:43094729:T:G	2774865	43094729	T	G	-0.0623495	0.1521		True	absent	
GRCh38:17:43093418:C:A	2777860	43093418	C	A	-0.26422	0.0768		True	absent	
GRCh38:17:43093434:C:G	2794473	43093434	C	G	-0.105132	0.1188		True	absent	
GRCh38:17:43094387:C:T	2794607	43094387	C	T	0.260304	0.3089		True	absent	exon 10 (mid 1)
GRCh38:17:43093412:C:T	2796224	43093412	C	T	-0.127743	0.0851		True	absent	
GRCh38:17:43094676:A:T	2799318	43094676	A	T	0.0397135	0.1633		True	absent	
GRCh38:17:43094206:C:T	2790182	43094206	C	T	-0.0443712	0.0944		True	absent	
GRCh38:17:43093309:G:T	2809079	43093309	G	T	-0.000386999	0.1238		True	absent	
GRCh38:17:43094126:C:A	2815548	43094126	C	A	-0.124645	0.0937		True	absent	
GRCh38:17:43093687:G:T	2811842	43093687	G	T	0.0467019	0.1187		True	absent	
GRCh38:17:43099833:T:G	2813694	43099833	T	G	0.271573	0.3896		True	absent	
GRCh38:17:43094138:A:G	2813703	43094138	A	G	0.52888	0.7669		True	absent	
GRCh38:17:43093983:A:C	2815522	43093983	A	C	0.280473	0.8047		True	absent	
GRCh38:17:43091991:G:T	2811475	43091991	G	T	-0.000803243	0.259		True	absent	
GRCh38:17:43092577:G:A	2813102	43092577	G	A	-0.140916	0.1032		True	absent	
GRCh38:17:43095882:T:C	2814785	43095882	T	C	0.0170501	0.078		True	absent	
GRCh38:17:43091458:T:A	2814991	43091458	T	A	0.00530514	0.1674		True	absent	exon 10 (3')
GRCh38:17:43092522:A:C	2811089	43092522	A	C	-0.249719	0.2476		True	absent	
GRCh38:17:43092016:T:G	2811183	43092016	T	G	0.118168	0.2452		True	absent	
GRCh38:17:43097282:A:T	2814468	43097282	A	T	0.22874	0.5651		True	absent	
GRCh38:17:43091810:A:G	2816063	43091810	A	G	-0.153362	0.0713		True	absent	
GRCh38:17:43094006:T:A	2816159	43094006	T	A	0.104202	0.1004		True	absent	
GRCh38:17:43071190:G:A	2816372	43071190	G	A	0.130256	0.1022		True	absent	
GRCh38:17:43093963:A:G	2819093	43093963	A	G	0.0327549	0.1348		True	absent	
GRCh38:17:43082521:G:C	2819115	43082521	G	C	-0.212215	0.2616		True	absent	exon 12 (5')
GRCh38:17:43092752:C:A	2820919	43092752	C	A	-0.260747	0.0986		True	absent	
GRCh38:17:43093768:C:A	2829259	43093768	C	A	0.0923355	0.1599		True	absent	
GRCh38:17:43082497:C:T	2820578	43082497	C	T	-0.082995	0.1825		True	absent	exon 12 (3');exon 12 (5')
GRCh38:17:43071038:T:C	2821947	43071038	T	C	-0.241064	0.0758		True	absent	
GRCh38:17:43092752:C:T	2823682	43092752	C	T	-0.266746	0.081		True	absent	
GRCh38:17:43094795:A:T	2823695	43094795	A	T	0.0608295	0.1033		True	absent	exon 10 (5')
GRCh38:17:43093664:G:A	2823744	43093664	G	A	0.147095	0.1495		True	absent	
GRCh38:17:43093501:C:A	2823978	43093501	C	A	-0.0458121	0.1194		True	absent	
GRCh38:17:43104183:C:G	2827380	43104183	C	G	0.311115	0.2		True	absent	exon 6
GRCh38:17:43092338:C:T	2828954	43092338	C	T	-0.31061	0.0856		True	absent	
GRCh38:17:43092307:T:C	2818206	43092307	T	C	-0.238556	0.1032		True	absent	
GRCh38:17:43094530:G:C	2825184	43094530	G	C	0.0441208	0.1258		True	absent	
GRCh38:17:43097253:G:C	2828564	43097253	G	C	-0.0433348	0.0876		True	absent	
GRCh38:17:43099874:T:C	2826401	43099874	T	C	0.0488269	0.0869		True	absent	
GRCh38:17:43092034:G:T	2832858	43092034	G	T	-0.196711	0.1458		True	absent	
GRCh38:17:43071131:A:C	2834642	43071131	A	C	-0.208909	0.0601		True	absent	
GRCh38:17:43092463:A:T	2841232	43092463	A	T	0.0323989	0.1477		True	absent	
GRCh38:17:43092220:T:C	2833962	43092220	T	C	-0.0609381	0.0789		True	absent	
GRCh38:17:43091971:C:A	2837646	43091971	C	A	-0.0428258	0.108		True	absent	
GRCh38:17:43092214:G:A	2839096	43092214	G	A	-0.28055	0.0879		True	absent	
GRCh38:17:43092107:C:T	2839250	43092107	C	T	-0.274091	0.0757		True	absent	
GRCh38:17:43091932:T:G	2839251	43091932	T	G	-0.0467611	0.0869		True	absent	
GRCh38:17:43082545:T:G	2842713	43082545	T	G	-0.087195	0.1323		True	absent	exon 12 (5')
GRCh38:17:43094441:G:C	2842763	43094441	G	C	-0.0264541	0.0833		True	absent	
GRCh38:17:43092889:T:C	2831991	43092889	T	C	-0.182836	0.0713		True	absent	exon 10 (mid 2)
GRCh38:17:43076489:T:A	2836927	43076489	T	A	0.0743088	0.1593		True	absent	
GRCh38:17:43094845:G:C	2837242	43094845	G	C	0.186676	0.1151		True	absent	exon 10 (5')
GRCh38:17:43115753:G:C	2838674	43115753	G	C	0.42685	0.5272		True	absent	
GRCh38:17:43091012:C:T	2836573	43091012	C	T	-0.027832	0.1073		True	absent	exon 11
GRCh38:17:43092644:T:A	2841675	43092644	T	A	-0.148321	0.1258		True	absent	
GRCh38:17:43093783:T:G	2843333	43093783	T	G	-0.0992465	0.1051		True	absent	
GRCh38:17:43095884:C:T	2851737	43095884	C	T	0.0823807	0.1378		True	absent	
GRCh38:17:43093748:C:G	2844348	43093748	C	G	-0.0247926	0.2089		True	absent	
GRCh38:17:43094531:G:A	2846163	43094531	G	A	-0.0807469	0.1037		True	absent	
GRCh38:17:43092037:A:G	2846188	43092037	A	G	0.147407	0.2338		True	absent	
GRCh38:17:43091552:G:T	2851139	43091552	G	T	0.000147639	0.0979		True	absent	
GRCh38:17:43092394:T:G	2846744	43092394	T	G	-0.0790842	0.1974		True	absent	
GRCh38:17:43094777:G:T	2858139	43094777	G	T	0.134356	0.226		True	absent	exon 10 (5')
GRCh38:17:43094015:T:C	2863355	43094015	T	C	0.507794	0.2469		True	absent	
GRCh38:17:43071085:G:A	2866332	43071085	G	A	-0.09939	0.108		True	absent	
GRCh38:17:43093791:G:C	2865540	43093791	G	C	-0.151231	0.5918		True	absent	
GRCh38:17:43070941:G:C	2865766	43070941	G	C	-0.0451901	0.1454		True	absent	
GRCh38:17:43092596:G:C	2859985	43092596	G	C	-0.294372	0.0886		True	absent	
GRCh38:17:43092317:G:T	2860134	43092317	G	T	-0.222548	0.0727		True	absent	
GRCh38:17:43091471:T:C	2861842	43091471	T	C	-0.23642	0.0664		True	absent	exon 10 (3')
GRCh38:17:43094390:T:G	2863619	43094390	T	G	0.266766	0.54		True	absent	exon 10 (mid 1)
GRCh38:17:43092446:T:C	2865390	43092446	T	C	-0.200713	0.1118		True	absent	
GRCh38:17:43094614:T:C	2866882	43094614	T	C	-0.0938336	0.0879		True	absent	
GRCh38:17:43091897:A:C	2871064	43091897	A	C	-0.0517472	0.089		True	absent	
GRCh38:17:43074510:G:A	2879621	43074510	G	A	-0.0906365	0.1296		True	absent	
GRCh38:17:43094638:T:C	2880991	43094638	T	C	-0.0225988	0.1504		True	absent	
GRCh38:17:43094031:A:T	2884072	43094031	A	T	-0.0691558	0.2715		True	absent	
GRCh38:17:43092743:G:T	2885713	43092743	G	T	-0.110775	0.0838		True	absent	
GRCh38:17:43093012:C:T	2894046	43093012	C	T	-0.3216	0.098		True	absent	exon 10 (mid 2)
GRCh38:17:43092236:G:C	2886229	43092236	G	C	-0.0353033	0.0804		True	absent	
GRCh38:17:43094055:T:C	2905781	43094055	T	C	-0.0718013	0.0752		True	absent	
GRCh38:17:43092655:C:T	2907521	43092655	C	T	-0.153786	0.1108		True	absent	
GRCh38:17:43091674:C:T	2900152	43091674	C	T	-0.110679	0.0931		True	absent	
GRCh38:17:43074430:C:G	2905316	43074430	C	G	0.00702859	0.1157		True	absent	
GRCh38:17:43093742:C:G	2906972	43093742	C	G	0.0431012	0.188		True	absent	
GRCh38:17:43092777:C:G	2901511	43092777	C	G	-0.297685	0.1796		True	absent	
GRCh38:17:43071154:G:A	2915509	43071154	G	A	-0.0153239	0.08		True	absent	
GRCh38:17:43082448:G:A	2915510	43082448	G	A	-0.249295	0.0991		True	absent	exon 12 (3')
GRCh38:17:43092079:T:A	2915512	43092079	T	A	0.110647	0.2436		True	absent	
GRCh38:17:43092322:G:T	2915513	43092322	G	T	-0.113834	0.1499		True	absent	
GRCh38:17:43094022:C:G	2914954	43094022	C	G	0.018613	0.6294		True	absent	
GRCh38:17:43045704:G:C	2954773	43045704	G	C	-0.0336021	0.0986		True	absent	
GRCh38:17:43071151:G:A	2957934	43071151	G	A	0.0641505	0.1102		True	absent	
GRCh38:17:43094005:G:A	2979394	43094005	G	A	0.106302	0.1021		True	absent	
GRCh38:17:43099846:A:C	2983224	43099846	A	C	0.238899	0.1059		True	absent	
GRCh38:17:43093685:A:G	2991774	43093685	A	G	0.118704	0.0988		True	absent	
GRCh38:17:43093622:T:A	2989136	43093622	T	A	-0.123143	0.1026		True	absent	
GRCh38:17:43076526:A:T	2992774	43076526	A	T	-0.270668	0.1649		True	absent	
GRCh38:17:43092226:T:A	2996243	43092226	T	A	-0.0697204	0.1231		True	absent	
GRCh38:17:43074426:T:G	3008299	43074426	T	G	-0.0647794	0.1115		True	absent	
GRCh38:17:43071055:G:A	3014818	43071055	G	A	-0.103126	0.1553		True	absent	
GRCh38:17:43091576:C:A	3072980	43091576	C	A	-0.169259	0.1015		True	absent	
GRCh38:17:43094597:C:A	3073045	43094597	C	A	0.363711	0.1196		True	absent	
GRCh38:17:43092122:T:A	3074567	43092122	T	A	-0.256766	0.1133		True	absent	
GRCh38:17:43094234:C:T	3074624	43094234	C	T	0.00699994	0.0996		True	absent	
GRCh38:17:43092110:G:C	3074857	43092110	G	C	-0.252401	0.0936		True	absent	
GRCh38:17:43074499:A:T	3069229	43074499	A	T	-0.150279	0.0829		True	absent	
GRCh38:17:43076572:T:C	3069230	43076572	T	C	-0.231736	0.0804		True	absent	
GRCh38:17:43092574:A:G	3069231	43092574	A	G	-0.244914	0.103		True	absent	
GRCh38:17:43093304:T:A	3069232	43093304	T	A	-0.255067	0.0967		True	absent	
GRCh38:17:43093411:C:A	3069233	43093411	C	A	-0.0693869	0.0915		True	absent	
GRCh38:17:43093655:C:G	3069234	43093655	C	G	0.0155258	0.1701		True	absent	
GRCh38:17:43093800:T:G	3069235	43093800	T	G	0.0250599	0.1345		True	absent	
GRCh38:17:43094268:T:G	3069236	43094268	T	G	-0.018795	0.0858		True	absent	
GRCh38:17:43094679:C:A	3069237	43094679	C	A	0.0569752	0.2566		True	absent	
GRCh38:17:43094767:T:C	3069238	43094767	T	C	0.13694	0.1097		True	absent	exon 10 (5')
GRCh38:17:43104156:C:G	3069240	43104156	C	G	0.16352	0.1721		True	absent	
GRCh38:17:43094776:C:A	3070606	43094776	C	A	0.130511	0.1104		True	absent	exon 10 (5')
GRCh38:17:43094782:T:C	3070942	43094782	T	C	0.198483	0.1002		True	absent	exon 10 (5')
GRCh38:17:43092208:A:G	3072354	43092208	A	G	-0.175119	0.1908		True	absent	
GRCh38:17:43092535:A:T	3072366	43092535	A	T	-0.260321	0.0754		True	absent	
GRCh38:17:43093938:C:T	3074124	43093938	C	T	-0.206729	0.1757		True	absent	
GRCh38:17:43091851:T:A	3074391	43091851	T	A	0.100708	0.279		True	absent	
GRCh38:17:43094047:T:C	3074420	43094047	T	C	0.0913672	0.1001		True	absent	
GRCh38:17:43094606:T:G	3071943	43094606	T	G	0.0791332	0.1504		True	absent	
GRCh38:17:43091845:A:G	3069954	43091845	A	G	0.111863	0.4001		True	absent	
GRCh38:17:43092526:T:C	3069955	43092526	T	C	-0.296958	0.0926		True	absent	
GRCh38:17:43092436:C:G	3070012	43092436	C	G	-0.0836	0.1186		True	absent	
GRCh38:17:43071160:G:A	3073181	43071160	G	A	-0.0368873	0.0838		True	absent	
GRCh38:17:43093763:T:G	3073236	43093763	T	G	0.0174789	0.4861		True	absent	
GRCh38:17:43071199:G:A	3073447	43071199	G	A	0.132075	0.2243		True	absent	
GRCh38:17:43093238:C:T	3075765	43093238	C	T	-0.0681807	0.107		True	absent	
GRCh38:17:43094452:C:T	3134927	43094452	C	T	-0.0532887	0.0937		True	absent	
GRCh38:17:43093022:C:T	3226119	43093022	C	T	-0.260944	0.0918		True	absent	
GRCh38:17:43092997:A:C	3226120	43092997	A	C	-0.0992071	0.0839		True	absent	exon 10 (mid 2)
GRCh38:17:43092532:T:A	3226127	43092532	T	A	-0.0273647	0.1532		True	absent	
GRCh38:17:43092488:C:T	3226128	43092488	C	T	-0.127827	0.1464		True	absent	
GRCh38:17:43092472:G:C	3226130	43092472	G	C	-0.153884	0.106		True	absent	
GRCh38:17:43104256:T:C	3226131	43104256	T	C	0.0446654	0.1057		True	absent	exon 6
GRCh38:17:43092367:C:A	3226135	43092367	C	A	0.0884155	0.1463		True	absent	
GRCh38:17:43092179:G:C	3226136	43092179	G	C	-0.063774	0.0729		True	absent	
GRCh38:17:43092064:T:C	3226137	43092064	T	C	-0.187416	0.0864		True	absent	
GRCh38:17:43091855:A:C	3226140	43091855	A	C	0.148361	0.4075		True	absent	
GRCh38:17:43091849:G:T	3226141	43091849	G	T	-0.0972116	0.085		True	absent	
GRCh38:17:43091723:A:C	3226145	43091723	A	C	-0.0940785	0.0843		True	absent	
GRCh38:17:43104180:A:T	3226146	43104180	A	T	0.192143	0.163		True	absent	exon 6
GRCh38:17:43091611:G:A	3226147	43091611	G	A	-0.0968937	0.1446		True	absent	
GRCh38:17:43082459:A:T	3226152	43082459	A	T	-0.375995	0.1988		True	absent	exon 12 (3')
GRCh38:17:43076607:T:G	3226154	43076607	T	G	-0.147952	0.1172		True	absent	
GRCh38:17:43076504:C:T	3226156	43076504	C	T	-0.0783441	0.1032		True	absent	
GRCh38:17:43074494:T:A	3226158	43074494	T	A	-0.142117	0.0879		True	absent	
GRCh38:17:43099850:T:C	3226163	43099850	T	C	-0.0302048	0.0783		True	absent	
GRCh38:17:43071034:G:C	3226168	43071034	G	C	-0.123983	0.108		True	absent	
GRCh38:17:43099808:G:T	3226171	43099808	G	T	0.211319	0.0867		True	absent	
GRCh38:17:43095854:G:C	3226176	43095854	G	C	0.0596661	0.1118		True	absent	
GRCh38:17:43094660:A:T	3226179	43094660	A	T	0.0368486	0.1105		True	absent	
GRCh38:17:43094574:G:T	3226181	43094574	G	T	0.0767734	0.2504		True	absent	
GRCh38:17:43094495:G:T	3226093	43094495	G	T	0.0138322	0.0749		True	absent	
GRCh38:17:43094494:G:A	3226094	43094494	G	A	0.00315585	0.0861		True	absent	
GRCh38:17:43094398:C:A	3226096	43094398	C	A	0.500416	0.724		True	absent	exon 10 (mid 1)
GRCh38:17:43094314:T:C	3226097	43094314	T	C	-0.106939	0.0805		True	absent	exon 10 (mid 1)
GRCh38:17:43094167:T:A	3226099	43094167	T	A	-0.000525191	0.1543		True	absent	
GRCh38:17:43094041:G:C	3226102	43094041	G	C	0.107399	0.1453		True	absent	
GRCh38:17:43094038:A:G	3226103	43094038	A	G	0.0833103	0.1		True	absent	
GRCh38:17:43093964:A:T	3226105	43093964	A	T	-0.0734043	0.1129		True	absent	
GRCh38:17:43093941:T:G	3226107	43093941	T	G	0.145192	0.1504		True	absent	
GRCh38:17:43093775:G:T	3226109	43093775	G	T	0.00611088	0.1185		True	absent	
GRCh38:17:43093476:A:T	3226111	43093476	A	T	-0.223179	0.1284		True	absent	
GRCh38:17:43093435:T:A	3226112	43093435	T	A	0.0228389	0.1461		True	absent	
GRCh38:17:43093100:G:A	3226115	43093100	G	A	-0.0348519	0.106		True	absent	
GRCh38:17:43093081:C:T	3226116	43093081	C	T	-0.197413	0.0981		True	absent	
GRCh38:17:43093059:A:C	3226117	43093059	A	C	-0.176866	0.1634		True	absent	
GRCh38:17:43095874:A:C	3240940	43095874	A	C	0.0632157	0.1307		True	absent	
GRCh38:17:43104872:C:G	3240941	43104872	C	G	-0.0456727	0.1249		True	absent	
GRCh38:17:43076542:A:C	3240942	43076542	A	C	-0.114121	0.1883		True	absent	
GRCh38:17:43099802:G:C	3240944	43099802	G	C	0.164926	0.0792		True	absent	
GRCh38:17:43094503:T:C	3261443	43094503	T	C	-0.152881	0.0821		True	absent	
GRCh38:17:43094636:C:T	3261446	43094636	C	T	0.040438	0.1096		True	absent	
GRCh38:17:43092513:A:C	3261448	43092513	A	C	-0.108729	0.1092		True	absent	
GRCh38:17:43099847:G:A	3261452	43099847	G	A	0.0733033	0.098		True	absent	
GRCh38:17:43093824:G:T	3261454	43093824	G	T	0.0127877	0.1597		True	absent	
GRCh38:17:43094657:G:T	3261457	43094657	G	T	-0.0569149	0.1052		True	absent	
GRCh38:17:43093912:T:G	3261461	43093912	T	G	0.0521788	0.124		True	absent	
GRCh38:17:43092535:A:G	3261462	43092535	A	G	-0.303943	0.0583		True	absent	
GRCh38:17:43092070:A:G	3261464	43092070	A	G	0.126591	0.3772		True	absent	
GRCh38:17:43094828:T:G	3261465	43094828	T	G	0.0663401	0.109		True	absent	exon 10 (5')
GRCh38:17:43094814:A:C	3261466	43094814	A	C	0.170667	0.1341		True	absent	exon 10 (5')
GRCh38:17:43093058:C:G	3261467	43093058	C	G	-0.130355	0.1378		True	absent	
GRCh38:17:43071036:A:C	3261469	43071036	A	C	-0.204526	0.1161		True	absent	
GRCh38:17:43104195:G:A	3261473	43104195	G	A	0.301666	0.2593		True	absent	exon 6
GRCh38:17:43091962:G:C	3261475	43091962	G	C	0.0384045	0.1223		True	absent	
GRCh38:17:43092860:A:C	3261477	43092860	A	C	-0.269308	0.0806		True	absent	
GRCh38:17:43093114:G:C	3261478	43093114	G	C	-0.205894	0.1384		True	absent	
GRCh38:17:43099779:T:G	3261479	43099779	T	G	0.172965	0.1936		True	absent	
GRCh38:17:43093355:G:A	3261482	43093355	G	A	-0.122035	0.0852		True	absent	
GRCh38:17:43094297:C:A	3261490	43094297	C	A	-0.0592923	0.1602		True	absent	exon 10 (mid 1)
GRCh38:17:43094825:T:C	3261494	43094825	T	C	0.112871	0.0705		True	absent	exon 10 (5')
GRCh38:17:43093069:T:C	3261496	43093069	T	C	-0.0748041	0.0916		True	absent	
GRCh38:17:43092149:G:C	3261497	43092149	G	C	0.00779363	0.0734		True	absent	
GRCh38:17:43092674:A:C	3261498	43092674	A	C	-0.0784422	0.102		True	absent	
GRCh38:17:43092341:T:G	3338012	43092341	T	G	0.12093	0.5434		True	absent	
GRCh38:17:43091488:C:T	3339194	43091488	C	T	-0.238908	0.0692		True	absent	exon 10 (3')
GRCh38:17:43092442:T:C	3339864	43092442	T	C	-0.187362	0.1045		True	absent	
GRCh38:17:43097274:T:A	3340072	43097274	T	A	0.28661	0.4945		True	absent	
GRCh38:17:43091780:A:T	3340195	43091780	A	T	-0.231962	0.1042		True	absent	
GRCh38:17:43099780:T:G	3340216	43099780	T	G	0.11898	0.2878		True	absent	
GRCh38:17:43094597:C:T	3340388	43094597	C	T	0.27625	0.0893		True	absent	
GRCh38:17:43093226:T:G	3361703	43093226	T	G	-0.230955	0.0922		True	absent	
GRCh38:17:43093617:T:A	3362166	43093617	T	A	-0.0221691	0.1633		True	absent	
GRCh38:17:43104145:T:C	3366033	43104145	T	C	0.000873407	0.0708		True	absent	
GRCh38:17:43082511:A:G	3367142	43082511	A	G	-0.08746	0.2854		True	absent	exon 12 (5')
GRCh38:17:43082485:A:T	3372696	43082485	A	T	-0.15605	0.0886		True	absent	exon 12 (3');exon 12 (5')
GRCh38:17:43092337:T:C	3373180	43092337	T	C	-0.372722	0.0661		True	absent	
GRCh38:17:43074379:C:A	3386156	43074379	C	A	-0.00210352	0.1424		True	absent	
GRCh38:17:43074384:T:A	3386157	43074384	T	A	-0.103848	0.1077		True	absent	
GRCh38:17:43074514:G:C	3386162	43074514	G	C	-0.123978	0.076		True	absent	
GRCh38:17:43090956:A:C	3386182	43090956	A	C	0.130975	0.2067		True	absent	exon 11
GRCh38:17:43092068:C:T	3386213	43092068	C	T	-0.172901	0.0911		True	absent	
GRCh38:17:43093093:C:T	3386216	43093093	C	T	-0.362035	0.0575		True	absent	
GRCh38:17:43093276:A:G	3386217	43093276	A	G	-0.186471	0.1418		True	absent	
GRCh38:17:43093589:C:G	3386219	43093589	C	G	0.296554	0.1696		True	absent	
GRCh38:17:43093707:C:A	3386220	43093707	C	A	-0.127229	0.2453		True	absent	
GRCh38:17:43094116:G:C	3386221	43094116	G	C	0.149736	0.157		True	absent	
GRCh38:17:43094491:A:C	3386223	43094491	A	C	0.207461	0.086		True	absent	
GRCh38:17:43094513:C:T	3386224	43094513	C	T	-0.117637	0.0913		True	absent	
GRCh38:17:43094528:T:C	3386225	43094528	T	C	-0.0490398	0.0753		True	absent	
GRCh38:17:43094791:T:A	3386226	43094791	T	A	0.0739429	0.1405		True	absent	exon 10 (5')
GRCh38:17:43091641:G:A	3391477	43091641	G	A	0.185773	0.2439		True	absent	
GRCh38:17:43094122:C:A	3481769	43094122	C	A	0.154407	0.1046		True	absent	
GRCh38:17:43092538:A:G	3481770	43092538	A	G	-0.115538	0.0811		True	absent	
GRCh38:17:43099853:A:C	3481789	43099853	A	C	0.153146	0.0956		True	absent	
GRCh38:17:43104131:A:T	3481791	43104131	A	T	-0.0045515	0.19		True	absent	
GRCh38:17:43099873:G:A	3481803	43099873	G	A	0.152255	0.2139		True	absent	
GRCh38:17:43092164:C:G	3481814	43092164	C	G	0.0605333	0.1872		True	absent	
GRCh38:17:43074436:A:G	3481817	43074436	A	G	0.0373444	0.0861		True	absent	
GRCh38:17:43092416:C:T	3481822	43092416	C	T	-0.222665	0.0733		True	absent	
GRCh38:17:43093562:G:C	3481823	43093562	G	C	0.0256853	0.0735		True	absent	
GRCh38:17:43094171:T:A	3481825	43094171	T	A	-0.0222379	0.0957		True	absent	
GRCh38:17:43071230:G:C	3481829	43071230	G	C	0.0760135	0.0997		True	absent	
GRCh38:17:43094000:C:A	3481830	43094000	C	A	-0.0625443	0.1		True	absent	
GRCh38:17:43092136:T:A	3481831	43092136	T	A	-0.0602303	0.1348		True	absent	
GRCh38:17:43074366:A:C	3481834	43074366	A	C	-0.102387	0.11		True	absent	
GRCh38:17:43093543:C:A	3481835	43093543	C	A	-0.127267	0.1287		True	absent	
GRCh38:17:43092930:C:G	3481836	43092930	C	G	-0.0274451	0.184		True	absent	exon 10 (mid 2)
GRCh38:17:43092119:C:G	3481838	43092119	C	G	-0.254936	0.1479		True	absent	
GRCh38:17:43094185:G:C	3481839	43094185	G	C	-0.0770277	0.0702		True	absent	
GRCh38:17:43092292:A:G	3481841	43092292	A	G	0.0536633	0.2527		True	absent	
GRCh38:17:43094797:T:C	3481842	43094797	T	C	0.222166	0.1487		True	absent	exon 10 (5')
GRCh38:17:43092318:T:A	3481843	43092318	T	A	-0.128988	0.1947		True	absent	
GRCh38:17:43082464:T:G	3481844	43082464	T	G	-0.434941	0.0834		True	absent	exon 12 (3')
GRCh38:17:43092256:T:A	3481846	43092256	T	A	-0.0198958	0.1731		True	absent	
GRCh38:17:43093354:A:C	3481847	43093354	A	C	0.051633	0.11		True	absent	
GRCh38:17:43094459:G:T	3481848	43094459	G	T	-0.138762	0.1022		True	absent	
GRCh38:17:43094411:T:A	3481849	43094411	T	A	0.16134	0.1525		True	absent	exon 10 (mid 1)
GRCh38:17:43074375:G:T	3481852	43074375	G	T	-0.0164693	0.0944		True	absent	
GRCh38:17:43092395:C:T	3481856	43092395	C	T	-0.00678596	0.1354		True	absent	
GRCh38:17:43090962:A:C	3481860	43090962	A	C	0.0691875	0.4947		True	absent	exon 11
GRCh38:17:43091630:T:G	3481861	43091630	T	G	0.0424745	0.2193		True	absent	
GRCh38:17:43091918:C:A	3481865	43091918	C	A	-0.242329	0.1827		True	absent	
GRCh38:17:43091465:G:C	3481869	43091465	G	C	-0.151365	0.0572		True	absent	exon 10 (3')
GRCh38:17:43099869:A:T	3481870	43099869	A	T	0.12794	0.2704		True	absent	
GRCh38:17:43092148:A:C	3481872	43092148	A	C	0.0777698	0.0941		True	absent	
GRCh38:17:43094756:C:T	3481876	43094756	C	T	0.393107	0.1472		True	absent	exon 10 (5')
GRCh38:17:43092591:T:C	3481877	43092591	T	C	-0.273137	0.0731		True	absent	
GRCh38:17:43092425:A:T	3481878	43092425	A	T	-0.251515	0.1001		True	absent	
GRCh38:17:43094498:C:G	3481883	43094498	C	G	0.0557608	0.1329		True	absent	
GRCh38:17:43094440:G:A	3481885	43094440	G	A	-0.0582342	0.0824		True	absent	
GRCh38:17:43092046:T:G	3481889	43092046	T	G	-0.126907	0.1124		True	absent	
GRCh38:17:43092149:G:T	3481892	43092149	G	T	-0.0870462	0.0953		True	absent	
GRCh38:17:43094381:C:G	3481896	43094381	C	G	0.219966	0.1922		True	absent	exon 10 (mid 1)
GRCh38:17:43093776:T:G	3481897	43093776	T	G	-0.0654266	0.1867		True	absent	
GRCh38:17:43093757:T:C	3481901	43093757	T	C	-0.06995	0.1093		True	absent	
GRCh38:17:43082458:C:G	3481905	43082458	C	G	-0.176998	0.134		True	absent	exon 12 (3')
GRCh38:17:43097253:G:A	3481906	43097253	G	A	0.053554	0.1637		True	absent	
GRCh38:17:43092874:G:A	3481909	43092874	G	A	-0.256782	0.1073		True	absent	
GRCh38:17:43074504:C:A	3582081	43074504	C	A	-0.161629	0.0775		True	absent	
GRCh38:17:43092011:A:C	3582084	43092011	A	C	0.0241094	0.1573		True	absent	
GRCh38:17:43104235:T:G	3572267	43104235	T	G	0.170061	0.1286		True	absent	exon 6
GRCh38:17:43091015:A:G	3572269	43091015	A	G	-0.0513193	0.1464		True	absent	exon 11
GRCh38:17:43082463:A:C	3572270	43082463	A	C	-0.264366	0.1152		True	absent	exon 12 (3')
GRCh38:17:43104177:C:G	3609377	43104177	C	G	0.458199	0.5231		True	absent	exon 6
GRCh38:17:43093111:G:A	3609042	43093111	G	A	0.00475073	0.1236		True	absent	
GRCh38:17:43091441:T:C	3609221	43091441	T	C	-0.225863	0.0748		True	absent	exon 10 (3')
GRCh38:17:43092976:A:C	3623617	43092976	A	C	0.177898	0.2438		True	absent	exon 10 (mid 2)
GRCh38:17:43092100:T:C	3625785	43092100	T	C	0.0391455	0.0913		True	absent	
GRCh38:17:43092566:A:G	3629694	43092566	A	G	-0.276693	0.2619		True	absent	
GRCh38:17:43071128:A:T	3634633	43071128	A	T	0.00844658	0.089		True	absent	
GRCh38:17:43071163:G:T	3634634	43071163	G	T	0.0577633	0.1266		True	absent	
GRCh38:17:43071191:G:A	3634635	43071191	G	A	0.0474829	0.1255		True	absent	
GRCh38:17:43071208:C:A	3634636	43071208	C	A	0.155668	0.2441		True	absent	
GRCh38:17:43074502:G:T	3634637	43074502	G	T	-0.0314756	0.0733		True	absent	
GRCh38:17:43076573:G:T	3634638	43076573	G	T	-0.140895	0.0756		True	absent	
GRCh38:17:43082409:T:G	3634639	43082409	T	G	-0.267204	0.149		True	absent	exon 12 (3')
GRCh38:17:43082416:T:C	3634640	43082416	T	C	-0.232119	0.078		True	absent	exon 12 (3')
GRCh38:17:43082460:C:T	3634641	43082460	C	T	-0.368082	0.1238		True	absent	exon 12 (3')
GRCh38:17:43090993:G:A	3634642	43090993	G	A	0.0503598	0.1316		True	absent	exon 11
GRCh38:17:43091667:T:A	3634643	43091667	T	A	-0.186407	0.1027		True	absent	
GRCh38:17:43091792:C:G	3634644	43091792	C	G	-0.158823	0.1287		True	absent	
GRCh38:17:43091804:T:C	3634645	43091804	T	C	-0.128178	0.0926		True	absent	
GRCh38:17:43091914:G:T	3634646	43091914	G	T	-0.0370553	0.1838		True	absent	
GRCh38:17:43091933:G:C	3634647	43091933	G	C	-0.0937738	0.0741		True	absent	
GRCh38:17:43091966:T:C	3634648	43091966	T	C	-0.0518721	0.1136		True	absent	
GRCh38:17:43092051:C:A	3634650	43092051	C	A	-0.190539	0.2293		True	absent	
GRCh38:17:43092121:A:T	3634651	43092121	A	T	-0.158159	0.1073		True	absent	
GRCh38:17:43092224:A:C	3634652	43092224	A	C	-0.0682125	0.0871		True	absent	
GRCh38:17:43092236:G:T	3634653	43092236	G	T	-0.00260884	0.0835		True	absent	
GRCh38:17:43092326:G:C	3634654	43092326	G	C	-0.062995	0.0758		True	absent	
GRCh38:17:43092328:A:C	3634655	43092328	A	C	-0.107384	0.2046		True	absent	
GRCh38:17:43092355:T:G	3634656	43092355	T	G	-0.0231554	0.1922		True	absent	
GRCh38:17:43092435:T:A	3634657	43092435	T	A	-0.0696124	0.2678		True	absent	
GRCh38:17:43092457:G:C	3634658	43092457	G	C	0.00516863	0.1075		True	absent	
GRCh38:17:43092629:G:T	3634659	43092629	G	T	-0.364116	0.0643		True	absent	
GRCh38:17:43092664:G:T	3634660	43092664	G	T	-0.0129847	0.1236		True	absent	
GRCh38:17:43092697:C:T	3634661	43092697	C	T	-0.226091	0.0984		True	absent	
GRCh38:17:43092737:C:G	3634662	43092737	C	G	-0.259454	0.1339		True	absent	
GRCh38:17:43092754:G:A	3634663	43092754	G	A	-0.114199	0.1518		True	absent	
GRCh38:17:43092838:T:G	3634664	43092838	T	G	-0.0267124	0.1041		True	absent	
GRCh38:17:43092872:C:T	3634665	43092872	C	T	-0.13624	0.0817		True	absent	
GRCh38:17:43092890:C:T	3634666	43092890	C	T	-0.195793	0.0731		True	absent	exon 10 (mid 2)
GRCh38:17:43093027:T:A	3634667	43093027	T	A	-0.303734	0.0807		True	absent	
GRCh38:17:43093033:A:G	3634668	43093033	A	G	0.0801016	0.1008		True	absent	
GRCh38:17:43093056:G:T	3634669	43093056	G	T	-0.146486	0.1586		True	absent	
GRCh38:17:43093169:C:G	3634670	43093169	C	G	-0.208067	0.1716		True	absent	
GRCh38:17:43093243:G:A	3634671	43093243	G	A	0.00375443	0.1387		True	absent	
GRCh38:17:43093249:T:A	3634672	43093249	T	A	-0.101035	0.1669		True	absent	
GRCh38:17:43093357:C:T	3634673	43093357	C	T	-0.233955	0.0989		True	absent	
GRCh38:17:43093475:C:G	3634674	43093475	C	G	-0.0382174	0.112		True	absent	
GRCh38:17:43093490:T:G	3634675	43093490	T	G	-0.131807	0.1996		True	absent	
GRCh38:17:43093525:A:C	3634676	43093525	A	C	-0.102221	0.1071		True	absent	
GRCh38:17:43093545:G:C	3634677	43093545	G	C	-0.0618617	0.1542		True	absent	
GRCh38:17:43093560:T:G	3634678	43093560	T	G	-0.0251487	0.1748		True	absent	
GRCh38:17:43093574:T:C	3634679	43093574	T	C	-0.180972	0.0724		True	absent	
GRCh38:17:43093591:C:T	3634680	43093591	C	T	0.0595892	0.1171		True	absent	
GRCh38:17:43093593:G:C	3634681	43093593	G	C	0.437831	0.6202		True	absent	
GRCh38:17:43093715:G:C	3634683	43093715	G	C	-0.114479	0.0867		True	absent	
GRCh38:17:43093720:T:C	3634684	43093720	T	C	0.01202	0.0873		True	absent	
GRCh38:17:43093795:G:C	3634685	43093795	G	C	-0.0474206	0.1314		True	absent	
GRCh38:17:43093811:G:T	3634686	43093811	G	T	0.0487026	0.0796		True	absent	
GRCh38:17:43093897:A:T	3634687	43093897	A	T	0.278571	0.1262		True	absent	
GRCh38:17:43093913:C:G	3634688	43093913	C	G	0.16764	0.1163		True	absent	
GRCh38:17:43093965:A:T	3634689	43093965	A	T	0.226347	0.3003		True	absent	
GRCh38:17:43094058:C:G	3634690	43094058	C	G	0.0200831	0.1322		True	absent	
GRCh38:17:43094171:T:C	3634691	43094171	T	C	-0.0819491	0.072		True	absent	
GRCh38:17:43094185:G:A	3634692	43094185	G	A	0.0154332	0.1384		True	absent	
GRCh38:17:43094200:C:G	3634693	43094200	C	G	-0.05405	0.0848		True	absent	
GRCh38:17:43094201:T:G	3634694	43094201	T	G	-0.0923102	0.1814		True	absent	
GRCh38:17:43094217:C:G	3634695	43094217	C	G	-0.149871	0.0705		True	absent	
GRCh38:17:43094247:T:A	3634696	43094247	T	A	0.0128907	0.2454		True	absent	
GRCh38:17:43094275:A:G	3634697	43094275	A	G	0.0315663	0.1004		True	absent	
GRCh38:17:43094435:C:A	3634699	43094435	C	A	0.142022	0.0993		True	absent	
GRCh38:17:43094668:C:A	3634700	43094668	C	A	0.137292	0.1918		True	absent	
GRCh38:17:43094678:G:A	3634701	43094678	G	A	-0.0171827	0.1033		True	absent	
GRCh38:17:43094705:T:A	3634702	43094705	T	A	0.0947651	0.1675		True	absent	
GRCh38:17:43094737:G:A	3634703	43094737	G	A	0.118587	0.1659		True	absent	
GRCh38:17:43094781:C:A	3634704	43094781	C	A	0.155896	0.2066		True	absent	exon 10 (5')
GRCh38:17:43095875:T:G	3634705	43095875	T	G	0.0466841	0.0902		True	absent	
GRCh38:17:43099804:G:C	3634707	43099804	G	C	0.19006	0.1153		True	absent	
GRCh38:17:43099805:G:A	3634708	43099805	G	A	0.0656546	0.1053		True	absent	
GRCh38:17:43104140:T:A	3634709	43104140	T	A	0.108102	0.1258		True	absent	
GRCh38:17:43104243:A:G	3634710	43104243	A	G	0.425871	0.2795		True	absent	exon 6
GRCh38:17:43104250:A:C	3634711	43104250	A	C	0.218263	0.1775		True	absent	exon 6
GRCh38:17:43115753:G:A	3634712	43115753	G	A	0.465633	0.854		True	absent	
GRCh38:17:43094321:C:G	3632472	43094321	C	G	0.109805	0.1099		True	absent	exon 10 (mid 1)
GRCh38:17:43092673:C:G	3631835	43092673	C	G	-0.0489958	0.1396		True	absent	
GRCh38:17:43092034:G:A	3668413	43092034	G	A	-0.163365	0.1094		True	absent	
GRCh38:17:43093893:C:G	3680144	43093893	C	G	0.00910933	0.2824		True	absent	
GRCh38:17:43091461:T:C	3684896	43091461	T	C	-0.0959119	0.108		True	absent	exon 10 (3')
GRCh38:17:43094239:A:G	3684905	43094239	A	G	0.0833632	0.1415		True	absent	
GRCh38:17:43092823:C:A	3674708	43092823	C	A	-0.10163	0.1125		True	absent	
GRCh38:17:43092946:T:G	3676555	43092946	T	G	0.0539583	0.1258		True	absent	exon 10 (mid 2)
GRCh38:17:43104141:T:C	3679250	43104141	T	C	0.24064	0.1181		True	absent	
GRCh38:17:43093352:G:A	3684498	43093352	G	A	-0.226601	0.0928		True	absent	
GRCh38:17:43094791:T:C	3680685	43094791	T	C	0.0016727	0.0984		True	absent	exon 10 (5')
GRCh38:17:43092871:G:A	3680717	43092871	G	A	-0.0290755	0.1087		True	absent	
GRCh38:17:43093246:C:A	3685463	43093246	C	A	-0.00320029	0.1078		True	absent	
GRCh38:17:43091956:G:C	3691954	43091956	G	C	0.130224	0.1355		True	absent	
GRCh38:17:43094627:C:A	3692085	43094627	C	A	0.0964012	0.1382		True	absent	
GRCh38:17:43093332:C:A	3693705	43093332	C	A	-0.0575363	0.1447		True	absent	
GRCh38:17:43094278:T:C	3687759	43094278	T	C	0.0643994	0.1083		True	absent	
GRCh38:17:43093839:A:T	3690548	43093839	A	T	-0.131948	0.0984		True	absent	
GRCh38:17:43074385:C:T	3690681	43074385	C	T	-0.16479	0.0563		True	absent	
GRCh38:17:43092565:A:G	3697525	43092565	A	G	-0.350773	0.0571		True	absent	
GRCh38:17:43091836:C:T	3699398	43091836	C	T	0.049272	0.2942		True	absent	
GRCh38:17:43045703:G:T	3701665	43045703	G	T	0.0625441	0.1148		True	absent	
GRCh38:17:43091904:T:A	3706405	43091904	T	A	-0.0530149	0.1802		True	absent	
GRCh38:17:43092082:G:C	3704478	43092082	G	C	0.413998	0.513		True	absent	
GRCh38:17:43082574:T:A	3727132	43082574	T	A	0.215468	0.5712		True	absent	exon 12 (5')
GRCh38:17:43093477:T:C	3768012	43093477	T	C	-0.218443	0.0708		True	absent	
GRCh38:17:43074477:A:T	3768868	43074477	A	T	-0.0530538	0.0919		True	absent	
GRCh38:17:43094476:T:C	3772201	43094476	T	C	0.0106631	0.092		True	absent	
GRCh38:17:43092737:C:T	3777288	43092737	C	T	-0.241458	0.088		True	absent	
GRCh38:17:43094013:C:G	3778913	43094013	C	G	0.428891	0.5506		True	absent	
GRCh38:17:43091936:C:T	3778916	43091936	C	T	-0.255723	0.0952		True	absent	
GRCh38:17:43091809:G:A	3778917	43091809	G	A	-0.0812037	0.1316		True	absent	
GRCh38:17:43094716:T:C	3778921	43094716	T	C	0.133682	0.2521		True	absent	
GRCh38:17:43093723:G:A	3779405	43093723	G	A	0.0252176	0.1155		True	absent	
GRCh38:17:43090988:C:A	3779407	43090988	C	A	0.1424	0.1212		True	absent	exon 11
GRCh38:17:43094675:C:T	3779411	43094675	C	T	0.0908029	0.0857		True	absent	
GRCh38:17:43093097:T:G	3825259	43093097	T	G	-0.0914399	0.1201		True	absent	
GRCh38:17:43092271:C:T	3825265	43092271	C	T	-0.140141	0.1344		True	absent	
GRCh38:17:43094233:G:T	3825269	43094233	G	T	0.159604	0.1961		True	absent	
GRCh38:17:43091592:C:A	3825272	43091592	C	A	0.0414249	0.2095		True	absent	
GRCh38:17:43099868:G:A	3825275	43099868	G	A	0.126968	0.0833		True	absent	
GRCh38:17:43104240:G:T	3825278	43104240	G	T	0.145917	0.1765		True	absent	exon 6
GRCh38:17:43094507:G:C	3825279	43094507	G	C	-0.0547626	0.072		True	absent	
GRCh38:17:43091968:C:T	3825282	43091968	C	T	-0.0107691	0.1056		True	absent	
GRCh38:17:43095920:A:G	3825284	43095920	A	G	0.181444	0.1283		True	absent	
GRCh38:17:43093807:T:G	3825285	43093807	T	G	-0.0228669	0.1282		True	absent	
GRCh38:17:43076497:C:G	3825286	43076497	C	G	-0.197235	0.0886		True	absent	
GRCh38:17:43091002:G:A	3825290	43091002	G	A	0.0799603	0.1794		True	absent	exon 11
GRCh38:17:43093936:A:G	3825295	43093936	A	G	-0.032119	0.161		True	absent	
GRCh38:17:43092054:T:C	3825296	43092054	T	C	-0.186969	0.0731		True	absent	
GRCh38:17:43071064:G:C	3825298	43071064	G	C	-0.171377	0.1115		True	absent	
GRCh38:17:43094572:C:T	3825300	43094572	C	T	0.280558	0.1416		True	absent	
GRCh38:17:43091846:A:C	3825302	43091846	A	C	0.0432576	0.1048		True	absent	
GRCh38:17:43092543:T:G	3825305	43092543	T	G	-0.220179	0.1373		True	absent	
GRCh38:17:43092240:A:C	3825306	43092240	A	C	-0.109463	0.2966		True	absent	
GRCh38:17:43093138:G:T	3825307	43093138	G	T	-0.101358	0.1042		True	absent	
GRCh38:17:43093552:A:C	3825310	43093552	A	C	-0.00563852	0.1416		True	absent	
GRCh38:17:43093975:T:G	3825311	43093975	T	G	0.235078	0.4509		True	absent	
GRCh38:17:43093949:T:C	3825314	43093949	T	C	0.0453351	0.1234		True	absent	
GRCh38:17:43093954:T:C	3825321	43093954	T	C	0.00745928	0.1018		True	absent	
GRCh38:17:43092589:G:A	3825322	43092589	G	A	-0.145766	0.0874		True	absent	
GRCh38:17:43094151:T:C	3893787	43094151	T	C	0.241757	0.4712		True	absent	
GRCh38:17:43094819:G:A	3894076	43094819	G	A	0.0772069	0.0798		True	absent	exon 10 (5')
GRCh38:17:43094818:T:A	3894301	43094818	T	A	0.117936	0.0949		True	absent	exon 10 (5')
GRCh38:17:43092887:A:C	3894302	43092887	A	C	0.0116095	0.0833		True	absent	exon 10 (mid 2)
GRCh38:17:43097278:A:G	3894329	43097278	A	G	0.377272	0.608		True	absent	
GRCh38:17:43093082:C:G	3894514	43093082	C	G	-0.0719749	0.1488		True	absent	
GRCh38:17:43092202:T:A	3905683	43092202	T	A	-0.245939	0.1168		True	absent	
GRCh38:17:43104158:T:G	3992566	43104158	T	G	0.0888585	0.4679		True	absent	exon 6
GRCh38:17:43092085:G:A	3992568	43092085	G	A	0.265066	0.5259		True	absent	
GRCh38:17:43093564:T:G	3992582	43093564	T	G	-0.180405	0.096		True	absent	
GRCh38:17:43071110:C:T	3992587	43071110	C	T	-0.124556	0.0832		True	absent	
GRCh38:17:43093021:A:G	3992590	43093021	A	G	-0.203666	0.1301		True	absent	
GRCh38:17:43093879:C:A	3992591	43093879	C	A	0.112346	0.097		True	absent	
GRCh38:17:43091603:T:A	3992594	43091603	T	A	-0.068592	0.1153		True	absent	
GRCh38:17:43093086:A:C	3992595	43093086	A	C	-0.185254	0.0891		True	absent	
GRCh38:17:43093718:C:T	3992597	43093718	C	T	-0.0283891	0.0855		True	absent	
GRCh38:17:43092613:A:G	3992599	43092613	A	G	-0.0381946	0.1359		True	absent	
GRCh38:17:43094749:T:C	3992600	43094749	T	C	0.119808	0.1282		True	absent	exon 10 (5')
GRCh38:17:43094644:C:T	3992602	43094644	C	T	0.00119583	0.1105		True	absent	
GRCh38:17:43092157:G:A	3992603	43092157	G	A	0.0223531	0.1285		True	absent	
GRCh38:17:43074508:T:C	3992608	43074508	T	C	-0.0583717	0.0915		True	absent	
GRCh38:17:43092920:G:C	3992609	43092920	G	C	-0.235978	0.0765		True	absent	exon 10 (mid 2)
GRCh38:17:43092448:C:G	3992613	43092448	C	G	-0.22746	0.1564		True	absent	
GRCh38:17:43092001:A:T	3992615	43092001	A	T	0.0744126	0.3144		True	absent	
GRCh38:17:43094347:G:C	3992617	43094347	G	C	0.130208	0.089		True	absent	exon 10 (mid 1)
GRCh38:17:43092832:G:A	3992619	43092832	G	A	-0.157817	0.1147		True	absent	
GRCh38:17:43091942:G:C	3992620	43091942	G	C	-0.270695	0.1121		True	absent	
GRCh38:17:43094306:C:A	3992621	43094306	C	A	0.0723971	0.2129		True	absent	exon 10 (mid 1)
GRCh38:17:43094675:C:G	3992624	43094675	C	G	0.0666771	0.1274		True	absent	
GRCh38:17:43092506:A:C	3992626	43092506	A	C	-0.163529	0.0944		True	absent	
GRCh38:17:43071087:T:G	3992631	43071087	T	G	-0.0924821	0.1167		True	absent	
GRCh38:17:43094639:T:A	3992634	43094639	T	A	0.115735	0.2299		True	absent	
GRCh38:17:43092299:G:T	3992637	43092299	G	T	-0.0154398	0.1074		True	absent	
GRCh38:17:43092619:T:G	3992638	43092619	T	G	-0.180582	0.0795		True	absent	
GRCh38:17:43093659:T:G	3992640	43093659	T	G	0.0534553	0.1781		True	absent	
GRCh38:17:43045754:A:C	4056205	43045754	A	C	0.407517	0.8499		True	absent	
GRCh38:17:43092556:G:C	4078123	43092556	G	C	-0.14853	0.0916		True	absent	
GRCh38:17:43093369:A:G	4086643	43093369	A	G	-0.214405	0.0887		True	absent	
GRCh38:17:43092067:T:C	4215068	43092067	T	C	-0.0325684	0.0925		True	absent	
GRCh38:17:43093816:T:C	4215069	43093816	T	C	0.187488	0.1056		True	absent	
GRCh38:17:43074520:A:G	4215075	43074520	A	G	-0.0528909	0.0846		True	absent	
GRCh38:17:43094851:T:A	4215077	43094851	T	A	0.176823	0.1326		True	absent	exon 10 (5')
GRCh38:17:43071037:T:C	4215078	43071037	T	C	-0.22677	0.0713		True	absent	
GRCh38:17:43091020:G:A	4215079	43091020	G	A	0.00988464	0.1036		True	absent	exon 11
GRCh38:17:43076551:G:A	4215080	43076551	G	A	-0.130766	0.1427		True	absent	
GRCh38:17:43094260:C:A	4215081	43094260	C	A	0.0415094	0.0908		True	absent	
GRCh38:17:43093957:A:C	4215083	43093957	A	C	0.217709	0.2341		True	absent	
GRCh38:17:43099816:T:C	4215087	43099816	T	C	0.032415	0.1018		True	absent	
GRCh38:17:43093439:G:A	4215088	43093439	G	A	-0.0621395	0.1056		True	absent	
GRCh38:17:43076543:A:G	4215092	43076543	A	G	-0.135465	0.6548		True	absent	
GRCh38:17:43094109:T:G	4215093	43094109	T	G	0.0463399	0.0863		True	absent	
GRCh38:17:43094814:A:T	4215095	43094814	A	T	0.170673	0.1341		True	absent	exon 10 (5')
GRCh38:17:43094539:C:T	4215098	43094539	C	T	-0.046123	0.1022		True	absent	
GRCh38:17:43091471:T:G	4215099	43091471	T	G	-0.155668	0.1418		True	absent	exon 10 (3')
GRCh38:17:43104253:T:C	4215102	43104253	T	C	0.089454	0.0782		True	absent	exon 6
GRCh38:17:43071116:A:T	4215107	43071116	A	T	-0.109437	0.1009		True	absent	
GRCh38:17:43094288:C:G	4215108	43094288	C	G	0.0467611	0.1778		True	absent	
GRCh38:17:43094661:T:A	4215110	43094661	T	A	0.0549586	0.1154		True	absent	
GRCh38:17:43093066:T:A	4215114	43093066	T	A	-0.302282	0.0826		True	absent	
GRCh38:17:43093297:T:G	4215116	43093297	T	G	-0.26449	0.1022		True	absent	
GRCh38:17:43092058:T:A	4215121	43092058	T	A	0.0294481	0.1425		True	absent	
GRCh38:17:43092394:T:A	4215131	43092394	T	A	0.00272644	0.2453		True	absent	
GRCh38:17:43104162:G:A	4215057	43104162	G	A	0.103305	0.1616		True	absent	exon 6
GRCh38:17:43071206:G:C	4215059	43071206	G	C	0.105602	0.1231		True	absent	
GRCh38:17:43104871:C:G	4279061	43104871	C	G	-0.0720683	0.0696		True	absent	
GRCh38:17:43093542:G:T	4527077	43093542	G	T	-0.0939339	0.2287		True	absent	
GRCh38:17:43092296:T:C	4529920	43092296	T	C	-0.234339	0.0897		True	absent	
GRCh38:17:43092979:T:A	4533102	43092979	T	A	0.177801	0.2679		True	absent	exon 10 (mid 2)
GRCh38:17:43092626:T:G	4533103	43092626	T	G	-0.165914	0.0883		True	absent	
GRCh38:17:43104241:C:G	4533104	43104241	C	G	0.170456	0.0989		True	absent	exon 6
GRCh38:17:43091623:A:G	4533106	43091623	A	G	-0.207609	0.0858		True	absent	
GRCh38:17:43074364:T:C	4533109	43074364	T	C	-0.0293599	0.08		True	absent	
GRCh38:17:43071182:C:T	4533110	43071182	C	T	-0.15036	0.0912		True	absent	
GRCh38:17:43091489:C:G	4537129	43091489	C	G	-0.0332374	0.1464		True	absent	exon 10 (3')
GRCh38:17:43093541:T:C	4623852	43093541	T	C	0.0886057	0.1427		True	absent	
GRCh38:17:43094734:A:G	4623860	43094734	A	G	0.0468989	0.2078		True	absent	
GRCh38:17:43092991:A:G	4624734	43092991	A	G	-0.0213629	0.1399		True	absent	exon 10 (mid 2)
GRCh38:17:43099848:G:T	4625227	43099848	G	T	0.094386	0.215		True	absent	
GRCh38:17:43076494:A:T	4625255	43076494	A	T	-0.210083	0.1035		True	absent	
GRCh38:17:43094365:C:T	4625266	43094365	C	T	0.0267518	0.1776		True	absent	exon 10 (mid 1)
GRCh38:17:43091786:T:A	4625310	43091786	T	A	-0.148302	0.1167		True	absent	
GRCh38:17:43092726:T:G	4625331	43092726	T	G	-0.157381	0.1607		True	absent	
GRCh38:17:43074483:C:G	4625349	43074483	C	G	-0.0256892	0.1667		True	absent	
GRCh38:17:43092739:A:T	4625363	43092739	A	T	-0.140805	0.1402		True	absent	
GRCh38:17:43092161:A:C	4625431	43092161	A	C	-0.0543691	0.0815		True	absent	
GRCh38:17:43076542:A:T	4625434	43076542	A	T	-0.183565	0.1017		True	absent	
GRCh38:17:43091698:T:C	4625448	43091698	T	C	0.0151812	0.0983		True	absent	
GRCh38:17:43093890:A:T	4625458	43093890	A	T	0.0594962	0.2507		True	absent	
GRCh38:17:43082422:G:C	4625516	43082422	G	C	-0.221219	0.0739		True	absent	exon 12 (3')
GRCh38:17:43092986:C:T	4625581	43092986	C	T	-0.0168848	0.193		True	absent	exon 10 (mid 2)
GRCh38:17:43091813:G:C	4624937	43091813	G	C	-0.197035	0.0729		True	absent	
GRCh38:17:43076557:A:G	4625110	43076557	A	G	0.11755	0.146		True	absent	
GRCh38:17:43092616:C:A	4625118	43092616	C	A	-0.0615114	0.105		True	absent	
GRCh38:17:43093039:T:A	4625148	43093039	T	A	-0.278958	0.1182		True	absent	
GRCh38:17:43094443:T:A	4625164	43094443	T	A	-0.0884089	0.0923		True	absent	
GRCh38:17:43091901:C:G	4625201	43091901	C	G	-0.0401414	0.141		True	absent	
GRCh38:17:43092960:C:G	4625659	43092960	C	G	0.0850196	0.3279		True	absent	exon 10 (mid 2)
GRCh38:17:43104133:T:A	4625730	43104133	T	A	0.176399	0.1269		True	absent	
GRCh38:17:43082533:C:T	4686566	43082533	C	T	-0.122511	0.197		True	absent	exon 12 (5')
GRCh38:17:43094428:T:C	4686574	43094428	T	C	-0.0534774	0.0799		True	absent	exon 10 (mid 1)
GRCh38:17:43092332:T:C	4687778	43092332	T	C	-0.196194	0.1864		True	absent	
GRCh38:17:43091866:T:C	4689389	43091866	T	C	-0.0348319	0.1306		True	absent	
GRCh38:17:43092554:T:C	4704366	43092554	T	C	-0.290521	0.0722		True	absent	
GRCh38:17:43093415:G:C	4698001	43093415	G	C	-0.224385	0.066		True	absent	
GRCh38:17:43074516:G:A	4693455	43074516	G	A	0.102326	0.0985		True	absent	
GRCh38:17:43093519:C:T	4706057	43093519	C	T	-0.262657	0.0624		True	absent	
GRCh38:17:43104123:A:G	4725926	43104123	A	G	0.221775	0.134		True	absent	
GRCh38:17:43092851:T:G	4739110	43092851	T	G	-0.110709	0.1224		True	absent	
GRCh38:17:43076548:T:A	4756458	43076548	T	A	0.0104423	0.1921		True	absent	
GRCh38:17:43091986:T:C	4756459	43091986	T	C	-0.112286	0.0869		True	absent	
GRCh38:17:43094284:A:G	4756462	43094284	A	G	-0.0628497	0.0466		True	absent	
GRCh38:17:43094656:A:G	4756463	43094656	A	G	0.0622469	0.1264		True	absent	
GRCh38:17:43093555:G:T	4756619	43093555	G	T	-0.0553164	0.1635		True	absent	
GRCh38:17:43094855:A:G	4756970	43094855	A	G	0.304245	0.164		True	absent	exon 10 (5')
GRCh38:17:43076489:T:C	4757047	43076489	T	C	0.0371257	0.0942		True	absent	
GRCh38:17:43092776:G:C	4757048	43092776	G	C	-0.230741	0.072		True	absent	
GRCh38:17:43094371:G:A	4757054	43094371	G	A	0.172839	0.2115		True	absent	exon 10 (mid 1)
GRCh38:17:43106499:C:A	4757058	43106499	C	A	0.176187	0.8139		True	absent	
GRCh38:17:43094419:G:A	4757624	43094419	G	A	0.15601	0.1437		True	absent	exon 10 (mid 1)
GRCh38:17:43099796:T:C	4757887	43099796	T	C	0.145425	0.0922		True	absent	
GRCh38:17:43093725:A:C	4758076	43093725	A	C	-0.15377	0.2179		True	absent	
GRCh38:17:43092441:G:T	4758651	43092441	G	T	-0.206296	0.2528		True	absent	
GRCh38:17:43093315:T:C	4763100	43093315	T	C	-0.254092	0.083		True	absent	
GRCh38:17:43074503:G:C	4760866	43074503	G	C	-0.0485561	0.1485		True	absent	
GRCh38:17:43092895:T:C	4761225	43092895	T	C	-0.191	0.0816		True	absent	exon 10 (mid 2)
GRCh38:17:43095912:G:C	4765772	43095912	G	C	-0.00542085	0.065		True	absent	
GRCh38:17:43093417:G:C	4765233	43093417	G	C	-0.200665	0.1046		True	absent	
GRCh38:17:43091444:A:T	4799562	43091444	A	T	-0.0328799	0.1085		True	absent	exon 10 (3')
GRCh38:17:43092673:C:A	4799584	43092673	C	A	-0.0395075	0.1034		True	absent	
GRCh38:17:43071209:T:A	4808452	43071209	T	A	0.0867884	0.1008		True	absent	
GRCh38:17:43071095:C:T	4800824	43071095	C	T	-0.0725158	0.1075		True	absent	
GRCh38:17:43071196:T:C	4800825	43071196	T	C	0.0326366	0.0897		True	absent	
GRCh38:17:43071209:T:C	4800826	43071209	T	C	0.0643932	0.1462		True	absent	
GRCh38:17:43074345:G:A	4800827	43074345	G	A	0.109821	0.1262		True	absent	
GRCh38:17:43074471:C:T	4800828	43074471	C	T	-0.0620356	0.1361		True	absent	
GRCh38:17:43082427:G:A	4800830	43082427	G	A	-0.418618	0.0741		True	absent	exon 12 (3')
GRCh38:17:43091500:T:A	4800831	43091500	T	A	0.0648899	0.1491		True	absent	exon 10 (3')
GRCh38:17:43091504:C:T	4800832	43091504	C	T	-0.131543	0.0913		True	absent	exon 10 (3')
GRCh38:17:43091618:C:A	4800833	43091618	C	A	0.09559	0.1123		True	absent	
GRCh38:17:43091987:G:C	4800834	43091987	G	C	-0.114463	0.0851		True	absent	
GRCh38:17:43092052:T:C	4800835	43092052	T	C	-0.0681864	0.0907		True	absent	
GRCh38:17:43092109:T:C	4800836	43092109	T	C	-0.298144	0.0683		True	absent	
GRCh38:17:43092127:T:A	4800837	43092127	T	A	-0.0514389	0.106		True	absent	
GRCh38:17:43092167:T:C	4800838	43092167	T	C	-0.38502	0.0653		True	absent	
GRCh38:17:43092178:T:C	4800839	43092178	T	C	-0.0109938	0.0935		True	absent	
GRCh38:17:43092247:T:C	4800840	43092247	T	C	-0.111814	0.0806		True	absent	
GRCh38:17:43092519:C:A	4800841	43092519	C	A	-0.093532	0.1438		True	absent	
GRCh38:17:43092628:G:A	4800842	43092628	G	A	-0.247123	0.0938		True	absent	
GRCh38:17:43092850:T:A	4800843	43092850	T	A	-0.0783229	0.1829		True	absent	
GRCh38:17:43092904:C:G	4800844	43092904	C	G	-0.180086	0.1085		True	absent	exon 10 (mid 2)
GRCh38:17:43092931:T:G	4800845	43092931	T	G	0.0849433	0.1309		True	absent	exon 10 (mid 2)
GRCh38:17:43092949:A:G	4800846	43092949	A	G	0.278458	0.7865		True	absent	exon 10 (mid 2)
GRCh38:17:43093000:C:A	4800847	43093000	C	A	-0.0957802	0.1019		True	absent	exon 10 (mid 2)
GRCh38:17:43093274:T:C	4800848	43093274	T	C	-0.250313	0.0677		True	absent	
GRCh38:17:43093328:G:T	4800849	43093328	G	T	-0.197921	0.0797		True	absent	
GRCh38:17:43093334:C:T	4800850	43093334	C	T	-0.099001	0.0889		True	absent	
GRCh38:17:43093368:A:C	4800851	43093368	A	C	-0.206151	0.5645		True	absent	
GRCh38:17:43093524:C:T	4800852	43093524	C	T	-0.311694	0.2315		True	absent	
GRCh38:17:43093790:T:C	4800853	43093790	T	C	-0.0743699	0.1024		True	absent	
GRCh38:17:43093806:T:G	4800854	43093806	T	G	0.167236	0.1638		True	absent	
GRCh38:17:43093850:A:C	4800855	43093850	A	C	-0.064504	0.0792		True	absent	
GRCh38:17:43093861:G:T	4800856	43093861	G	T	0.150847	0.1314		True	absent	
GRCh38:17:43093885:G:C	4800857	43093885	G	C	0.147005	0.1145		True	absent	
GRCh38:17:43093945:G:A	4800858	43093945	G	A	0.211462	0.1395		True	absent	
GRCh38:17:43094074:A:C	4800859	43094074	A	C	-0.0105775	0.0951		True	absent	
GRCh38:17:43094093:T:A	4800860	43094093	T	A	0.0820711	0.1398		True	absent	
GRCh38:17:43094102:C:A	4800861	43094102	C	A	0.0736283	0.1659		True	absent	
GRCh38:17:43094364:A:C	4800862	43094364	A	C	0.0377423	0.3058		True	absent	exon 10 (mid 1)
GRCh38:17:43094721:A:T	4800863	43094721	A	T	0.0476455	0.181		True	absent	
GRCh38:17:43094731:G:A	4800864	43094731	G	A	0.12261	0.1649		True	absent	
GRCh38:17:43094767:T:A	4800865	43094767	T	A	0.203756	0.1837		True	absent	exon 10 (5')
GRCh38:17:43094806:C:A	4800866	43094806	C	A	0.187247	0.1242		True	absent	exon 10 (5')
GRCh38:17:43097272:C:T	4800867	43097272	C	T	0.0946745	0.2019		True	absent	
GRCh38:17:43099868:G:C	4800868	43099868	G	C	0.166059	0.0839		True	absent	
GRCh38:17:43104130:G:C	4800869	43104130	G	C	-0.00567384	0.0825		True	absent	
GRCh38:17:43104166:G:C	4800870	43104166	G	C	0.510128	0.6596		True	absent	exon 6
GRCh38:17:43104196:A:C	4800871	43104196	A	C	0.125474	0.0853		True	absent	exon 6
GRCh38:17:43104205:C:G	4800872	43104205	C	G	0.157838	0.1797		True	absent	exon 6
GRCh38:17:43104921:A:G	4800873	43104921	A	G	0.165363	0.4334		True	absent	
GRCh38:17:43093991:G:C	4813427	43093991	G	C	0.319161	0.3613		True	absent	
GRCh38:17:43091840:A:C	4813435	43091840	A	C	0.129489	0.1996		True	absent	
GRCh38:17:43093318:A:C	4813451	43093318	A	C	-0.126816	0.1205		True	absent	
GRCh38:17:43091956:G:A	4822376	43091956	G	A	0.0682177	0.1104		True	absent	
GRCh38:17:43076594:T:G	4824189	43076594	T	G	-0.139391	0.3518		True	absent	
GRCh38:17:43094083:A:T	4824190	43094083	A	T	0.0978289	0.1387		True	absent	
GRCh38:17:43094359:T:C	4824191	43094359	T	C	0.00222761	0.0937		True	absent	exon 10 (mid 1)
GRCh38:17:43092825:T:A	4824192	43092825	T	A	-0.225156	0.1177		True	absent	
GRCh38:17:43091993:T:C	4824194	43091993	T	C	-0.137433	0.0744		True	absent	
GRCh38:17:43093011:A:T	4824195	43093011	A	T	-0.16648	0.2204		True	absent	exon 10 (mid 2)
GRCh38:17:43099835:T:C	4824196	43099835	T	C	0.366494	0.1665		True	absent	
GRCh38:17:43093339:T:C	4824198	43093339	T	C	-0.306832	0.0851		True	absent	
GRCh38:17:43091904:T:G	4824199	43091904	T	G	-0.0530095	0.1802		True	absent	
GRCh38:17:43093810:A:C	4824200	43093810	A	C	0.250052	0.1038		True	absent	
GRCh38:17:43091594:G:C	4826627	43091594	G	C	0.0252583	0.0671		True	absent	
GRCh38:17:43094179:G:A	4826628	43094179	G	A	-0.0604719	0.073		True	absent	
GRCh38:17:43093342:T:C	4826629	43093342	T	C	-0.238466	0.0775		True	absent	
GRCh38:17:43093916:T:C	4826632	43093916	T	C	-0.0986192	0.0973		True	absent	
GRCh38:17:43093637:T:G	4826634	43093637	T	G	-0.0159772	0.2925		True	absent	
GRCh38:17:43093681:G:C	4828096	43093681	G	C	-0.110227	0.0971		True	absent	
GRCh38:17:43094173:T:C	4828182	43094173	T	C	-0.053058	0.0956		True	absent	
GRCh38:17:43093903:C:T	4828251	43093903	C	T	0.0176922	0.0886		True	absent	
GRCh38:17:43091548:G:A	4828263	43091548	G	A	-0.0213107	0.1394		True	absent	
GRCh38:17:43092676:A:G	4828308	43092676	A	G	-0.191094	0.1102		True	absent	
GRCh38:17:43090969:G:A	4842648	43090969	G	A	0.0469925	0.1598		True	absent	exon 11
GRCh38:17:43074428:C:A	4842649	43074428	C	A	-0.00534141	0.1395		True	absent	
GRCh38:17:43092865:G:C	4842650	43092865	G	C	-0.0895946	0.0883		True	absent	
GRCh38:17:43091782:T:G	4842652	43091782	T	G	-0.18457	0.1124		True	absent	
GRCh38:17:43091576:C:G	4842654	43091576	C	G	-0.170716	0.149		True	absent	
GRCh38:17:43093226:T:C	4842657	43093226	T	C	-0.232861	0.0736		True	absent	
GRCh38:17:43093207:G:T	4842660	43093207	G	T	0.0634628	0.1336		True	absent	
GRCh38:17:43071092:C:A	4842661	43071092	C	A	-0.105376	0.1006		True	absent	
GRCh38:17:43094169:A:C	4842665	43094169	A	C	0.0253338	0.2676		True	absent	
GRCh38:17:43104202:C:T	4842666	43104202	C	T	0.274327	0.1193		True	absent	exon 6
GRCh38:17:43093189:T:A	4856542	43093189	T	A	-0.0617061	0.1874		True	absent	
GRCh38:17:43090952:T:G	4856567	43090952	T	G	0.135635	0.3604		True	absent	exon 11
GRCh38:17:43095867:T:C	4867685	43095867	T	C	0.114258	0.0873		True	absent	
GRCh38:17:43094398:C:T	4867690	43094398	C	T	0.104263	0.5494		True	absent	exon 10 (mid 1)
GRCh38:17:43082479:T:C	4867691	43082479	T	C	-0.312944	0.0734		True	absent	exon 12 (3')
GRCh38:17:43092914:A:G	4867693	43092914	A	G	0.0107994	0.0845		True	absent	exon 10 (mid 2)
GRCh38:17:43094639:T:C	4867699	43094639	T	C	-0.155829	0.0937		True	absent	
GRCh38:17:43091011:T:C	4867703	43091011	T	C	-0.0225374	0.1122		True	absent	exon 11
GRCh38:17:43082455:A:C	4867705	43082455	A	C	-0.322958	0.084		True	absent	exon 12 (3')
GRCh38:17:43082454:G:T	4867706	43082454	G	T	-0.135452	0.1104		True	absent	exon 12 (3')
GRCh38:17:43094039:G:C	4867708	43094039	G	C	0.0259101	0.0794		True	absent	
GRCh38:17:43095891:G:T	4867709	43095891	G	T	0.137884	0.0981		True	absent	
GRCh38:17:43094621:A:C	4867711	43094621	A	C	0.0757871	0.1221		True	absent	
GRCh38:17:43094846:A:G	4867715	43094846	A	G	0.25869	0.1047		True	absent	exon 10 (5')
GRCh38:17:43092910:T:C	4867721	43092910	T	C	-0.253018	0.0775		True	absent	exon 10 (mid 2)
GRCh38:17:43092048:T:G	4867724	43092048	T	G	-0.0397156	0.1211		True	absent	
GRCh38:17:43091527:A:C	4867725	43091527	A	C	0.0401478	0.1187		True	absent	
GRCh38:17:43091873:C:A	4867727	43091873	C	A	-0.000175919	0.1778		True	absent	
GRCh38:17:43092974:C:G	4867729	43092974	C	G	0.180639	0.6175		True	absent	exon 10 (mid 2)
GRCh38:17:43092216:A:C	4867731	43092216	A	C	-0.209487	0.1342		True	absent	
GRCh38:17:43094098:G:A	4867732	43094098	G	A	0.123637	0.1978		True	absent	
GRCh38:17:43093643:T:C	4867736	43093643	T	C	-0.0935854	0.1181		True	absent	
GRCh38:17:43093974:C:A	4867737	43093974	C	A	0.177433	0.7695		True	absent	
GRCh38:17:43092972:A:T	4867738	43092972	A	T	0.0419389	0.4992		True	absent	exon 10 (mid 2)
GRCh38:17:43104144:C:A	4867739	43104144	C	A	0.0421174	0.1056		True	absent	
GRCh38:17:43093699:A:C	4867741	43093699	A	C	0.138554	0.1408		True	absent	
GRCh38:17:43093711:T:C	4867743	43093711	T	C	-0.0901822	0.08		True	absent	
GRCh38:17:43092577:G:T	4867746	43092577	G	T	-0.0616291	0.1086		True	absent	
GRCh38:17:43074506:T:G	4867747	43074506	T	G	-0.148694	0.1938		True	absent	
GRCh38:17:43091008:C:G	4867749	43091008	C	G	0.0790578	0.1008		True	absent	exon 11
GRCh38:17:43091622:C:G	4867750	43091622	C	G	-0.184159	0.0956		True	absent	
GRCh38:17:43082551:G:T	4883311	43082551	G	T	-0.159824	0.2196		True	absent	exon 12 (5')
GRCh38:17:43092225:A:T	4883316	43092225	A	T	-0.208366	0.1834		True	absent	
